	0	1	2	3	4	5	6	7	8	9	10	11	12	13	14	15	16	17	18	19	20	21	22	23	24	25	26	27	28	29	30	31	32	33	34	35	36	37	38	39	40	41	42	43	44	45	46	47	48	49	50	51	52	53	54	55	56	57	58	59	60	61	62	63	64	65	66	67	68	69	70	71	72	73	74	75	76	77	78	79	80	81	82	83	84	85	86	87	88	89	90	91	92	93	94	95	96	97	98	99	100	101	102	103	104	105	106	107	108	109	110	111	112	113	114	115	116	117	118	119	120	121	122	123	124	125	126	127	128	129	130	131	132	133	134	135	136	137	138	139	140	141	142	143	144	145	146	147	148	149	150	151	152	153	154	155	156	157	158	159	160	161	162	163	164	165	166	167	168	169	170	171	172	173	174	175	176	177	178	179	180	181	182	183	184	185	186	187	188	189	190	191	192	193	194	195	196	197	198	199	200	201	202	203	204	205	206	207	208	209	210	211	212	213	214	215	216	217	218	219	220	221	222	223	224	225	226	227	228	229	230	231	232	233	234	235	236	237	238	239	240	241	242	243	244	245	246	247	248	249	250	251	252
fradhs-upn_2283W_CR_CA_1984-01-16_ITEI	presidential_office	unknown	presidential_office	other	other	presidential_office	other	presidential_office	college_etudiant	presidential_office	college_a	presidential_office	college_biatss	college_b	presidential_office	consulting_members	presidential_office	presidential_office	college_etudiant	presidential_office	consulting_members	consulting_members	consulting_members	consulting_members	consulting_members	consulting_members	presidential_office	college_a	consulting_members	presidential_office	consulting_members	presidential_office	conseil	consulting_members	conseil	conseil	presidential_office	other	consulting_members	ext_members	presidential_office	college_biatss	presidential_office	unknown																																																																																																																																																																																																																	
fradhs-upn_2283W_CR_CA_1984-02-06_ITEI	presidential_office	presidential_office	other	other	other	presidential_office	college_biatss	unknown	other	unknown	presidential_office	college_biatss	college_biatss	college_a	college_biatss	presidential_office	college_biatss	college_c	college_b	college_etudiant	college_etudiant	college_biatss	other	other	college_a	college_a	college_a	college_a	presidential_office	college_c	college_b	other	college_etudiant	college_biatss	college_b	college_biatss	presidential_office	other	college_etudiant	presidential_office	other	college_biatss	other	presidential_office	college_a	college_b	presidential_office	college_chercheur	presidential_office	college_a	presidential_office	other	presidential_office	college_b	presidential_office	college_etudiant	college_b	presidential_office	college_biatss	other	college_etudiant	unknown	presidential_office																																																																																																																																																																																														
fradhs-upn_2283W_CR_CA_1984-03-05_ITEI	presidential_office	presidential_office	other	presidential_office	presidential_office	college_etudiant	presidential_office	college_biatss	college_etudiant	college_a	presidential_office	college_b	college_biatss	college_b	college_b	college_biatss	presidential_office	consulting_members	college_b	presidential_office	college_biatss	consulting_members	presidential_office	presidential_office	consulting_members	college_biatss	presidential_office	college_b	presidential_office	college_biatss	consulting_members	college_etudiant	college_etudiant	consulting_members	college_b	consulting_members	unknown	consulting_members	college_a	consulting_members	unknown	unknown	unknown	presidential_office	presidential_office	unknown	consulting_members	presidential_office	unknown	unknown	college_etudiant	unknown	college_b	presidential_office	unknown																																																																																																																																																																																																						
fradhs-upn_2283W_CR_CA_1984-03-26_ITEI	presidential_office	college_b	presidential_office	college_etudiant	presidential_office	college_etudiant	presidential_office	presidential_office	college_a	unknown	presidential_office	college_a	presidential_office	presidential_office	college_b	presidential_office	other	consulting_members	presidential_office	college_biatss	college_etudiant	presidential_office	college_biatss	other	consulting_members	college_biatss	presidential_office	ext_members	consulting_members	college_a	presidential_office	other	other	college_b	presidential_office	consulting_members	college_biatss	presidential_office	consulting_members	conseil	other	consulting_members	presidential_office	consulting_members	presidential_office	consulting_members	presidential_office	college_biatss	presidential_office	consulting_members	presidential_office	consulting_members	college_etudiant	college_a	college_etudiant	presidential_office	unknown	consulting_members	presidential_office	consulting_members	college_etudiant	other	presidential_office	other	consulting_members	presidential_office	consulting_members	presidential_office	unknown	consulting_members	presidential_office	college_a	consulting_members	other	conseil	presidential_office	unknown	presidential_office	college_b	presidential_office	college_etudiant	other	presidential_office	unknown																																																																																																																																																																									
fradhs-upn_2283W_CR_CA_1984-05-04_ITEI	other	presidential_office	presidential_office	other	college_b	college_biatss	presidential_office	college_b	college_biatss	consulting_members	college_biatss	presidential_office	other	college_etudiant	college_etudiant	college_a	college_biatss	consulting_members	college_biatss	college_a	college_etudiant	presidential_office	college_etudiant	college_a	college_b	college_biatss	unknown	college_etudiant	college_etudiant	other	other	college_biatss	presidential_office	presidential_office	college_biatss	presidential_office	other	other	college_biatss	presidential_office	presidential_office	presidential_office	presidential_office	college_etudiant	other	college_b	other	college_biatss	presidential_office	college_etudiant	college_c	college_b	college_biatss	presidential_office	consulting_members	college_b	presidential_office	unknown	presidential_office																																																																																																																																																																																																		
fradhs-upn_2283W_CR_CA_1984-05-21_ITEI	presidential_office	presidential_office	college_etudiant	presidential_office	consulting_members	college_biatss	college_b	college_etudiant	presidential_office	college_etudiant	college_biatss	college_etudiant	college_b	consulting_members	presidential_office	presidential_office	conseil	presidential_office	college_etudiant	presidential_office	college_b	college_biatss	presidential_office	college_etudiant	college_biatss	college_b	college_etudiant	presidential_office	college_biatss	other	presidential_office	consulting_members	consulting_members	consulting_members	college_b	consulting_members	college_etudiant	consulting_members	college_etudiant	consulting_members	college_b	consulting_members	presidential_office	college_biatss	presidential_office	college_biatss	presidential_office	consulting_members	college_a	consulting_members	college_etudiant	consulting_members	unknown	presidential_office	conseil	consulting_members	conseil	presidential_office	college_etudiant	consulting_members	consulting_members	unknown	consulting_members	other	consulting_members	consulting_members	unknown	college_b	college_a	presidential_office	conseil	college_biatss	presidential_office	unknown																																																																																																																																																																																			
fradhs-upn_2283W_CR_CA_1984-06-04_ITEI	presidential_office	unknown	presidential_office	college_etudiant	college_etudiant	college_etudiant	presidential_office	unknown	consulting_members	presidential_office	unknown	presidential_office	consulting_members	college_a	presidential_office	college_c	presidential_office	college_a	college_c	college_etudiant	other	college_biatss	presidential_office	college_etudiant	college_biatss	college_a	other	presidential_office	college_biatss	consulting_members	ext_members	presidential_office	college_c	presidential_office	other	conseil	other	unknown	unknown	other	unknown	other	college_a	college_etudiant	college_biatss	other	college_biatss	other	other	presidential_office	other	presidential_office	unknown	college_b	other	college_etudiant	other	presidential_office	unknown	college_b	presidential_office	other	college_b	presidential_office	other	college_b	presidential_office	unknown																																																																																																																																																																																									
fradhs-upn_2283W_CR_CA_1984-06-18_ITEI	presidential_office	presidential_office	presidential_office	college_c	presidential_office	college_b	college_etudiant	other	other	other	college_biatss	other	college_etudiant	other	other	other	college_biatss	other	presidential_office	college_etudiant	other	college_etudiant	other	consulting_members	college_b	consulting_members	presidential_office	college_a	college_a	presidential_office	conseil	presidential_office	college_c	unknown	other	presidential_office	college_c	presidential_office	other	other	college_a	college_a	other	college_biatss	college_etudiant	college_biatss	college_b	college_b	college_etudiant	presidential_office	presidential_office	other	presidential_office	college_c	other	college_b	other	presidential_office	presidential_office	college_etudiant	college_a	unknown	presidential_office	college_etudiant	college_etudiant	presidential_office	other	college_etudiant	presidential_office	college_b	other	other	college_etudiant	presidential_office	unknown	conseil																																																																																																																																																																																	
fradhs-upn_2283W_CR_CA_1984-07-03_ITEI	presidential_office	presidential_office	conseil	presidential_office	conseil	presidential_office	conseil	other	consulting_members	other	consulting_members	consulting_members	consulting_members	presidential_office	college_biatss	college_c	other	college_b	college_c	college_b	consulting_members	college_b	other	presidential_office	college_biatss	consulting_members	presidential_office	college_etudiant	presidential_office	other	other	consulting_members	other	presidential_office	college_biatss	other	college_a	presidential_office	presidential_office	conseil	consulting_members	unknown	unknown	presidential_office																																																																																																																																																																																																																	
fradhs-upn_2283W_CR_CA_1984-10-08_ITEI	presidential_office	presidential_office	college_a	presidential_office	college_a	presidential_office	college_a	consulting_members	college_biatss	other	unknown	consulting_members	other	presidential_office	conseil	other	college_etudiant	consulting_members	college_etudiant	other	consulting_members	college_b	college_etudiant	other	consulting_members	other	consulting_members	other	consulting_members	other	other	college_etudiant	presidential_office	presidential_office	consulting_members	conseil	consulting_members	college_etudiant	presidential_office	consulting_members	college_a	college_b	consulting_members	presidential_office	college_b	presidential_office	college_c	presidential_office	college_b	presidential_office	conseil	presidential_office																																																																																																																																																																																																									
fradhs-upn_2283W_CR_CA_1984-11-19_ITEI	presidential_office	presidential_office	other	presidential_office	other	presidential_office	conseil	consulting_members	conseil	college_a	presidential_office	college_biatss	college_a	college_etudiant	consulting_members	college_a	presidential_office	conseil	unknown	unknown	other	other	presidential_office	college_b	college_etudiant	presidential_office	college_b	presidential_office	college_a	other	college_b	presidential_office	presidential_office	college_a	presidential_office	college_b	presidential_office	college_a	presidential_office	other	presidential_office	consulting_members	consulting_members	college_a	college_a	consulting_members	college_a	other	consulting_members	college_a	college_b	presidential_office	college_a	consulting_members	other	college_a	college_a	college_a	consulting_members	presidential_office	other	conseil	consulting_members	college_etudiant	consulting_members	college_a	college_etudiant	consulting_members	college_etudiant	college_a	consulting_members	presidential_office	consulting_members	college_etudiant	consulting_members	college_etudiant	college_biatss	presidential_office	consulting_members	college_etudiant	presidential_office	presidential_office	college_b	presidential_office	college_b	presidential_office	college_biatss	presidential_office	college_etudiant	presidential_office	ext_members	college_b	presidential_office	consulting_members	other	presidential_office	conseil	unknown																																																																																																																																																											
fradhs-upn_2283W_CR_CA_1984-12-17_ITEI	presidential_office	other	presidential_office	college_etudiant	presidential_office	presidential_office	other	college_a	presidential_office	other	consulting_members	presidential_office	other	college_b	college_etudiant	college_b	other	college_biatss	consulting_members	college_b	other	college_etudiant	other	college_a	college_b	college_b	presidential_office	presidential_office	unknown	college_etudiant	college_etudiant	presidential_office	college_b	college_b	college_biatss	college_etudiant	college_biatss	college_a	college_biatss	college_b	presidential_office	unknown	other	college_b	other	college_a	college_etudiant	college_a	other	presidential_office	conseil	conseil	conseil	conseil	unknown																																																																																																																																																																																																						
fradhs-upn_2283W_CR_CA_1985-01-07_ITEI	presidential_office	presidential_office	consulting_members	presidential_office	college_etudiant	presidential_office	conseil	unknown	college_etudiant	college_biatss	presidential_office	presidential_office	college_a	presidential_office	college_biatss	presidential_office	college_biatss	presidential_office	college_biatss	presidential_office	college_b	presidential_office	unknown	unknown	unknown	other	presidential_office	unknown	other	college_biatss	presidential_office	unknown	presidential_office	consulting_members	unknown	college_etudiant	college_biatss	presidential_office	consulting_members	presidential_office	college_biatss	presidential_office	presidential_office	conseil	unknown	unknown	presidential_office	unknown																																																																																																																																																																																																													
fradhs-upn_2283W_CR_CA_1985-01-14_ITEI	presidential_office	presidential_office	conseil	college_a	college_b	college_a	presidential_office	college_a	other	college_a	college_b	presidential_office	other	presidential_office	college_b	presidential_office	college_b	presidential_office	college_etudiant	other	presidential_office	presidential_office	college_a	consulting_members	college_a	presidential_office	college_a	presidential_office	college_b	presidential_office	college_biatss	college_biatss	college_a	other	college_chercheur	presidential_office	college_a	college_a	college_biatss	presidential_office	other	college_a	other	college_a	other	college_a	other	other	consulting_members	other	other	presidential_office	other	college_a	other	other	presidential_office	unknown	consulting_members	other	consulting_members	consulting_members	college_b	consulting_members	other	college_b	other	presidential_office	consulting_members	other	consulting_members	presidential_office	unknown	other	college_biatss	consulting_members	college_biatss	presidential_office	college_biatss	other	presidential_office																																																																																																																																																																												
fradhs-upn_2283W_CR_CA_1985-02-11_ITEI	presidential_office	presidential_office	consulting_members	conseil	presidential_office	college_b	other	presidential_office	college_b	presidential_office	college_b	presidential_office	presidential_office	college_b	other	other	other	college_b	other	other	other	college_etudiant	presidential_office	other	presidential_office	college_b	other	other	college_a	college_b	presidential_office	other	conseil	other	presidential_office	other	presidential_office	college_b	college_a	other	presidential_office	presidential_office	presidential_office	college_a	other	college_a	other	college_a	presidential_office	other	other	other	other	other	presidential_office	college_etudiant	conseil	other	presidential_office	presidential_office																																																																																																																																																																																																	
fradhs-upn_2283W_CR_CA_1985-03-04_ITEI	presidential_office	presidential_office	college_biatss	presidential_office	presidential_office	college_a	college_etudiant	college_etudiant	other	college_b	presidential_office	college_biatss	presidential_office	college_biatss	consulting_members	college_b	other	college_a	college_biatss	consulting_members	presidential_office	unknown	college_biatss	presidential_office	unknown	consulting_members	presidential_office	consulting_members	presidential_office	college_biatss	consulting_members	presidential_office	presidential_office	unknown	consulting_members	conseil	unknown																																																																																																																																																																																																																								
fradhs-upn_2283W_CR_CA_1985-03-18_ITEI	presidential_office	presidential_office	college_b	college_a	college_b	college_a	other	college_b	college_b	conseil	other	college_a	college_b	consulting_members	college_a	college_etudiant	presidential_office	consulting_members	presidential_office	other	presidential_office	college_b	presidential_office	college_a	college_a	other	presidential_office	unknown	consulting_members	college_b	consulting_members	college_b	presidential_office	conseil	presidential_office	other	college_b	other	college_b	college_b	presidential_office	other	presidential_office	unknown	presidential_office	presidential_office	other	presidential_office	other	other	presidential_office	other	college_etudiant	college_b	conseil	other	conseil	college_b	other	college_b																																																																																																																																																																																																	
fradhs-upn_2283W_CR_CA_1985-03-25_ITEI	college_a	college_a	college_etudiant	conseil	other	college_a	college_a	college_a	college_etudiant	college_a	college_etudiant	college_a	consulting_members	college_a	college_a	college_b	consulting_members	college_b	college_a	college_a	college_a	college_biatss	college_a	college_etudiant	consulting_members	consulting_members	college_b	consulting_members	other	college_a	other	college_etudiant	college_a	college_etudiant	college_a	college_a	unknown	unknown	unknown	unknown	unknown	college_biatss	college_chercheur	presidential_office	consulting_members	college_etudiant	college_b	college_b	consulting_members	college_biatss	college_a	presidential_office	college_a	unknown	presidential_office	other	presidential_office	conseil	presidential_office	consulting_members	presidential_office	college_biatss	college_b	presidential_office	college_biatss	college_a	college_b	presidential_office	college_etudiant	other	college_b	college_etudiant	college_b	presidential_office	unknown																																																																																																																																																																																		
fradhs-upn_2283W_CR_CA_1985-04-15_ITEI	presidential_office	unknown	college_b	presidential_office	other	presidential_office	college_a	other	consulting_members	consulting_members	college_etudiant	consulting_members	college_etudiant	consulting_members	other	college_biatss	other	college_b	presidential_office	unknown	presidential_office	college_b	consulting_members	college_etudiant	consulting_members	other	college_etudiant	other	consulting_members	college_etudiant	consulting_members	other	consulting_members	other	consulting_members	college_b	consulting_members	college_b	presidential_office	college_etudiant	other	consulting_members	college_etudiant	college_b	other	presidential_office	college_a	college_etudiant	consulting_members	college_b	other	other	college_b	college_b	presidential_office	other	college_b	other	college_b	unknown	other	college_biatss	other	presidential_office	other	college_etudiant	presidential_office	conseil	other	unknown																																																																																																																																																																																							
fradhs-upn_2283W_CR_CA_1985-05-13_ITEI	presidential_office	presidential_office	other	other	college_a	unknown	college_etudiant	presidential_office	other	college_a	other	consulting_members	presidential_office	consulting_members	presidential_office	college_biatss	unknown	college_b	presidential_office	consulting_members	consulting_members	college_b	consulting_members	college_a	consulting_members	college_b	consulting_members	college_etudiant	presidential_office	college_a	college_b	consulting_members	college_a	college_etudiant	college_b	consulting_members	college_b	college_a	college_biatss	presidential_office	unknown	college_b	presidential_office	college_a	presidential_office	college_b	presidential_office	consulting_members	college_etudiant	consulting_members	college_b	conseil	unknown	college_biatss	other	presidential_office	college_b	other	consulting_members	other	college_biatss	college_b	college_biatss	college_etudiant	consulting_members	presidential_office	college_b	presidential_office																																																																																																																																																																																									
fradhs-upn_2283W_CR_CA_1985-06-13_ITEI	college_b	other	college_b	college_etudiant	college_b	college_b	college_b	other	college_b	other	college_b	other	college_b	college_etudiant	other	college_a	college_etudiant	college_b	college_etudiant	other	college_a	college_b	college_etudiant	college_etudiant	college_b	other	college_etudiant	other	college_b	college_b	college_b	college_b	college_etudiant	college_b	unknown	unknown																																																																																																																																																																																																																									
fradhs-upn_2283W_CR_CA_1985-06-17_ITEI	presidential_office	presidential_office	consulting_members	college_b	presidential_office	presidential_office	conseil	presidential_office	unknown	unknown	college_a	presidential_office	college_b	presidential_office	college_b	college_a	college_b	presidential_office	college_etudiant	conseil	unknown																																																																																																																																																																																																																																								
fradhs-upn_2283W_CR_CA_1985-07-01_ITEI	presidential_office	presidential_office	unknown	other	other	consulting_members	presidential_office	college_b	unknown	other	college_a	consulting_members	other	college_biatss	presidential_office	presidential_office	college_etudiant	college_chercheur	consulting_members	college_biatss	presidential_office	college_b	presidential_office	college_b	presidential_office	unknown	other	presidential_office	college_biatss	presidential_office	conseil	conseil	college_biatss	presidential_office	unknown	unknown	unknown	unknown	unknown	unknown	college_b	college_biatss	college_etudiant	presidential_office	unknown	presidential_office																																																																																																																																																																																																															
fradhs-upn_2283W_CR_CA_1985-11-04_ITEI	presidential_office	presidential_office	college_etudiant	presidential_office	college_etudiant	consulting_members	other	presidential_office	presidential_office	college_biatss	college_b	presidential_office	presidential_office	college_b	college_b	presidential_office	college_etudiant	presidential_office	consulting_members	presidential_office	other	presidential_office	conseil	conseil	unknown	unknown	unknown	unknown	unknown	unknown	unknown																																																																																																																																																																																																																														
fradhs-upn_2283W_CR_CA_1985-11-18_ITEI	college_a	college_a	college_a	other	college_b	consulting_members	college_a	consulting_members	college_a	college_a	other	college_a	unknown	unknown	other	other	college_b	college_a	other	college_b	college_a	conseil	other	other	conseil	other	conseil	college_a	college_etudiant	unknown																																																																																																																																																																																																																															
fradhs-upn_2283W_CR_CA_1985-12-12_ITEI	presidential_office	presidential_office	college_a	consulting_members	other	other	presidential_office	consulting_members	other	conseil	college_b	college_biatss	college_b	unknown	college_biatss	consulting_members	college_biatss	other	other	presidential_office	consulting_members	conseil	college_b	presidential_office	college_a	other	college_etudiant	unknown	unknown																																																																																																																																																																																																																																
fradhs-upn_2283W_CR_CA_1986-01-13_ITEI	presidential_office	presidential_office	presidential_office	college_a	presidential_office	other	college_a	presidential_office	presidential_office	college_b	presidential_office	conseil	presidential_office	presidential_office	presidential_office	other	other	presidential_office	other	unknown	other	college_etudiant	college_b	presidential_office	college_a	presidential_office	other	presidential_office	college_b	college_a	other	presidential_office	other	other	presidential_office	consulting_members	college_etudiant	presidential_office	presidential_office	presidential_office	unknown																																																																																																																																																																																																																				
fradhs-upn_2283W_CR_CA_1986-02-03_ITEI	presidential_office	presidential_office	consulting_members	conseil	consulting_members	conseil	presidential_office	other	presidential_office	consulting_members	consulting_members	conseil	consulting_members	consulting_members	college_a	consulting_members	consulting_members	presidential_office	unknown	college_a	unknown	consulting_members	presidential_office	presidential_office	consulting_members	presidential_office	college_a	college_b	other	college_b	college_a	conseil	other	unknown	presidential_office	other	unknown	consulting_members	unknown	consulting_members	conseil	conseil	unknown	other	consulting_members	presidential_office	college_etudiant	college_etudiant	presidential_office	unknown																																																																																																																																																																																																											
fradhs-upn_2283W_CR_CA_1986-02-24_ITEI	presidential_office	presidential_office	presidential_office	presidential_office	presidential_office	college_a	college_a	college_a	presidential_office	presidential_office	college_biatss	college_b	presidential_office	college_etudiant	presidential_office	unknown	presidential_office	college_a	presidential_office	presidential_office	college_etudiant	college_a	college_etudiant	presidential_office	unknown	college_a	other	college_etudiant	unknown	college_a	other	consulting_members	unknown	unknown	college_a	college_biatss	college_a	other	other	presidential_office	college_biatss	unknown	college_biatss	unknown	unknown																																																																																																																																																																																																																
fradhs-upn_2283W_CR_CA_1986-03-10_ITEI	presidential_office	other	presidential_office	college_biatss	college_biatss	college_etudiant	other	other	college_etudiant	college_etudiant	college_etudiant	college_a	college_a	college_a	college_biatss	college_etudiant	college_etudiant	college_etudiant	college_a	presidential_office	college_a	college_a	college_b	presidential_office	other	presidential_office	unknown	consulting_members	college_b	unknown	presidential_office	college_biatss	presidential_office	college_biatss	presidential_office	consulting_members	college_biatss	consulting_members	college_b	college_a	consulting_members	consulting_members	unknown	college_biatss	other	unknown	unknown																																																																																																																																																																																																														
fradhs-upn_2283W_CR_CA_1986-03-24_ITEI	presidential_office	presidential_office	conseil	presidential_office	conseil	unknown	college_a	conseil	presidential_office	conseil	presidential_office	unknown	presidential_office	consulting_members	consulting_members	consulting_members	college_biatss	presidential_office	unknown	college_a	presidential_office	college_b	college_etudiant	college_etudiant	college_etudiant	presidential_office	college_etudiant	presidential_office	college_b	presidential_office	college_a	college_b	college_a	college_etudiant	presidential_office	consulting_members	presidential_office	college_a	presidential_office	college_b	unknown	college_a	college_a	presidential_office	college_b	presidential_office	college_etudiant	conseil	college_b	college_b	presidential_office	college_b	consulting_members	presidential_office	college_a	conseil	presidential_office	consulting_members	presidential_office	college_biatss	consulting_members	presidential_office	ext_members	presidential_office	college_a	consulting_members	consulting_members	presidential_office	college_a	presidential_office	consulting_members	college_biatss	presidential_office	college_b	unknown																																																																																																																																																																																		
fradhs-upn_2283W_CR_CA_1986-04-07_ITEI	presidential_office	presidential_office	college_a	college_a	college_a	presidential_office	consulting_members	ext_members	presidential_office	presidential_office	college_biatss	college_b	presidential_office	college_b	unknown	presidential_office	consulting_members	college_a	consulting_members	presidential_office	unknown																																																																																																																																																																																																																																								
fradhs-upn_2283W_CR_CA_1986-04-21_ITEI	presidential_office	presidential_office	college_a	other	other	other	unknown	college_a	presidential_office	presidential_office	other	college_etudiant	college_etudiant	other	other	college_etudiant	college_etudiant	college_b	college_b	ext_members	presidential_office	presidential_office																																																																																																																																																																																																																																							
fradhs-upn_2283W_CR_CA_1986-04-28_ITEI	presidential_office	presidential_office	consulting_members	presidential_office	other	presidential_office	other	college_b	other	presidential_office	ext_members	other	unknown	other	other	college_a	other	college_b	presidential_office	college_a	presidential_office	other	presidential_office	other	college_b	unknown	unknown	other	college_b	college_a	other	ext_members	other	unknown	other	college_biatss	presidential_office																																																																																																																																																																																																																								
fradhs-upn_2283W_CR_CA_1986-05-16_ITEI	presidential_office	presidential_office	presidential_office	presidential_office	college_b	college_etudiant	college_a	college_biatss	consulting_members	presidential_office	consulting_members	college_b	presidential_office	college_b	other	consulting_members	presidential_office	other	presidential_office	other	college_b	unknown																																																																																																																																																																																																																																							
fradhs-upn_2283W_CR_CA_1986-06-16_ITEI	presidential_office	college_etudiant	presidential_office	college_a	unknown	unknown	presidential_office	presidential_office	college_etudiant	presidential_office	unknown	consulting_members	consulting_members	unknown	consulting_members	unknown	consulting_members	other	consulting_members	other	unknown	unknown	conseil	presidential_office	presidential_office	college_b	college_biatss	conseil	presidential_office	unknown	unknown	unknown																																																																																																																																																																																																																													
fradhs-upn_2283W_CR_CA_1986-06-30_ITEI	presidential_office	other	college_b	college_b	college_b	presidential_office	college_a	college_etudiant	other	college_biatss	other	other	other	college_a	other	ext_members	other	presidential_office	unknown	presidential_office	other	other	presidential_office	unknown	college_b	college_a	presidential_office	unknown	unknown	unknown	conseil	conseil	unknown	conseil	unknown	presidential_office																																																																																																																																																																																																																									
fradhs-upn_2283W_CR_CA_1986-09-29_ITEI	presidential_office	presidential_office	presidential_office	presidential_office	college_etudiant	college_a	unknown	other	consulting_members	other	consulting_members	college_b	consulting_members	presidential_office	conseil																																																																																																																																																																																																																																														
fradhs-upn_2283W_CR_CA_1986-12-01_ITEI	presidential_office	presidential_office	presidential_office	other	presidential_office	other	presidential_office	college_b	college_etudiant	college_b	ext_members	college_a	college_biatss	college_etudiant	presidential_office	other	presidential_office	college_b	presidential_office	college_etudiant	conseil	other	conseil	college_b	conseil	presidential_office	college_b	unknown	unknown																																																																																																																																																																																																																																
fradhs-upn_2283W_CR_CA_1986-12-15_ITEI	other	presidential_office	other	presidential_office	college_b	college_etudiant	college_biatss	consulting_members	other	college_b	ext_members	college_a	ext_members	presidential_office	consulting_members	other	conseil	presidential_office	college_etudiant	college_biatss	consulting_members	presidential_office	unknown																																																																																																																																																																																																																																						
fradhs-upn_2283W_CR_CA_1986-12-19_ITEI	presidential_office	presidential_office	presidential_office	unknown	college_a	college_etudiant	college_b	other	consulting_members	college_b	college_etudiant	college_b	other	presidential_office	college_etudiant	college_b	college_etudiant	consulting_members	college_etudiant	other	college_biatss	presidential_office	presidential_office	conseil	unknown	conseil	other	unknown																																																																																																																																																																																																																																	
fradhs-upn_2283W_CR_CA_1987-01-12_ITEI	presidential_office	presidential_office	college_a	ext_members	college_a	presidential_office	presidential_office	college_b	college_a	unknown	other	unknown	presidential_office	conseil	consulting_members	consulting_members	presidential_office																																																																																																																																																																																																																																												
fradhs-upn_2283W_CR_CA_1987-02-09_ITEI	presidential_office	presidential_office	presidential_office	college_b	presidential_office	presidential_office	unknown	presidential_office	consulting_members	college_etudiant	college_b	college_etudiant	other	presidential_office	unknown	presidential_office	unknown	presidential_office	unknown	presidential_office	presidential_office	conseil	consulting_members	consulting_members	college_etudiant	college_b	college_etudiant	presidential_office	college_a	presidential_office	college_a																																																																																																																																																																																																																														
fradhs-upn_2283W_CR_CA_1987-03-16_ITEI	presidential_office	conseil	presidential_office	other	presidential_office	presidential_office	presidential_office	college_a	unknown	college_etudiant	college_b	college_biatss	college_etudiant	other	college_a	presidential_office	unknown	other	unknown	other	other																																																																																																																																																																																																																																								
fradhs-upn_2283W_CR_CA_1987-03-23_ITEI	presidential_office	presidential_office	presidential_office	presidential_office	other	college_b	presidential_office	college_biatss	college_etudiant	college_a	presidential_office	unknown	college_b	college_b	consulting_members	college_b	presidential_office	consulting_members	consulting_members	presidential_office	college_b	college_b	college_b	college_b	college_b	college_b	college_b	presidential_office																																																																																																																																																																																																																																	
fradhs-upn_2283W_CR_CA_1987-06-01_ITEI	presidential_office	college_etudiant	presidential_office	presidential_office	presidential_office	presidential_office	presidential_office	consulting_members	college_b	presidential_office	presidential_office	presidential_office	consulting_members	consulting_members	presidential_office	college_b	college_etudiant	presidential_office	consulting_members	presidential_office	college_b	consulting_members	other	conseil	consulting_members	college_b																																																																																																																																																																																																																																			
fradhs-upn_2283W_CR_CA_1987-06-29_ITEI	unknown	unknown	unknown	conseil	conseil	presidential_office	other	other	unknown																																																																																																																																																																																																																																																				
fradhs-upn_2283W_CR_CA_1987-10-05_ITEI	other	unknown	presidential_office	college_biatss	presidential_office	presidential_office	consulting_members	presidential_office	presidential_office	consulting_members	conseil	unknown																																																																																																																																																																																																																																																	
fradhs-upn_2283W_CR_CA_1987-11-09_ITEI	presidential_office	presidential_office	presidential_office	college_a	unknown	presidential_office	college_b	college_a	consulting_members	presidential_office	presidential_office	ext_members	presidential_office	other	consulting_members	unknown	college_a	presidential_office	college_a	conseil	conseil	conseil	consulting_members	conseil	consulting_members	unknown	consulting_members	conseil	presidential_office	unknown	presidential_office	unknown	unknown	unknown																																																																																																																																																																																																																											
fradhs-upn_2283W_CR_CA_1987-12-14_ITEI	presidential_office	presidential_office	presidential_office	college_etudiant	other	presidential_office	college_etudiant	consulting_members	college_b	college_etudiant	presidential_office	presidential_office	presidential_office	college_a	unknown	college_etudiant	unknown	presidential_office	consulting_members	college_b	college_a	ext_members	other	other	ext_members	consulting_members	other	presidential_office	unknown	college_b	presidential_office	consulting_members	consulting_members	consulting_members	college_b	college_etudiant	presidential_office	unknown	presidential_office	unknown	college_a	unknown	presidential_office	presidential_office	college_a	conseil	other	unknown	college_etudiant	presidential_office	college_b	unknown																																																																																																																																																																																																									
fradhs-upn_2283W_CR_CA_1988-01-25_ITEI	presidential_office	presidential_office	other	presidential_office	other	presidential_office	college_etudiant	presidential_office	other	presidential_office	college_a	presidential_office	other	presidential_office	ext_members	college_a	ext_members	college_a	other	other	presidential_office	other	presidential_office	college_biatss	college_b	college_etudiant	presidential_office	other	presidential_office	consulting_members	college_b	consulting_members	other	college_a	unknown																																																																																																																																																																																																																										
fradhs-upn_2283W_CR_CA_1988-02-15_ITEI	presidential_office	presidential_office	college_b	presidential_office	other	presidential_office	unknown	presidential_office	presidential_office	college_a	college_etudiant	college_biatss	college_a	college_b	consulting_members	other	ext_members	presidential_office	college_etudiant	presidential_office	college_b	college_b	conseil																																																																																																																																																																																																																																						
fradhs-upn_2283W_CR_CA_1988-03-07_ITEI	presidential_office	consulting_members	conseil	college_biatss	college_etudiant	other	college_etudiant	presidential_office	college_etudiant	presidential_office	college_etudiant	consulting_members	presidential_office	college_a	presidential_office	conseil	presidential_office	conseil	college_etudiant	college_a	college_etudiant	college_a	unknown	other	unknown	unknown	college_etudiant	other	other	college_a	presidential_office	unknown	conseil	unknown	unknown	presidential_office	other																																																																																																																																																																																																																								
fradhs-upn_2283W_CR_CA_1988-03-21_ITEI	unknown	conseil	presidential_office	college_etudiant	presidential_office	college_etudiant	presidential_office	college_a	college_etudiant	college_a	college_b	college_etudiant	college_a	college_a	college_b	college_a	college_biatss	unknown	college_biatss	presidential_office	unknown	consulting_members	college_a	conseil	college_b	presidential_office	presidential_office	college_biatss	unknown	consulting_members	unknown	college_a	unknown	other	unknown	unknown	college_a	unknown	unknown	unknown	unknown	unknown	presidential_office	presidential_office	college_b	college_etudiant	ext_members	presidential_office	unknown	consulting_members	college_b	consulting_members	presidential_office	conseil	unknown																																																																																																																																																																																																						
fradhs-upn_2283W_CR_CA_1988-04-18_ITEI	presidential_office	presidential_office	presidential_office	presidential_office	college_biatss	presidential_office	other	presidential_office	college_b	college_a	presidential_office	college_b	other	other	presidential_office	presidential_office	consulting_members	college_b	college_a	consulting_members	college_biatss	college_b	college_b	presidential_office	presidential_office	college_a	presidential_office	college_b	college_b	conseil	unknown	presidential_office	unknown	college_etudiant	unknown																																																																																																																																																																																																																										
fradhs-upn_2283W_CR_CA_1988-06-13_ITEI	presidential_office	presidential_office	college_a	unknown	conseil	presidential_office	other	college_etudiant	conseil	consulting_members	college_etudiant	consulting_members	unknown	college_b	college_biatss	presidential_office	unknown	college_a	other	college_b	college_a	unknown	consulting_members	unknown	college_etudiant	college_biatss	presidential_office	college_etudiant	college_etudiant	unknown																																																																																																																																																																																																																															
fradhs-upn_2283W_CR_CA_1988-07-01_ITEI	other	other	presidential_office	unknown	unknown	unknown	unknown	other	college_etudiant	unknown																																																																																																																																																																																																																																																			
fradhs-upn_2283W_CR_CA_1988-09-26_ITEI	presidential_office	presidential_office	college_a	college_etudiant	unknown	presidential_office	college_a	presidential_office	unknown	presidential_office	college_biatss	presidential_office	other	unknown	presidential_office	consulting_members	presidential_office	college_b	college_a	ext_members	unknown	consulting_members	other	college_etudiant	presidential_office	unknown																																																																																																																																																																																																																																			
fradhs-upn_2283W_CR_CA_1988-10-24_ITEI	presidential_office	presidential_office	presidential_office	presidential_office	presidential_office	college_a	consulting_members	unknown	college_a	presidential_office	college_a	consulting_members	consulting_members	consulting_members	college_a	college_b	presidential_office	unknown	consulting_members	unknown	consulting_members	unknown	other	consulting_members	unknown	unknown	unknown	presidential_office	unknown	unknown	presidential_office	college_a	presidential_office	other	other	college_etudiant	unknown	consulting_members	consulting_members	presidential_office	college_b	college_etudiant	presidential_office	college_b	presidential_office	consulting_members	college_etudiant	presidential_office	unknown	college_etudiant	presidential_office	college_etudiant	college_b	consulting_members	consulting_members	presidential_office	college_etudiant	presidential_office	unknown																																																																																																																																																																																																		
fradhs-upn_2283W_CR_CA_1988-11-21_ITEI	presidential_office	presidential_office	college_b	presidential_office	college_a	presidential_office	presidential_office	consulting_members	college_a	presidential_office	unknown	presidential_office	college_a	presidential_office	consulting_members	presidential_office	college_etudiant	college_etudiant	presidential_office	consulting_members	other	consulting_members	college_a	presidential_office	college_a	consulting_members	college_b	consulting_members	college_b	college_biatss	college_etudiant	college_b	presidential_office	presidential_office	college_b	unknown	other	presidential_office	consulting_members	college_etudiant	other	college_b	college_b	presidential_office	unknown	presidential_office	college_b	presidential_office	college_biatss	presidential_office	other	presidential_office	other	college_a	presidential_office	college_b	other	consulting_members	presidential_office	consulting_members	presidential_office	presidential_office	college_b	presidential_office	college_etudiant	presidential_office	college_etudiant	presidential_office	consulting_members	college_biatss	college_biatss	college_b	college_biatss	consulting_members	presidential_office	unknown																																																																																																																																																																																	
fradhs-upn_2283W_CR_CA_1988-12-12_ITEI	presidential_office	presidential_office	presidential_office	consulting_members	consulting_members	college_a	ext_members	presidential_office	college_a	consulting_members	college_a	college_a	presidential_office	consulting_members	other	unknown	other	consulting_members	consulting_members	consulting_members	presidential_office	consulting_members	other	presidential_office	presidential_office	consulting_members	other	other	unknown	presidential_office	consulting_members	other	presidential_office	ext_members	presidential_office	other	unknown																																																																																																																																																																																																																								
fradhs-upn_3073W81_CR_CA-2002-09-23_TEI	presidential_office	presidential_office	college_etudiant	presidential_office	unknown	unknown	presidential_office	consulting_members	presidential_office	consulting_members	presidential_office	consulting_members	college_a	consulting_members	college_etudiant	consulting_members	consulting_members	college_biatss	college_b	presidential_office	college_etudiant	consulting_members	consulting_members	college_a	unknown	consulting_members	unknown	consulting_members	unknown	presidential_office	presidential_office	consulting_members	college_etudiant	presidential_office	college_a	presidential_office	unknown	presidential_office	consulting_members	presidential_office	consulting_members	college_biatss	college_biatss	presidential_office	consulting_members	consulting_members	college_biatss	college_biatss	college_biatss	presidential_office	consulting_members	presidential_office	college_biatss	presidential_office	unknown	consulting_members	consulting_members	presidential_office	consulting_members	unknown	presidential_office	college_etudiant	presidential_office	college_etudiant	college_etudiant	college_etudiant	presidential_office	college_a	unknown	college_a	unknown	consulting_members	unknown	presidential_office	college_b	presidential_office	unknown	presidential_office	unknown	unknown	presidential_office	consulting_members	college_etudiant	presidential_office	unknown	presidential_office	presidential_office	college_b	presidential_office	college_biatss	college_b	unknown	presidential_office	consulting_members	college_etudiant	presidential_office	consulting_members	unknown																																																																																																																																																											
fradhs-upn_3073W81_CR_CA_2002-04-29_TEI	presidential_office	presidential_office	presidential_office	college_etudiant	unknown	unknown	presidential_office	college_a	presidential_office	consulting_members	college_etudiant	consulting_members	presidential_office	consulting_members	presidential_office	presidential_office	consulting_members	college_a	consulting_members	college_a	consulting_members	presidential_office	college_biatss	consulting_members	presidential_office	college_a	college_biatss	college_biatss	unknown	consulting_members	unknown	consulting_members	unknown	consulting_members	unknown	consulting_members	unknown	consulting_members	unknown	consulting_members	unknown	unknown	unknown	consulting_members	unknown	presidential_office	consulting_members	presidential_office	unknown	presidential_office	presidential_office	college_biatss	presidential_office	college_biatss	presidential_office	college_a	presidential_office	college_biatss	presidential_office	unknown	consulting_members	consulting_members	unknown	unknown																																																																																																																																																																																													
fradhs-upn_3073W81_CR_CA_2002-06-24_A_TEI	presidential_office	unknown	unknown	presidential_office	presidential_office	presidential_office	unknown	college_a	college_b	presidential_office	college_a	presidential_office	college_a	presidential_office	college_biatss	ext_members	college_a	college_etudiant	presidential_office	college_a	unknown	college_a	unknown	college_a	presidential_office	college_b	college_a	presidential_office	unknown	presidential_office	presidential_office	college_a	consulting_members	presidential_office	consulting_members	unknown	presidential_office	ext_members	presidential_office	presidential_office	college_b	unknown	presidential_office	presidential_office	unknown	unknown																																																																																																																																																																																																															
fradhs-upn_3073W81_CR_CA_2002-06-24_B_TEI	unknown	presidential_office	college_a	college_biatss	college_biatss	college_a	college_b	presidential_office	college_biatss	presidential_office	college_biatss	unknown	unknown	unknown	college_a	consulting_members	college_biatss	college_a	presidential_office	college_biatss	college_a	presidential_office	consulting_members	college_a	consulting_members	college_biatss	presidential_office	presidential_office	consulting_members	presidential_office	consulting_members	presidential_office	consulting_members	college_a	presidential_office	consulting_members	unknown	presidential_office	unknown	consulting_members	presidential_office	college_a	presidential_office	unknown	consulting_members	college_a	college_a	consulting_members	presidential_office	unknown	presidential_office	consulting_members	college_b	consulting_members	presidential_office	unknown	consulting_members	unknown	presidential_office	consulting_members	college_etudiant	consulting_members	college_biatss	presidential_office	college_etudiant	college_b	presidential_office	college_biatss	presidential_office	college_b	presidential_office	consulting_members	unknown	consulting_members	college_etudiant	unknown	consulting_members	unknown	consulting_members	college_a	consulting_members	unknown	consulting_members	college_etudiant	consulting_members	college_a	presidential_office	presidential_office	consulting_members	college_a	college_a	consulting_members	unknown	consulting_members	college_etudiant	college_b	unknown	consulting_members	unknown	consulting_members	college_a	consulting_members	presidential_office	consulting_members	consulting_members	college_b	consulting_members	college_etudiant	college_b	college_etudiant	unknown	presidential_office	college_b	presidential_office	college_b	presidential_office	presidential_office	unknown	unknown																																																																																																																																						
fradhs-upn_3073W81_CR_CA_2002-11-07_A_TEI	presidential_office	presidential_office	college_etudiant	presidential_office	college_etudiant	presidential_office	college_etudiant	presidential_office	unknown	unknown	presidential_office	consulting_members	college_a	presidential_office	college_a	college_etudiant	college_a	college_etudiant	college_etudiant	college_a	presidential_office	consulting_members	college_etudiant	college_a	presidential_office	college_etudiant	consulting_members	presidential_office	unknown	presidential_office	presidential_office	unknown	unknown	presidential_office	college_a	unknown	unknown	consulting_members	unknown	college_etudiant	consulting_members	unknown	unknown	consulting_members	unknown	consulting_members	unknown	consulting_members	unknown	presidential_office	unknown	presidential_office	consulting_members	unknown	presidential_office	presidential_office	presidential_office	college_etudiant	presidential_office	consulting_members	unknown	presidential_office	unknown	unknown																																																																																																																																																																																													
fradhs-upn_3073W81_CR_CA_2002-11-07_B_TEI	unknown	college_etudiant	presidential_office	college_etudiant	presidential_office	presidential_office	college_b	presidential_office	college_a	presidential_office	unknown	consulting_members	college_etudiant	unknown	consulting_members	college_a	consulting_members	unknown	presidential_office	presidential_office	college_a	college_biatss	presidential_office	college_b	presidential_office	college_biatss	consulting_members	college_etudiant	college_a	college_etudiant	college_b	college_a	ext_members	ext_members	college_a	college_etudiant	college_a	college_a	college_etudiant	unknown	presidential_office	consulting_members	consulting_members	presidential_office	college_biatss	college_a	presidential_office	college_etudiant	college_biatss	consulting_members	college_etudiant	presidential_office	consulting_members	college_biatss	presidential_office	unknown	consulting_members	college_a	unknown	presidential_office	consulting_members	college_biatss	presidential_office	college_a	consulting_members	unknown	presidential_office	unknown	college_etudiant	college_etudiant	presidential_office	college_etudiant	presidential_office	college_etudiant	college_etudiant	college_etudiant	presidential_office	consulting_members	college_etudiant	college_etudiant	presidential_office	college_etudiant	presidential_office	unknown																																																																																																																																																																									
fradhs-upn_3073W81_CR_CA_2002-12-20_TEI	presidential_office	presidential_office	presidential_office	consulting_members	presidential_office	college_a	college_etudiant	presidential_office	college_etudiant	presidential_office	consulting_members	college_a	consulting_members	unknown	presidential_office	consulting_members	unknown	presidential_office	presidential_office	unknown	consulting_members	presidential_office	unknown	unknown																																																																																																																																																																																																																																					
fradhs-upn_3073W81_PV_CA_2001-01-22_TEI	presidential_office	presidential_office	college_biatss	consulting_members	unknown	unknown	presidential_office	presidential_office	unknown	college_b	college_b	unknown	presidential_office	college_a	college_a	college_a	college_a	college_etudiant	college_etudiant	presidential_office	college_b	college_a	presidential_office	college_etudiant	college_b	college_b	college_biatss	presidential_office	college_a	college_b	college_etudiant	presidential_office	college_b	presidential_office	consulting_members	college_a	presidential_office	college_b	college_b	college_etudiant	presidential_office	unknown	unknown	unknown	consulting_members	presidential_office	college_biatss	college_a	unknown	consulting_members	college_a	presidential_office	college_b	presidential_office	college_a	presidential_office	consulting_members	college_a	unknown	consulting_members	college_b	consulting_members	presidential_office	unknown	college_a	unknown	presidential_office	college_biatss	college_a	college_biatss	college_a	college_b	college_a	presidential_office	college_b	presidential_office	consulting_members	presidential_office	college_etudiant	presidential_office	consulting_members	unknown	consulting_members	college_etudiant	college_b	consulting_members	unknown	consulting_members	unknown	consulting_members	consulting_members	college_etudiant	consulting_members	college_b	presidential_office	college_b	presidential_office	college_b	college_etudiant	presidential_office	unknown	unknown	college_a	consulting_members	presidential_office	unknown	consulting_members	unknown	consulting_members	presidential_office	presidential_office	college_biatss	consulting_members	college_a	presidential_office	ext_members	college_etudiant	presidential_office	unknown	presidential_office	college_biatss	presidential_office	consulting_members	college_etudiant	presidential_office	college_b	presidential_office	college_b	presidential_office	college_biatss	consulting_members	college_biatss	presidential_office	college_biatss	presidential_office	unknown	consulting_members	presidential_office	consulting_members	college_b	presidential_office	college_b	unknown	college_b	consulting_members	college_b	consulting_members	presidential_office	unknown	consulting_members	presidential_office	college_biatss	college_b	consulting_members	unknown	presidential_office	consulting_members	presidential_office	unknown																																																																																														
fradhs-upn_3073W81_PV_CA_2001-02_26_TEI	presidential_office	presidential_office	college_etudiant	college_etudiant	unknown	presidential_office	presidential_office	presidential_office	consulting_members	presidential_office	consulting_members	presidential_office	college_b	presidential_office	consulting_members	consulting_members	college_etudiant	consulting_members	presidential_office	college_etudiant	consulting_members	consulting_members	consulting_members	presidential_office	college_a	consulting_members	consulting_members	presidential_office	presidential_office	consulting_members	unknown	college_biatss	consulting_members	college_biatss	consulting_members	college_etudiant	consulting_members	college_b	consulting_members	unknown	consulting_members	college_biatss	college_a	college_b	unknown	consulting_members	college_etudiant	presidential_office	consulting_members	college_b	presidential_office	college_b	presidential_office	college_b	presidential_office	college_a	consulting_members	unknown	college_b	college_etudiant	college_etudiant	college_etudiant	college_etudiant	college_etudiant	college_b	college_biatss	college_b	consulting_members	college_etudiant	college_b	presidential_office	college_etudiant	college_etudiant	presidential_office	college_etudiant	college_biatss	college_etudiant	college_b	consulting_members	presidential_office	college_biatss	presidential_office	unknown	college_b	presidential_office	college_b	presidential_office	unknown	college_a	presidential_office	unknown	college_a	consulting_members	unknown	presidential_office	presidential_office	college_etudiant	unknown	presidential_office	college_etudiant	college_biatss	consulting_members	college_etudiant	college_b	college_b	presidential_office	college_b	presidential_office	college_a	college_biatss	presidential_office	presidential_office	unknown	other	other	other	college_etudiant	other	college_etudiant	presidential_office	college_etudiant	presidential_office	college_etudiant	college_biatss	college_etudiant	consulting_members	college_b	other	presidential_office	presidential_office	college_etudiant	unknown	unknown																																																																																																																								
fradhs-upn_3073W81_PV_CA_2003-02-03_TEI	presidential_office	presidential_office	college_etudiant	college_b	college_b	college_b	college_a	college_biatss	college_biatss	presidential_office	conseil	presidential_office	college_biatss	presidential_office	consulting_members	presidential_office	consulting_members	college_a	college_a	consulting_members	college_b	presidential_office	college_a	college_biatss	college_b	conseil	presidential_office	consulting_members	college_etudiant	college_etudiant	college_etudiant	college_etudiant	consulting_members	consulting_members	college_biatss	consulting_members	college_etudiant	presidential_office	college_b	college_biatss	presidential_office	consulting_members	consulting_members	college_etudiant	college_biatss	college_a	college_b	college_etudiant	college_etudiant	consulting_members	college_b	college_etudiant	college_etudiant	consulting_members	college_b	consulting_members	college_biatss	college_etudiant	college_b	consulting_members	consulting_members	presidential_office	consulting_members	college_b	college_etudiant	college_b	consulting_members	college_b	consulting_members	consulting_members	college_biatss	presidential_office	other	college_b	college_a	consulting_members	college_a	college_etudiant	presidential_office	consulting_members	college_a	college_etudiant	consulting_members	consulting_members	college_etudiant	college_a	college_etudiant	consulting_members	consulting_members	consulting_members	college_etudiant	presidential_office	consulting_members	presidential_office	college_b	presidential_office	presidential_office																																																																																																																																																												
fradhs-upn_3073W81_PV_CA_2003-02-24_TEI	presidential_office	presidential_office	other	conseil	college_a	presidential_office	presidential_office	unknown	presidential_office	college_b	college_b	college_a	college_b	college_etudiant	conseil	college_b	college_etudiant	college_a	college_b	college_etudiant	college_b	college_a	consulting_members	unknown	college_b	conseil	consulting_members	presidential_office	college_etudiant	presidential_office	college_etudiant	consulting_members	college_biatss	presidential_office	consulting_members	college_etudiant	consulting_members	presidential_office	presidential_office	consulting_members	presidential_office	college_etudiant	presidential_office	college_biatss	college_biatss	presidential_office	college_b	other	presidential_office	presidential_office	conseil	presidential_office	conseil	presidential_office	unknown	presidential_office	college_a	college_a	college_b	college_a	college_b	college_a	ext_members	college_b	presidential_office	college_biatss	college_etudiant	college_etudiant	ext_members	college_biatss	college_b	college_a	college_etudiant	college_etudiant	college_b	college_etudiant	college_etudiant	college_a	college_biatss	college_biatss	college_b	college_etudiant	college_etudiant	college_a	ext_members	college_b	conseil	college_b	college_a	presidential_office	college_biatss	college_etudiant	college_a	college_b	college_a	unknown	presidential_office	college_etudiant	college_a	presidential_office	conseil	unknown	college_a	presidential_office	college_etudiant	college_etudiant	college_etudiant	college_etudiant	college_etudiant	college_b	college_etudiant	presidential_office	college_etudiant	college_etudiant	college_etudiant	college_etudiant	college_etudiant	presidential_office																																																																																																																																							
fradhs-upn_3073W81_PV_CA_2003-03-24_TEI	presidential_office	presidential_office	presidential_office	other	college_biatss	other	unknown	other	presidential_office	consulting_members	college_a	consulting_members	college_a	college_a	presidential_office	consulting_members	college_a	consulting_members	college_a	consulting_members	college_a	consulting_members	other	college_a	college_biatss	presidential_office	other	presidential_office	college_a	presidential_office	college_b	college_a	presidential_office	ext_members	presidential_office	college_a	ext_members	college_a	consulting_members	college_a	presidential_office	consulting_members	college_a	college_biatss	college_a	college_b	ext_members	presidential_office	presidential_office	presidential_office	ext_members	college_etudiant	presidential_office	college_biatss	other	college_a	other	other	college_a	college_b	college_b	college_a	other	presidential_office	presidential_office	college_b	presidential_office	college_biatss	presidential_office	college_b	presidential_office	unknown	presidential_office	presidential_office	college_a	consulting_members	presidential_office	other	consulting_members	presidential_office	college_biatss	other	presidential_office	college_biatss	other	consulting_members	other	consulting_members	presidential_office	consulting_members	college_biatss	college_a	college_b	college_a	consulting_members	presidential_office	other	college_a	consulting_members	college_a	college_b	consulting_members	college_a	college_a	college_biatss	presidential_office	consulting_members	other	consulting_members	consulting_members	unknown																																																																																																																																														
fradhs-upn_3073W81_PV_CA_2003-04-28_TEI	presidential_office	presidential_office	presidential_office	college_etudiant	unknown	other	presidential_office	ext_members	college_b	consulting_members	presidential_office	college_a	college_biatss	college_etudiant	college_b	college_a	unknown	college_b	college_a	college_b	college_a	college_b	presidential_office	consulting_members	presidential_office	ext_members	presidential_office	consulting_members	college_biatss	college_biatss	college_etudiant	college_b	ext_members	college_biatss	college_etudiant	college_etudiant	presidential_office	college_biatss	consulting_members	other	consulting_members	unknown	consulting_members	college_etudiant	college_etudiant	college_etudiant	consulting_members	college_etudiant	presidential_office	consulting_members	consulting_members	college_etudiant	college_etudiant	conseil	consulting_members	consulting_members	college_b	presidential_office	college_biatss	presidential_office	consulting_members	college_a	conseil	presidential_office	unknown	presidential_office	college_etudiant	presidential_office	consulting_members	college_biatss	college_a	college_etudiant	presidential_office	college_etudiant	presidential_office	college_biatss	presidential_office																																																																																																																																																																																
fradhs-upn_3073W81_PV_CA_2003-05-26_TEI	presidential_office	presidential_office	college_etudiant	conseil	presidential_office	presidential_office	college_etudiant	ext_members	presidential_office	college_etudiant	presidential_office	college_b	presidential_office	college_b	presidential_office	college_a	college_b	college_etudiant	consulting_members	presidential_office	college_a	college_etudiant	college_etudiant	college_a	college_b	presidential_office	college_a	college_b	presidential_office	college_b	college_etudiant	college_b	college_etudiant	presidential_office	conseil	other	presidential_office	consulting_members	college_etudiant	other	college_b	college_b	college_a	college_a	college_etudiant	ext_members	college_etudiant	college_a	other	other	ext_members	college_b	college_b	college_b	unknown	college_etudiant	college_etudiant	consulting_members	consulting_members	college_etudiant	consulting_members	college_b	college_etudiant	presidential_office	consulting_members	conseil	consulting_members	unknown	consulting_members	other	college_a	college_etudiant	college_etudiant	college_b	college_etudiant	consulting_members	unknown	consulting_members	consulting_members	college_etudiant	consulting_members	college_etudiant	consulting_members	consulting_members	college_etudiant	college_etudiant	college_etudiant	consulting_members	consulting_members	consulting_members	presidential_office	college_etudiant	presidential_office	college_etudiant	presidential_office	college_b	consulting_members	college_a	consulting_members	college_b	unknown																																																																																																																																																								
fradhs-upn_3073W81_PV_CA_2003-06-23_TEI	presidential_office	presidential_office	unknown	presidential_office	consulting_members	presidential_office	college_a	presidential_office	college_a	college_etudiant	college_a	presidential_office	college_b	presidential_office	college_etudiant	presidential_office	presidential_office	college_etudiant	college_biatss	college_biatss	college_a	college_etudiant	college_a	consulting_members	college_etudiant	college_etudiant	ext_members	college_a	college_a	consulting_members	consulting_members	consulting_members	consulting_members	presidential_office	ext_members	college_a	college_b	college_etudiant	college_a	consulting_members	college_a	presidential_office	college_a	college_a	consulting_members	college_b	presidential_office	presidential_office	unknown	college_etudiant	consulting_members	consulting_members	consulting_members	unknown	consulting_members	unknown	consulting_members	consulting_members	conseil	consulting_members	consulting_members	consulting_members	consulting_members	ext_members	college_a	college_b	college_b	presidential_office	college_b	ext_members	college_a	college_a	college_biatss	college_a	college_b	college_etudiant	college_a	other	presidential_office	college_etudiant	presidential_office	conseil	unknown	unknown																																																																																																																																																																									
fradhs-upn_3073W81_PV_CA_2003-09-29_TEI	presidential_office	presidential_office	college_etudiant	presidential_office	college_biatss	consulting_members	presidential_office	presidential_office	presidential_office	consulting_members	consulting_members	presidential_office	college_etudiant	college_etudiant	presidential_office	presidential_office	consulting_members	college_a	college_b	ext_members	college_b	college_biatss	presidential_office	college_b	presidential_office	college_biatss	college_biatss	college_etudiant	presidential_office	college_biatss	presidential_office	presidential_office	consulting_members	consulting_members	consulting_members	conseil	college_biatss	presidential_office	consulting_members	conseil	college_b	unknown	conseil	presidential_office	consulting_members	conseil	consulting_members	college_a	college_b	consulting_members	presidential_office	presidential_office	consulting_members	college_biatss	consulting_members	college_a	conseil	college_a	college_b	presidential_office	ext_members	college_a	college_a	presidential_office	college_biatss	consulting_members	conseil	consulting_members	consulting_members	presidential_office	presidential_office	presidential_office	presidential_office	ext_members	ext_members	presidential_office	college_etudiant	consulting_members	college_etudiant																																																																																																																																																																														
fradhs-upn_3073W81_PV_CA_2003-10-27_TEI	presidential_office	presidential_office	presidential_office	consulting_members	presidential_office	unknown	presidential_office	consulting_members	college_etudiant	college_etudiant	college_b	presidential_office	college_a	ext_members	presidential_office	college_b	college_etudiant	presidential_office	college_etudiant	consulting_members	college_a	college_biatss	presidential_office	consulting_members	conseil	presidential_office	college_etudiant	consulting_members	college_a	consulting_members	college_a	college_a	college_a	college_b	college_b	college_a	college_a	college_etudiant	college_etudiant	college_biatss	other	college_a	college_etudiant	college_b	college_a	college_b	consulting_members	presidential_office	college_a	college_a	college_a	presidential_office	college_a	college_a	college_etudiant	college_a	presidential_office	consulting_members	college_a	consulting_members	presidential_office	consulting_members	college_a	consulting_members	college_etudiant	college_a	college_b	consulting_members	college_a	presidential_office	consulting_members	presidential_office	ext_members	consulting_members	presidential_office	consulting_members	college_a	presidential_office	presidential_office	presidential_office	consulting_members	presidential_office	other	presidential_office	college_biatss	presidential_office	conseil	unknown																																																																																																																																																																					
fradhs-upn_3073W81_PV_CA_2003-11-10_TEI	presidential_office	presidential_office	college_etudiant	college_etudiant	college_b	presidential_office	college_b	presidential_office	college_b	college_biatss	college_etudiant	college_b	presidential_office	college_a	college_biatss	college_etudiant	college_b	consulting_members	college_b	consulting_members	consulting_members	college_a	college_b	college_b	college_b	college_b	consulting_members	college_b	other	college_etudiant	presidential_office	college_etudiant	college_b	conseil	consulting_members	conseil	consulting_members	consulting_members	consulting_members	consulting_members	presidential_office	other	college_etudiant	presidential_office	presidential_office	consulting_members	college_etudiant	college_b	presidential_office	consulting_members	presidential_office	college_a	consulting_members	consulting_members	college_a	college_b	college_a	presidential_office	college_a	presidential_office	college_b	college_etudiant	college_b	college_b	unknown																																																																																																																																																																																												
fradhs-upn_3073W81_PV_CA_2003-12-08_TEI	presidential_office	presidential_office	college_etudiant	presidential_office	college_b	presidential_office	presidential_office	presidential_office	college_etudiant	college_a	college_a	presidential_office	college_b	college_etudiant	college_biatss	college_a	presidential_office	conseil	presidential_office	college_etudiant	unknown	college_biatss	college_b	presidential_office	college_a	presidential_office	consulting_members	conseil	college_b	consulting_members	college_a	unknown	college_etudiant	presidential_office	college_b	consulting_members	college_b	college_a	college_biatss	college_b	college_b	college_a	consulting_members	college_a	college_a	college_a	college_b	college_biatss	college_b	college_b	college_b	college_b	presidential_office	consulting_members	unknown	consulting_members	consulting_members	college_a	college_b	college_a	college_etudiant	college_a	college_b	presidential_office	college_a	college_a	consulting_members	ext_members	college_b	consulting_members	college_biatss	ext_members	unknown	presidential_office	college_a	college_a	college_b	college_a	consulting_members	ext_members	presidential_office	unknown	presidential_office	consulting_members	conseil	ext_members	presidential_office	presidential_office	conseil	college_etudiant	college_etudiant	presidential_office	college_b	college_etudiant	consulting_members	college_b	college_b	college_b	consulting_members	presidential_office	consulting_members	college_b																																																																																																																																																							
frau-upn_2008002-06_CR_CA_2001-03-19_TEI	consulting_members	college_biatss	college_a	college_b	college_biatss	college_a	college_biatss	presidential_office	college_a	presidential_office	unknown	consulting_members	college_b	consulting_members	college_etudiant	college_b	consulting_members	college_b	consulting_members	college_etudiant	college_b	college_a	college_etudiant	college_etudiant	consulting_members	unknown	presidential_office	unknown	unknown	unknown	consulting_members	unknown	unknown	college_b	consulting_members	presidential_office	college_b	presidential_office	college_etudiant	unknown	consulting_members	unknown	consulting_members	presidential_office	college_etudiant	unknown	consulting_members	college_b	unknown	consulting_members	unknown	consulting_members	college_b	presidential_office	unknown	presidential_office	unknown	presidential_office	presidential_office	presidential_office	college_biatss	presidential_office	college_b	unknown	college_etudiant	presidential_office	college_etudiant	presidential_office	college_etudiant	college_etudiant	presidential_office	college_etudiant	presidential_office	college_etudiant	college_b	college_etudiant	college_etudiant	consulting_members	college_b	presidential_office	college_etudiant	presidential_office	college_etudiant	college_biatss	college_etudiant	presidential_office	college_etudiant	college_etudiant	college_b		unknown																																																																																																																																																																		
frau-upn_2008002-07_CR_CA_2001-04-23_TEI	college_etudiant	college_etudiant	college_etudiant	consulting_members	presidential_office	college_a	presidential_office	presidential_office	college_a	presidential_office	presidential_office	ext_members	presidential_office	college_b	presidential_office	college_b	presidential_office	presidential_office	college_a	presidential_office	presidential_office	college_b	presidential_office	college_b	presidential_office	college_b	ext_members	college_etudiant	presidential_office	college_biatss	college_etudiant	presidential_office	ext_members	conseil	presidential_office	consulting_members	other	consulting_members	consulting_members	consulting_members	presidential_office	college_b	college_b	presidential_office	other	consulting_members	other	consulting_members	college_a	conseil	college_b	other	college_a	ext_members	presidential_office	college_a	college_a	college_a	college_a	presidential_office	conseil	consulting_members	other	presidential_office	other	presidential_office	consulting_members	college_b	presidential_office	presidential_office	other	consulting_members	presidential_office	college_b	consulting_members	presidential_office	college_a	other	college_biatss	other	college_a	presidential_office	college_b	consulting_members	presidential_office	college_b	presidential_office	college_b	consulting_members	consulting_members	unknown																																																																																																																																																																		
frau-upn_2008002-07_CR_CA_2001-05-21_TEI	presidential_office	presidential_office	unknown	other	presidential_office	consulting_members	consulting_members	college_a	presidential_office	consulting_members	consulting_members	college_b	presidential_office	college_b	presidential_office	college_a	other	presidential_office	college_etudiant	presidential_office	presidential_office	consulting_members	presidential_office	conseil	consulting_members	conseil	presidential_office	conseil	consulting_members	presidential_office	presidential_office	college_a	college_etudiant	college_b	consulting_members	presidential_office	college_a	ext_members	college_b	presidential_office	presidential_office	presidential_office	college_etudiant	presidential_office	college_etudiant	college_biatss	presidential_office	consulting_members	college_etudiant	presidential_office	other	consulting_members	unknown	college_etudiant	college_biatss	presidential_office	college_a	college_etudiant	college_etudiant	presidential_office	college_etudiant	college_etudiant	other	college_b	conseil	presidential_office	conseil	presidential_office	conseil	presidential_office	presidential_office	presidential_office	consulting_members	conseil	consulting_members	unknown																																																																																																																																																																																	
frau-upn_2008002-08_CR_CA_2001-07-02_TEI	presidential_office	unknown	presidential_office	unknown	unknown	presidential_office	presidential_office	unknown	presidential_office	presidential_office	presidential_office	college_biatss	presidential_office	college_a	presidential_office	presidential_office	college_b	presidential_office	college_a	presidential_office	college_a	presidential_office	ext_members	presidential_office	ext_members	college_b	college_etudiant	unknown	unknown	presidential_office	consulting_members	consulting_members	unknown	unknown	consulting_members	college_biatss	college_biatss	unknown	unknown	presidential_office	presidential_office	college_biatss	college_etudiant	college_etudiant	presidential_office	college_etudiant	presidential_office	presidential_office	consulting_members	presidential_office	college_biatss	presidential_office	unknown	presidential_office	presidential_office	college_etudiant	college_a	college_biatss	presidential_office	college_etudiant	presidential_office	college_b	presidential_office	unknown	consulting_members	unknown	consulting_members	college_etudiant	consulting_members	unknown	college_biatss	college_etudiant	consulting_members	unknown	presidential_office	consulting_members	college_a	unknown	consulting_members	college_biatss	consulting_members	college_b	presidential_office	unknown	consulting_members	unknown	presidential_office	unknown	presidential_office	unknown	presidential_office	unknown	unknown																																																																																																																																																																
frau-upn_2008002-09_CR_CA_2001-09-24_TEI	presidential_office	presidential_office	unknown	consulting_members	other	presidential_office	college_b	presidential_office	college_b	college_etudiant	presidential_office	consulting_members	presidential_office	college_etudiant	presidential_office	college_etudiant	consulting_members	consulting_members	other	college_biatss	consulting_members	college_biatss	consulting_members	college_biatss	presidential_office	college_a	consulting_members	college_biatss	presidential_office	other	presidential_office	presidential_office	consulting_members	other	consulting_members	other	presidential_office	consulting_members	presidential_office	consulting_members	college_biatss	presidential_office	other	consulting_members	college_biatss	unknown	presidential_office	presidential_office	college_a	other	presidential_office	presidential_office	consulting_members	college_etudiant	presidential_office	consulting_members	college_b	presidential_office	presidential_office	presidential_office	consulting_members	college_a	college_b	presidential_office	presidential_office	college_b	presidential_office	ext_members	college_biatss	presidential_office	college_b	presidential_office	consulting_members	consulting_members	college_etudiant	consulting_members	consulting_members	presidential_office	consulting_members	other	consulting_members	other	consulting_members	other	presidential_office	conseil	presidential_office	college_b	presidential_office	other	presidential_office	college_biatss	consulting_members	presidential_office	unknown																																																																																																																																																														
frau-upn_2008002-09_CR_CA_2001-11-12_TEI	presidential_office	presidential_office	college_etudiant	presidential_office	college_etudiant	presidential_office	presidential_office	presidential_office	presidential_office	presidential_office	presidential_office	college_b	consulting_members	college_biatss	presidential_office	college_etudiant	presidential_office	college_etudiant	presidential_office	college_biatss	presidential_office	college_b	college_b	presidential_office	presidential_office	college_etudiant	consulting_members	presidential_office	consulting_members	presidential_office	consulting_members	presidential_office	consulting_members	presidential_office	college_etudiant	presidential_office	presidential_office	college_b	presidential_office	presidential_office	college_a	consulting_members	consulting_members	conseil	consulting_members	presidential_office	consulting_members	consulting_members	college_a	presidential_office	presidential_office	conseil	consulting_members	other	presidential_office	other	presidential_office	other	presidential_office	college_etudiant	presidential_office	college_etudiant	presidential_office	college_etudiant	presidential_office	college_b	college_b	presidential_office	college_b	presidential_office	presidential_office	consulting_members	consulting_members	college_b	college_etudiant	presidential_office	presidential_office	college_b	college_a	college_b	conseil	other	consulting_members	college_etudiant	conseil	presidential_office	college_b	consulting_members	college_b	college_biatss	college_etudiant	presidential_office	college_etudiant	unknown	consulting_members	unknown																																																																																																																																																													
frau-upn_2008002-09_CR_CA_2001-12-10_TEI	presidential_office	consulting_members	other	other	consulting_members	other	presidential_office	consulting_members	other	presidential_office	other	consulting_members	presidential_office	college_biatss	college_a	college_b	presidential_office	presidential_office	consulting_members	college_b	presidential_office	presidential_office	unknown	other	presidential_office	consulting_members	presidential_office	unknown	other	conseil	consulting_members	consulting_members	consulting_members	consulting_members	consulting_members	college_biatss	presidential_office	presidential_office	presidential_office	unknown	consulting_members	unknown	consulting_members	consulting_members	unknown	consulting_members	consulting_members	unknown	consulting_members	presidential_office	consulting_members	consulting_members	college_b	other	presidential_office	presidential_office	college_biatss	presidential_office	conseil	presidential_office	consulting_members	consulting_members	presidential_office	college_b	presidential_office	college_biatss	consulting_members	college_b	consulting_members	college_b	consulting_members	college_a	consulting_members	unknown	consulting_members	unknown	consulting_members	unknown	consulting_members	unknown	consulting_members	presidential_office	college_b	consulting_members	consulting_members	presidential_office	unknown	consulting_members	other	presidential_office	college_biatss	consulting_members	presidential_office	consulting_members	presidential_office	unknown	consulting_members	unknown	presidential_office	college_biatss	conseil	presidential_office	presidential_office	presidential_office	consulting_members	presidential_office	college_b	presidential_office	college_b	consulting_members	presidential_office	presidential_office	presidential_office	consulting_members	consulting_members	college_biatss	consulting_members	presidential_office	unknown	other	unknown																																																																																																																																				
frau-upn_2008002-10_CR_CA_2002-01-21_TEI	presidential_office	presidential_office	college_b	presidential_office	college_etudiant	presidential_office	presidential_office	college_b	unknown	other	unknown	other	presidential_office	presidential_office	presidential_office	presidential_office	presidential_office	unknown	presidential_office	presidential_office	presidential_office	consulting_members	presidential_office	presidential_office	presidential_office	presidential_office	conseil	presidential_office	presidential_office	presidential_office	presidential_office	presidential_office	college_biatss	college_biatss	college_biatss	presidential_office	college_a	college_a	college_biatss	presidential_office	college_biatss	ext_members	conseil	unknown	presidential_office	presidential_office	presidential_office	college_etudiant	presidential_office	college_etudiant	college_biatss	college_etudiant	consulting_members	college_b	college_etudiant	college_b	presidential_office	college_etudiant	college_a	college_a	college_b	presidential_office	presidential_office	consulting_members	presidential_office	conseil	consulting_members	college_a	presidential_office	college_etudiant	presidential_office	college_etudiant	college_etudiant	college_etudiant	consulting_members	college_etudiant	college_etudiant	presidential_office	unknown	consulting_members	college_b	consulting_members	presidential_office	presidential_office	college_etudiant	presidential_office	college_a	conseil	college_a	presidential_office	conseil	consulting_members	college_etudiant	college_a	college_etudiant	college_b	ext_members	college_etudiant	unknown	presidential_office	college_a	unknown	college_b	presidential_office	college_etudiant	presidential_office	college_etudiant	presidential_office	college_etudiant	college_etudiant	presidential_office	college_biatss	consulting_members	consulting_members	unknown																																																																																																																																										
frau-upn_2008002-10_CR_CA_2002-02-11_TEI	presidential_office	presidential_office	college_etudiant	presidential_office	unknown	other	presidential_office	consulting_members	presidential_office	college_a	consulting_members	college_etudiant	consulting_members	unknown	presidential_office	other	presidential_office	college_b	college_biatss	other	college_b	other	consulting_members	unknown	college_a	consulting_members	presidential_office	consulting_members	college_etudiant	consulting_members	consulting_members	college_etudiant	presidential_office	consulting_members	college_etudiant	consulting_members	consulting_members	college_etudiant	consulting_members	consulting_members	college_etudiant	college_etudiant	presidential_office	presidential_office	ext_members	presidential_office	college_etudiant	presidential_office	college_a	college_etudiant	college_b	college_biatss	consulting_members	presidential_office	unknown	consulting_members	college_biatss	consulting_members	consulting_members	consulting_members	unknown	consulting_members	presidential_office	college_a	college_etudiant	presidential_office	college_etudiant	college_a	presidential_office	other	presidential_office	presidential_office	presidential_office	college_etudiant	presidential_office	presidential_office	consulting_members	conseil	college_biatss	consulting_members	presidential_office	conseil	college_etudiant	presidential_office	college_a	college_etudiant	college_etudiant	college_etudiant	college_b	college_biatss	college_biatss	presidential_office	college_etudiant	presidential_office	presidential_office	consulting_members	other	presidential_office	college_etudiant	college_a	presidential_office	presidential_office	college_etudiant	presidential_office	college_a	college_b	unknown	college_etudiant	presidential_office	college_biatss	college_etudiant	college_etudiant	presidential_office	college_etudiant	college_etudiant	college_biatss	college_a	college_biatss	college_b	college_etudiant	college_etudiant	presidential_office	college_etudiant	presidential_office	presidential_office	unknown																																																																																																																															
frau-upn_2008002-10_CR_CA_2002-03-18_TEI	presidential_office	presidential_office	other	other	ext_members	consulting_members	other	presidential_office	college_b	presidential_office	other	ext_members	presidential_office	consulting_members	college_a	presidential_office	college_a	college_a	presidential_office	college_a	consulting_members	college_etudiant	presidential_office	conseil	presidential_office	conseil	college_a	college_a	conseil	presidential_office	conseil	consulting_members	conseil	presidential_office	other	presidential_office	presidential_office	college_a	unknown	unknown	consulting_members	other	consulting_members	presidential_office	other	presidential_office	presidential_office	college_a	college_etudiant	college_a	college_biatss	other	conseil	college_a	presidential_office	college_a	presidential_office	college_a	college_a	presidential_office	college_b	presidential_office	college_a	presidential_office	college_a	presidential_office	other	presidential_office	college_biatss	college_a	presidential_office	college_b	presidential_office	presidential_office	other	presidential_office	other	presidential_office	college_a	college_a	presidential_office	unknown																																																																																																																																																																											
frau-upn_2010040-04_CR_CA_1991-02-04_TEI	presidential_office	unknown	ext_members	presidential_office	college_etudiant	presidential_office	college_etudiant	presidential_office	college_biatss	college_etudiant	college_etudiant	college_b	college_b	college_etudiant	college_etudiant	college_biatss	college_b	college_etudiant	presidential_office	presidential_office	unknown	presidential_office	college_b	college_biatss	other	presidential_office	consulting_members	presidential_office	college_etudiant	presidential_office	consulting_members	college_biatss	college_etudiant	college_biatss	college_b	college_b	college_a	consulting_members	college_b	college_b	college_etudiant	other	college_a	presidential_office	college_a	college_etudiant	presidential_office	other	other	conseil	conseil	other	presidential_office	college_b	presidential_office	unknown	college_biatss	college_b	college_b	presidential_office	college_etudiant	college_a	college_b	presidential_office	unknown																																																																																																																																																																																												
frau-upn_2010040-04_CR_CA_1991-02-18_TEI	presidential_office	college_b	presidential_office	college_biatss	presidential_office	other	college_a	other	conseil	presidential_office	ext_members	other	college_b	presidential_office	college_biatss	presidential_office	presidential_office	conseil	presidential_office	college_a	college_biatss	college_etudiant	college_b	presidential_office	unknown	presidential_office	unknown	college_etudiant	college_etudiant	consulting_members	unknown	college_etudiant	unknown	unknown																																																																																																																																																																																																																											
frau-upn_2010040-04_CR_CA_1991-03-25_TEI	presidential_office	presidential_office	college_b	college_etudiant	college_b	consulting_members	college_biatss	college_b	consulting_members	college_b	consulting_members	college_b	college_etudiant	college_a	presidential_office	presidential_office	college_b	college_b	consulting_members	presidential_office	college_b	presidential_office	college_b	consulting_members	other	presidential_office	college_etudiant	consulting_members	presidential_office	college_biatss	presidential_office	college_biatss	college_b	presidential_office	college_etudiant	presidential_office	consulting_members	presidential_office	consulting_members	conseil	college_etudiant	college_a	consulting_members	college_a	college_biatss	college_biatss	unknown	unknown	unknown	presidential_office	college_etudiant	presidential_office	college_a	presidential_office	college_b	presidential_office	college_b	college_etudiant	presidential_office	unknown	college_etudiant	consulting_members	college_etudiant	consulting_members	unknown	presidential_office	consulting_members	presidential_office	unknown																																																																																																																																																																																								
frau-upn_2010040-04_CR_CA_1991-05-13_TEI	presidential_office	presidential_office	college_etudiant	presidential_office	other	other	presidential_office	college_b	consulting_members	consulting_members	college_b	consulting_members	college_b	consulting_members	college_etudiant	presidential_office	college_b	unknown	other	other	consulting_members	presidential_office	college_etudiant	consulting_members	college_b	college_b	college_etudiant	college_biatss	college_etudiant	college_biatss	consulting_members	presidential_office	college_etudiant	other	presidential_office	other	consulting_members	other	other	college_b	presidential_office	other	college_etudiant	presidential_office	college_a	college_b	college_biatss	college_etudiant	presidential_office	college_biatss	presidential_office	college_b	college_etudiant	presidential_office	unknown	presidential_office	consulting_members	college_etudiant	presidential_office	other	other	unknown																																																																																																																																																																																															
frau-upn_2010040-04_CR_CA_1991-06-24_TEI	presidential_office	presidential_office	other	consulting_members	college_etudiant	presidential_office	college_biatss	consulting_members	college_biatss	consulting_members	college_biatss	presidential_office	consulting_members	presidential_office	college_b	presidential_office	consulting_members	other	presidential_office	consulting_members	college_etudiant	presidential_office	college_b	consulting_members	presidential_office	consulting_members	presidential_office	unknown	college_biatss	presidential_office	college_etudiant	presidential_office	consulting_members	college_etudiant	college_b	college_biatss	presidential_office	college_b	college_biatss	college_etudiant	college_b	college_etudiant	presidential_office	ext_members	college_b	presidential_office	college_b	college_etudiant	college_biatss	presidential_office	college_b	college_etudiant	college_b	presidential_office	college_etudiant	consulting_members	college_etudiant	unknown	college_b	presidential_office	presidential_office	college_etudiant	presidential_office	college_b	college_b	presidential_office	consulting_members	college_b	presidential_office	college_a	college_b	consulting_members	college_etudiant	presidential_office	unknown	presidential_office	college_b	college_a	college_etudiant	consulting_members	presidential_office	consulting_members	college_b	presidential_office	college_a	consulting_members	college_b	consulting_members	college_b	presidential_office	college_b	presidential_office	college_a	college_b	college_a	presidential_office	consulting_members	presidential_office	college_b	presidential_office	college_etudiant	unknown	college_b	college_b	college_b	unknown	college_b	college_biatss	consulting_members	presidential_office	college_b	college_b	college_b	presidential_office	unknown	college_etudiant	presidential_office	presidential_office	college_b	other	presidential_office	college_etudiant	presidential_office	presidential_office	presidential_office	college_etudiant	presidential_office	college_etudiant	college_b	college_etudiant	college_b	unknown																																																																																																																									
frau-upn_2010040-04_CR_CA_1991-09-23_TEI	presidential_office	college_b	presidential_office	presidential_office	other	college_b	other	college_etudiant	consulting_members	college_etudiant	presidential_office	college_etudiant	presidential_office	consulting_members	college_etudiant	presidential_office	presidential_office	college_b	college_b	consulting_members	college_etudiant	consulting_members	other	college_a	consulting_members	presidential_office	college_b	presidential_office	college_b	college_a	presidential_office	unknown	presidential_office	presidential_office	consulting_members	college_b	college_a	presidential_office	consulting_members	college_a	presidential_office	unknown	consulting_members	presidential_office	other	consulting_members	unknown	presidential_office	consulting_members	college_b	college_etudiant	college_etudiant	consulting_members	presidential_office	unknown																																																																																																																																																																																																						
frau-upn_2010040-04_CR_CA_1991-11-04_TEI	presidential_office	other	college_b	presidential_office	college_etudiant	college_biatss	college_etudiant	college_etudiant	presidential_office	presidential_office	college_a	presidential_office	other	presidential_office	college_b	presidential_office	consulting_members	presidential_office	presidential_office	presidential_office	college_a	presidential_office	college_etudiant	presidential_office	college_etudiant	college_etudiant	college_etudiant	college_etudiant	college_etudiant	college_etudiant	college_etudiant	presidential_office	college_b	college_b	college_etudiant	college_etudiant	presidential_office	college_etudiant	college_etudiant	college_b	presidential_office	college_b	presidential_office	unknown	college_b	consulting_members	college_b	presidential_office	college_etudiant	college_b	college_a	ext_members	consulting_members	presidential_office	unknown	college_a	unknown	presidential_office	presidential_office	college_b	presidential_office	consulting_members	college_etudiant	presidential_office	college_etudiant	college_b	consulting_members	presidential_office	consulting_members	other	presidential_office	college_etudiant	presidential_office	unknown	college_b	other	college_biatss	other	unknown																																																																																																																																																																														
frau-upn_2010040-04_CR_CA_1991-12-16_TEI	presidential_office	presidential_office	other	college_b	consulting_members	other	consulting_members	other	college_etudiant	consulting_members	consulting_members	college_b	consulting_members	college_b	presidential_office	college_a	college_b	college_b	consulting_members	unknown	presidential_office	college_b	presidential_office	college_a	consulting_members	ext_members	college_b	presidential_office	consulting_members	college_b	other	presidential_office	consulting_members	college_etudiant	college_a	college_etudiant	consulting_members	college_etudiant	consulting_members	college_etudiant	presidential_office	college_etudiant	presidential_office	college_etudiant	consulting_members	college_etudiant	other	presidential_office	unknown	conseil	presidential_office	college_b	unknown	other	presidential_office	presidential_office	unknown	college_b	college_etudiant	college_etudiant	college_etudiant	college_biatss	college_etudiant	consulting_members	other	presidential_office	college_b	presidential_office	college_b	college_b	college_biatss	consulting_members	presidential_office	unknown																																																																																																																																																																																			
frau-upn_2010040-04_CR_CA_1992-01-27_TEI	conseil	presidential_office	college_etudiant	presidential_office	presidential_office	presidential_office	presidential_office	college_etudiant	presidential_office	college_b	college_b	presidential_office	ext_members	presidential_office	college_a	presidential_office	college_b	college_b	presidential_office	college_etudiant	college_b	presidential_office	college_b	presidential_office	unknown	college_b	consulting_members	college_a	college_b	college_b	college_etudiant	consulting_members	college_b	consulting_members	college_b	consulting_members	other	consulting_members	college_etudiant	college_etudiant	college_etudiant	other	college_a	presidential_office	unknown																																																																																																																																																																																																																
frau-upn_2010040-04_CR_CA_1992-02-03_TEI	presidential_office	other	conseil	unknown	college_etudiant	college_etudiant	presidential_office	college_etudiant	college_a	college_b	unknown	college_etudiant	presidential_office	presidential_office	consulting_members	presidential_office	college_b	consulting_members	consulting_members	college_a	consulting_members	presidential_office	college_b	consulting_members	presidential_office	college_b	consulting_members	college_etudiant	consulting_members	presidential_office	college_etudiant	presidential_office	college_etudiant	presidential_office	presidential_office	consulting_members	presidential_office	consulting_members	college_etudiant	consulting_members	college_b	presidential_office	college_b	consulting_members	college_biatss	presidential_office	presidential_office	college_etudiant	presidential_office	college_biatss	presidential_office	college_biatss	college_a	presidential_office	college_b	college_a	presidential_office	college_b	college_b	consulting_members	presidential_office	ext_members	presidential_office	college_b	college_a	presidential_office																																																																																																																																																																																											
frau-upn_2010040-04_CR_CA_1992-03-02_TEI	presidential_office	college_etudiant	college_biatss	consulting_members	college_etudiant	consulting_members	presidential_office	college_a	consulting_members	college_b	college_a	college_etudiant	other	other	college_b	consulting_members	unknown	college_b	presidential_office	college_etudiant	college_b	other	college_b	college_b	consulting_members	college_a	presidential_office	college_b	consulting_members	college_b	college_b	consulting_members	other	consulting_members	consulting_members	consulting_members	college_b	presidential_office	college_b	ext_members	college_b	college_b	unknown	other	other	other	other	consulting_members	other	other	other	college_b	college_b	presidential_office	other	college_a	consulting_members	presidential_office	other	presidential_office	consulting_members	other	college_etudiant	college_a	college_b	college_a	consulting_members	presidential_office	unknown	unknown																																																																																																																																																																																							
frau-upn_2010040-04_CR_CA_1992-04-06_TEI	other	presidential_office	consulting_members	college_a	other	college_b	presidential_office	college_etudiant	college_a	college_biatss	college_b	presidential_office	consulting_members	college_b	college_biatss	college_b	presidential_office	unknown	presidential_office	college_b	presidential_office	college_b	presidential_office	other	college_b	presidential_office	college_b	college_biatss	other	consulting_members	presidential_office	presidential_office	other	college_biatss	other	other	unknown																																																																																																																																																																																																																								
frau-upn_2010040-04_CR_CA_1992-05-25_TEI	other	presidential_office	college_etudiant	presidential_office	college_b	college_a	college_b	college_b	other	college_b	other	presidential_office	college_a	presidential_office	college_b	presidential_office	presidential_office	college_b	college_b	presidential_office	college_b	college_b	college_b	college_b	college_etudiant	college_b	college_biatss	college_a	presidential_office	college_b	college_a	college_b	presidential_office	consulting_members	presidential_office	presidential_office	college_b	college_b	college_biatss	college_biatss	college_b	college_a	consulting_members	college_etudiant	consulting_members	presidential_office	college_etudiant	presidential_office	other	other	other	college_etudiant	other	other	college_etudiant	other	unknown																																																																																																																																																																																																				
frau-upn_2010040-04_CR_CA_1992-06-29_TEI	presidential_office	presidential_office	consulting_members	presidential_office	college_a	college_b	unknown	college_b	consulting_members	presidential_office	other	other	consulting_members	college_a	consulting_members	presidential_office	unknown	presidential_office	other	presidential_office	unknown	consulting_members	other	presidential_office	unknown	presidential_office	college_b	presidential_office	presidential_office	consulting_members	college_b	presidential_office	college_etudiant	presidential_office	college_a	college_b	college_a	college_b	consulting_members	college_etudiant	college_a	unknown																																																																																																																																																																																																																			
frau-upn_2010040-04_CR_CA_1992-09-21_TEI	other	presidential_office	presidential_office	college_b	presidential_office	college_b	presidential_office	college_b	presidential_office	college_biatss	presidential_office	presidential_office	consulting_members	consulting_members	college_etudiant	consulting_members	college_etudiant	presidential_office	college_b	consulting_members	other	college_a	college_etudiant	other	college_a	consulting_members	presidential_office	ext_members	consulting_members	other	consulting_members	presidential_office	unknown	presidential_office	college_etudiant	presidential_office	college_biatss	consulting_members	college_etudiant	presidential_office																																																																																																																																																																																																																					
frau-upn_2010040-04_CR_CA_1992-11-09_TEI	presidential_office	presidential_office	presidential_office	college_biatss	presidential_office	college_b	presidential_office	ext_members	college_b	college_b	college_a	college_b	consulting_members	college_b	college_b	consulting_members	other	consulting_members	presidential_office	consulting_members	consulting_members	consulting_members	consulting_members	college_etudiant	consulting_members	other	other	other	other																																																																																																																																																																																																																																
frau-upn_2010040-04_CR_CA_1992-12-14_TEI	unknown	other	college_etudiant	unknown	unknown	unknown	other	consulting_members	college_biatss	consulting_members	other	college_b	college_etudiant	consulting_members	college_b	consulting_members	other	presidential_office	other	other	other	other	presidential_office	presidential_office	other	college_b	presidential_office	consulting_members	college_b	presidential_office	college_etudiant	college_a	college_b	college_biatss	college_etudiant	college_b	college_a	presidential_office	college_etudiant	presidential_office	college_b	presidential_office	college_etudiant	presidential_office	consulting_members	college_etudiant	consulting_members	college_b	presidential_office	college_a	presidential_office	consulting_members	college_etudiant	consulting_members	college_etudiant	college_etudiant	college_b	college_b	college_a	college_biatss	ext_members	college_a	college_biatss	ext_members	college_b	college_etudiant	college_etudiant	presidential_office	consulting_members	presidential_office	college_b	college_b	other	consulting_members	consulting_members	college_b	consulting_members	consulting_members	college_etudiant	consulting_members	college_b	other	other	other	consulting_members	college_etudiant	consulting_members	presidential_office	consulting_members	other	unknown																																																																																																																																																																		
frau-upn_2010040-04_CR_CA_1993-02-01_TEI	other	unknown	presidential_office	college_b	college_a	consulting_members	college_b	college_b	college_b	other	college_b	college_b	college_b	presidential_office	consulting_members	college_b	consulting_members	consulting_members	presidential_office	other	presidential_office	other	presidential_office	presidential_office	unknown	presidential_office	presidential_office	consulting_members	other	presidential_office	consulting_members	college_b	presidential_office	other	college_b	consulting_members	other	other	presidential_office	college_b	other	other	presidential_office	other																																																																																																																																																																																																																	
frau-upn_2010040-04_CR_CA_1993-02-08_TEI	presidential_office	consulting_members	consulting_members	college_b	consulting_members	ext_members	college_b	consulting_members	college_etudiant	consulting_members	consulting_members	college_biatss	consulting_members	ext_members	college_b	consulting_members	ext_members	presidential_office	college_a	consulting_members	college_b	ext_members	college_etudiant	consulting_members	presidential_office	other	consulting_members	college_b	ext_members	presidential_office	unknown																																																																																																																																																																																																																														
frau-upn_2010040-04_CR_CA_1993-03-08_TEI	presidential_office	college_b	presidential_office	college_a	college_b	presidential_office	consulting_members	college_b	consulting_members	presidential_office	other	presidential_office	college_biatss	consulting_members	consulting_members	presidential_office	college_b	presidential_office	consulting_members	college_biatss	presidential_office	college_b	ext_members	consulting_members	college_b	college_a	presidential_office	consulting_members	unknown	college_biatss	presidential_office	college_a	college_b	college_b	consulting_members	college_b	presidential_office	college_biatss	presidential_office	college_etudiant	college_b	presidential_office	other	unknown																																																																																																																																																																																																																	
frau-upn_2010040-04_CR_CA_1993-03-29_TEI	other	presidential_office	presidential_office	unknown	presidential_office	presidential_office	other	consulting_members	consulting_members	presidential_office	consulting_members	other	presidential_office	other	presidential_office	college_b	college_b	consulting_members	other	college_b	presidential_office	college_b	other	other	unknown	college_biatss	unknown	other	unknown																																																																																																																																																																																																																																
frau-upn_2010040-04_CR_CA_1993-05-17_TEI	presidential_office	college_b	consulting_members	other	presidential_office	college_b	consulting_members	other	presidential_office	unknown	college_b	other	presidential_office	college_b	presidential_office	presidential_office	presidential_office	consulting_members	presidential_office	other	consulting_members	college_b	consulting_members	college_biatss	consulting_members	other	unknown	other	unknown	other	consulting_members	presidential_office	other	presidential_office	consulting_members	presidential_office	college_biatss	consulting_members	college_b	consulting_members	presidential_office	other																																																																																																																																																																																																																			
frau-upn_2010040-04_CR_CA_1993-06-28_TEI	presidential_office	presidential_office	college_b	college_biatss	presidential_office	other	presidential_office	presidential_office	consulting_members	college_b	ext_members	college_b	other	college_b	college_biatss	consulting_members	college_biatss	consulting_members	consulting_members	other	college_b	conseil	other	consulting_members	college_b	consulting_members	presidential_office	other	presidential_office	other	college_biatss	presidential_office	consulting_members	unknown	other	unknown																																																																																																																																																																																																																									
frau-upn_2010040-04_CR_CA_1993-09-27_TEI	other	presidential_office	other	presidential_office	consulting_members	presidential_office	presidential_office	college_b	college_b	college_biatss	presidential_office	presidential_office	presidential_office	college_b	other	presidential_office	college_b	ext_members	college_a	college_b	college_etudiant	presidential_office	college_b	presidential_office	college_b	college_a	presidential_office	consulting_members	other	other	unknown																																																																																																																																																																																																																														
frau-upn_2010040-04_CR_CA_1993-11-29_TEI	unknown	consulting_members	college_b	other	ext_members	other	college_b	conseil	other																																																																																																																																																																																																																																																				
frau-upn_2010040-04_CR_CA_1993-12-13_TEI	other	unknown	presidential_office	college_a	college_b	other	unknown	presidential_office	consulting_members	college_b	unknown	unknown	unknown	unknown	other	college_b	college_b	presidential_office	college_b	unknown																																																																																																																																																																																																																																									
frau-upn_2010040-04_CR_CA_1994-01-10_TEI	unknown	presidential_office	presidential_office	college_b	other	college_b	college_a	college_b	college_a	college_b	college_etudiant	college_b	unknown	presidential_office	presidential_office	other	presidential_office	other	college_etudiant	conseil	unknown	other	consulting_members	college_etudiant	college_etudiant	college_etudiant	ext_members	unknown	other	unknown	other	unknown																																																																																																																																																																																																																													
frau-upn_2010040-04_CR_CA_1994-02-28_TEI	other	presidential_office	presidential_office	presidential_office	presidential_office	presidential_office	presidential_office	consulting_members	college_etudiant	college_b	college_etudiant	unknown	presidential_office	consulting_members	consulting_members	presidential_office	other	presidential_office	consulting_members	conseil	consulting_members	consulting_members	presidential_office	presidential_office	presidential_office	college_etudiant	other	college_b	college_etudiant	college_b	presidential_office	college_b	presidential_office	other	unknown	college_b	college_b	other	college_etudiant	presidential_office	college_etudiant	college_b	presidential_office	college_etudiant	college_a	other	unknown																																																																																																																																																																																																														
frau-upn_2010040-04_CR_CA_1994-03-14_TEI	unknown	college_a	presidential_office	college_a	presidential_office	other	presidential_office	other	other	other	college_etudiant	presidential_office	college_b	college_b	college_etudiant	college_etudiant	college_a	presidential_office	presidential_office	consulting_members	consulting_members	college_b	consulting_members	college_b	consulting_members	presidential_office	college_biatss	college_b	consulting_members	presidential_office	college_b	consulting_members	college_b	college_etudiant	unknown	unknown	unknown	other	college_a	presidential_office	college_a	presidential_office	unknown																																																																																																																																																																																																																		
frau-upn_2010040-04_CR_CA_1994-03-28_TEI	other	presidential_office	presidential_office	college_biatss	presidential_office	college_etudiant	presidential_office	college_etudiant	presidential_office	presidential_office	presidential_office	college_b	presidential_office	college_b	consulting_members	college_a	consulting_members	college_biatss	ext_members	college_b	presidential_office	consulting_members	presidential_office	consulting_members	ext_members	consulting_members	college_a	presidential_office	college_etudiant	college_biatss	presidential_office	unknown	other	college_etudiant	unknown	unknown	presidential_office	college_etudiant	college_a	college_a	college_etudiant	unknown	college_a	college_b	college_b	unknown	college_b	college_etudiant	college_a	college_b	college_b	college_etudiant	college_b	unknown	college_etudiant	college_b	unknown	college_a	college_b	college_etudiant	presidential_office	other	unknown																																																																																																																																																																																														
frau-upn_2010040-04_CR_CA_1994-05-16_TEI	college_b	college_b	other	presidential_office	presidential_office	presidential_office	presidential_office	consulting_members	college_a	consulting_members	college_b	presidential_office	college_a	presidential_office	college_b	other	unknown	consulting_members	presidential_office	presidential_office	college_a	other	college_b	presidential_office	consulting_members	college_etudiant	consulting_members	other	presidential_office	college_biatss	conseil	college_biatss	other	unknown																																																																																																																																																																																																																											
frau-upn_2010040-04_CR_CA_1994-06-14_TEI	presidential_office	ext_members	ext_members	college_a	college_a	presidential_office	college_a	presidential_office	college_a	presidential_office	college_b	college_b	other	college_b	college_a	college_b	college_b	college_etudiant	college_etudiant	other	college_biatss	ext_members	college_b	college_etudiant	ext_members	college_b	college_biatss	college_a	presidential_office	unknown																																																																																																																																																																																																																															
frau-upn_2010040-04_CR_CA_1994-07-04_TEI	college_a	college_etudiant	presidential_office	college_biatss	other	college_a	college_b	presidential_office	other	consulting_members	college_a	college_a	presidential_office	presidential_office	presidential_office	consulting_members	college_b	consulting_members	college_b	college_a	consulting_members	other	college_b	consulting_members	college_a	college_b	presidential_office	consulting_members	college_a	consulting_members	college_b	college_biatss	conseil	consulting_members	consulting_members	consulting_members	consulting_members	presidential_office	other	consulting_members	unknown	consulting_members	presidential_office	presidential_office	college_b	consulting_members	college_b	other	college_b	college_b	consulting_members	consulting_members	college_b	consulting_members	consulting_members	college_a	college_b	consulting_members	college_b	other	presidential_office	college_a	college_biatss	presidential_office	college_biatss	college_etudiant	presidential_office	college_etudiant	college_b	college_a	college_b	college_etudiant	college_b	college_a	ext_members	presidential_office	college_a	college_a	college_b	college_a	other	ext_members	college_a	ext_members	college_b	ext_members	presidential_office	college_biatss	ext_members	college_biatss	presidential_office	other	unknown																																																																																																																																																																
frau-upn_2010040-04_CR_CA_1994-10-03_TEI	other	presidential_office	presidential_office	presidential_office	college_b	presidential_office	college_b	college_b	consulting_members	ext_members	college_b	consulting_members	ext_members	consulting_members	other	presidential_office	consulting_members	presidential_office	consulting_members	college_b	consulting_members	consulting_members	presidential_office	college_b	presidential_office	ext_members	consulting_members	presidential_office	other	college_a	college_b	college_etudiant	presidential_office	consulting_members	ext_members	college_b	presidential_office	presidential_office	college_b	college_etudiant	college_b	college_etudiant	presidential_office	college_biatss	presidential_office	college_b	presidential_office	unknown																																																																																																																																																																																																													
frau-upn_2010040-04_CR_CA_1994-11-07_TEI	other	presidential_office	presidential_office	college_etudiant	other	presidential_office	college_b	presidential_office	college_etudiant	college_etudiant	college_a	college_b	presidential_office	college_b	college_b	college_etudiant	ext_members	other	college_a	presidential_office	college_etudiant	college_b	presidential_office	presidential_office	conseil	college_a	college_b	college_a	college_a	college_b	college_etudiant	presidential_office	presidential_office	college_a	consulting_members	college_a	presidential_office	college_b	presidential_office	consulting_members	presidential_office	college_etudiant	college_b	college_a	college_etudiant	presidential_office	other	college_a	ext_members	presidential_office	presidential_office	conseil	college_b	college_etudiant	presidential_office	college_b	college_etudiant	presidential_office	unknown																																																																																																																																																																																																		
frau-upn_2010040-04_CR_CA_1994-12-12_TEI	presidential_office	college_b	presidential_office	other	college_b	other	other	college_b	other	college_etudiant	presidential_office	college_b	college_b	college_etudiant	presidential_office	consulting_members	presidential_office	presidential_office	presidential_office	college_b	consulting_members	presidential_office	consulting_members	college_biatss	presidential_office	college_b	presidential_office	presidential_office	college_etudiant	presidential_office	college_a	presidential_office	conseil	college_b	college_etudiant	presidential_office	other																																																																																																																																																																																																																								
frau-upn_2010040-04_CR_CA_1995-01-23_TEI	other	college_etudiant	unknown	presidential_office	college_a	consulting_members	college_etudiant	college_a	college_b	presidential_office	consulting_members	presidential_office	presidential_office	presidential_office	presidential_office	consulting_members	presidential_office	consulting_members	college_a	presidential_office	college_a	presidential_office	college_biatss	presidential_office	college_biatss	college_etudiant	presidential_office	presidential_office	consulting_members	college_a	ext_members	presidential_office	college_b	presidential_office	college_a	presidential_office	other	college_b	college_etudiant	college_b	college_etudiant	unknown	conseil	presidential_office	college_etudiant	college_etudiant	presidential_office	unknown																																																																																																																																																																																																													
frau-upn_2010040-04_CR_CA_1995-02-27_TEI	unknown	presidential_office	presidential_office	college_biatss	presidential_office	presidential_office	consulting_members	ext_members	presidential_office	college_etudiant	presidential_office	college_b	college_a	college_etudiant	other	college_etudiant	college_a	college_a	presidential_office	presidential_office	college_b	presidential_office	presidential_office	other	college_b	college_b	other	presidential_office	college_biatss	other	ext_members	presidential_office	college_b	presidential_office	college_etudiant	college_b	ext_members	ext_members	college_b	college_a	presidential_office	other	college_b	other	presidential_office	consulting_members	presidential_office	college_biatss	college_biatss	college_biatss	college_b	unknown	college_b	other	consulting_members	college_a	unknown	conseil	other	unknown																																																																																																																																																																																																	
frau-upn_2010040-04_CR_CA_1995-03-20_TEI	other	college_b	presidential_office	college_b	presidential_office	presidential_office	other	college_b	college_b	presidential_office	other	college_b	presidential_office	other	college_b	presidential_office	college_b	other	consulting_members	consulting_members	unknown	ext_members	consulting_members	other	college_etudiant	presidential_office	college_etudiant	presidential_office	consulting_members	college_etudiant	college_b	unknown	unknown	unknown	unknown	college_b	college_etudiant	college_b	college_etudiant	other	unknown	consulting_members	consulting_members	other	college_b	presidential_office																																																																																																																																																																																																															
frau-upn_2010040-04_CR_CA_1995-05-22_TEI	other	presidential_office	other	presidential_office	college_etudiant	presidential_office	presidential_office	consulting_members	presidential_office	presidential_office	consulting_members	presidential_office	college_b	consulting_members	presidential_office	other	consulting_members	other	consulting_members	presidential_office	other	consulting_members	college_a	other	college_a	ext_members	presidential_office	other	college_a	conseil	consulting_members	presidential_office	other	consulting_members	presidential_office	other	presidential_office	college_a	presidential_office	college_a	college_biatss	consulting_members	other	college_a	college_b	presidential_office	unknown	presidential_office	other	college_b	other	other	college_b	presidential_office	unknown																																																																																																																																																																																																						
frau-upn_2010040-04_CR_CA_1995-06-12_TEI	other	presidential_office	college_b	presidential_office	presidential_office	presidential_office	other	presidential_office	college_b	other	ext_members	presidential_office	ext_members	college_b	ext_members	presidential_office	ext_members	college_b	other	ext_members	conseil	other	consulting_members	unknown	college_b	consulting_members	unknown	consulting_members	other	college_biatss	college_b	college_b	unknown	consulting_members	other	college_b	other	consulting_members	other	consulting_members	college_b	consulting_members	unknown																																																																																																																																																																																																																		
frau-upn_2010040-04_CR_CA_1995-07-03_TEI	other	college_a	college_b	other	presidential_office	college_etudiant	consulting_members	college_etudiant	unknown	college_etudiant	college_b	consulting_members	presidential_office	presidential_office	college_b	presidential_office	college_b	presidential_office	college_b	college_b	other	unknown	presidential_office	consulting_members	other	presidential_office	presidential_office	presidential_office	other	presidential_office	other	presidential_office	college_b	presidential_office	college_biatss	college_a	college_a	college_a	college_a	presidential_office	college_biatss	college_a	college_b	other	other	presidential_office	consulting_members	other	other	college_b	presidential_office	consulting_members	college_b	presidential_office	college_b	unknown																																																																																																																																																																																																					
frau-upn_2010040-04_CR_CA_1995-10-09_TEI	presidential_office	other	presidential_office	presidential_office	conseil	college_biatss	other	presidential_office	presidential_office	presidential_office	college_etudiant	presidential_office	college_biatss	college_b	consulting_members	college_etudiant	other	college_a	presidential_office	college_a	college_a	conseil	college_a	presidential_office	college_a	college_etudiant	college_a	presidential_office	consulting_members	college_biatss	conseil	presidential_office	college_b	other	presidential_office	college_biatss	other	other	other	presidential_office	consulting_members	college_etudiant	presidential_office	college_etudiant	presidential_office	other	presidential_office	presidential_office	college_etudiant	other	college_biatss	conseil	presidential_office	other	presidential_office	college_b	college_b	presidential_office	conseil	college_etudiant	presidential_office	college_b	college_b	college_etudiant	presidential_office	college_etudiant	presidential_office	presidential_office	college_a	presidential_office	college_a	college_etudiant	presidential_office	college_b	college_b	college_biatss	presidential_office																																																																																																																																																																																
frau-upn_2010040-04_CR_CA_1995-10-26_TEI	presidential_office	presidential_office	presidential_office	presidential_office	presidential_office	ext_members	presidential_office	college_b	college_biatss	consulting_members	college_etudiant	presidential_office	college_b	college_etudiant	presidential_office	presidential_office	other	other	college_biatss	consulting_members	college_b	presidential_office	college_etudiant	other	college_b	consulting_members	presidential_office	college_etudiant	presidential_office	college_etudiant	college_b	consulting_members	college_b	college_b	college_etudiant	presidential_office	consulting_members	presidential_office	college_b	consulting_members	consulting_members	conseil	other	unknown																																																																																																																																																																																																																	
frau-upn_2010040-04_CR_CA_1995-11-13_TEI	presidential_office	unknown	unknown	presidential_office	college_b	consulting_members	presidential_office	presidential_office	presidential_office	college_etudiant	presidential_office	college_b	college_b	college_biatss	consulting_members	college_etudiant	presidential_office	college_etudiant	ext_members	presidential_office	presidential_office	college_b	college_b	presidential_office	college_biatss	college_b	college_biatss	college_b	presidential_office	college_b	college_etudiant	presidential_office	conseil	college_b	college_b	college_a	college_biatss	college_b	college_biatss	college_biatss	presidential_office	college_b	presidential_office	unknown	presidential_office	presidential_office	college_b	conseil	college_b	presidential_office	college_a	presidential_office	presidential_office	college_a	college_b	presidential_office	other	college_b	college_biatss	college_etudiant	college_b	other	presidential_office	college_a	presidential_office	conseil	college_b	other	consulting_members	college_a	college_b	consulting_members	college_etudiant	college_b	presidential_office	unknown																																																																																																																																																																																	
frau-upn_2010040-04_CR_CA_1995-12-11_TEI	presidential_office	other	presidential_office	college_b	presidential_office	presidential_office	presidential_office	college_a	presidential_office	other	presidential_office	college_etudiant	college_etudiant	college_a	college_a	college_etudiant	presidential_office	consulting_members	presidential_office	presidential_office	consulting_members	college_a	conseil	consulting_members	other	presidential_office	college_etudiant	college_b	consulting_members	other	other	college_etudiant	college_b	presidential_office	other	college_b	presidential_office	unknown																																																																																																																																																																																																																							
frau-upn_2010040-05_CR_CA_1996-01-29_TEI	presidential_office	other	presidential_office	college_b	college_b	presidential_office	college_etudiant	college_etudiant	college_etudiant	college_b	presidential_office	other	college_b	consulting_members	presidential_office	college_etudiant	presidential_office	consulting_members	presidential_office	college_a	ext_members	college_biatss	presidential_office	college_b	presidential_office	college_b	presidential_office	college_b	presidential_office	presidential_office	college_etudiant	presidential_office	college_b	presidential_office	college_b	presidential_office	college_biatss	college_b	college_etudiant	presidential_office	unknown																																																																																																																																																																																																																				
frau-upn_2010040-05_CR_CA_1996-02-19_TEI	presidential_office	other	conseil	other	conseil	presidential_office	college_b	presidential_office	other	presidential_office	college_a	college_etudiant	college_b	presidential_office	college_etudiant	college_etudiant	conseil	college_b	college_b	presidential_office	college_biatss	college_b	other	college_a	presidential_office	college_b	presidential_office	college_b	presidential_office	college_b	presidential_office	college_b	presidential_office	college_b	college_b	presidential_office	consulting_members	presidential_office	college_a	presidential_office	college_biatss	other	other	college_a	presidential_office	consulting_members	presidential_office	college_a	presidential_office	college_a	presidential_office	college_b	presidential_office	college_b	college_a	college_b	other	other	other	presidential_office	college_b	other	college_b	college_biatss	college_b	consulting_members	presidential_office	unknown																																																																																																																																																																																									
frau-upn_2010040-05_CR_CA_1996-03-11_TEI	presidential_office	other	other	presidential_office	presidential_office	consulting_members	other	college_b	presidential_office	presidential_office	college_a	other	presidential_office	college_b	presidential_office	consulting_members	presidential_office	college_b	college_b	presidential_office	conseil	college_b	college_a	presidential_office	college_a	college_b	college_b	presidential_office	presidential_office	consulting_members	college_etudiant	consulting_members	presidential_office	college_etudiant	consulting_members	college_b	consulting_members	unknown	college_etudiant	college_etudiant	college_etudiant	college_etudiant	consulting_members	college_b	college_biatss	college_b	consulting_members	college_etudiant	college_etudiant	presidential_office	consulting_members	presidential_office	presidential_office	college_etudiant	unknown	presidential_office	presidential_office	consulting_members	college_b	presidential_office	unknown																																																																																																																																																																																																
frau-upn_2010040-05_CR_CA_1996-04-15_TEI	presidential_office	conseil	college_b	college_b	college_b	presidential_office	college_b	presidential_office	college_b	presidential_office	college_b	presidential_office	presidential_office	college_b	presidential_office	college_a	presidential_office	presidential_office	college_biatss	presidential_office	conseil	presidential_office	presidential_office	college_biatss	presidential_office	college_b	college_etudiant	presidential_office	college_etudiant	college_b	college_b	presidential_office	college_etudiant	college_b	college_b	presidential_office	presidential_office	conseil	presidential_office	college_b	presidential_office	college_b	presidential_office	conseil	unknown																																																																																																																																																																																																																
frau-upn_2010040-05_CR_CA_1996-05-20_TEI	unknown	presidential_office	consulting_members	presidential_office	other	presidential_office	college_b	presidential_office	other	conseil	presidential_office	college_b	conseil	consulting_members	presidential_office	college_biatss	consulting_members	consulting_members	other	unknown	other	presidential_office	consulting_members	college_b	consulting_members	consulting_members	college_b	consulting_members	consulting_members	college_b	presidential_office	conseil	consulting_members	presidential_office	college_b	presidential_office	presidential_office	presidential_office	college_b	college_b	consulting_members	presidential_office	college_b	consulting_members	college_b	consulting_members	presidential_office	consulting_members	presidential_office	conseil	other	presidential_office	college_b	presidential_office	other	presidential_office	conseil	college_b	presidential_office	conseil	college_b	other	college_b	college_a	college_b	college_etudiant	college_b	college_etudiant	conseil	other	conseil	unknown																																																																																																																																																																																					
frau-upn_2010040-05_CR_CA_1996-07-01_TEI	presidential_office	presidential_office	other	presidential_office	consulting_members	presidential_office	consulting_members	presidential_office	other	presidential_office	consulting_members	consulting_members	college_a	consulting_members	college_b	college_b	consulting_members	college_a	college_b	other	other	college_b	conseil	presidential_office	conseil	college_biatss	college_b	presidential_office	college_b	college_b	presidential_office	college_a	presidential_office	presidential_office	college_a	presidential_office	conseil	college_b	other	presidential_office	conseil	other	consulting_members	other	consulting_members	college_b	presidential_office	presidential_office	other	conseil	consulting_members	conseil	college_b	conseil	presidential_office	conseil	college_b	presidential_office	college_b	presidential_office	presidential_office	college_a	conseil	unknown																																																																																																																																																																																													
frau-upn_2010040-05_CR_CA_1996-09-16_TEI	unknown	presidential_office	presidential_office	college_b	college_b	college_b	college_etudiant	presidential_office	college_b	conseil	college_a	college_biatss	presidential_office	consulting_members	presidential_office	conseil	conseil	other	consulting_members	presidential_office	conseil	presidential_office	consulting_members	consulting_members	college_biatss	conseil	presidential_office	conseil	presidential_office	college_b	presidential_office	consulting_members	conseil	presidential_office	conseil	college_b	college_b	presidential_office	college_etudiant	unknown																																																																																																																																																																																																																					
frau-upn_2010040-05_CR_CA_1997-01-20_TEI	presidential_office	college_a	presidential_office	other	presidential_office	college_b	college_a	presidential_office	presidential_office	college_b	consulting_members	presidential_office	college_etudiant	presidential_office	presidential_office	presidential_office	college_biatss	college_b	consulting_members	college_a	presidential_office	college_b	consulting_members	presidential_office	college_etudiant	presidential_office	conseil	presidential_office	presidential_office	college_b	ext_members	college_b	presidential_office	college_b	college_b	ext_members	college_biatss	presidential_office	consulting_members	ext_members	college_a	college_b	college_biatss	college_biatss	ext_members	college_b	college_b	college_a	presidential_office	conseil	presidential_office	other	consulting_members	presidential_office	conseil	presidential_office	other	consulting_members	unknown																																																																																																																																																																																																		
frau-upn_2010040-05_CR_CA_1997-02-24_TEI	presidential_office	presidential_office	other	college_b	presidential_office	presidential_office	conseil	unknown	conseil	consulting_members	presidential_office	presidential_office	presidential_office	college_a	presidential_office	college_b	presidential_office	consulting_members	college_b	presidential_office	college_b	presidential_office	college_a	college_biatss	presidential_office	college_b	conseil	presidential_office	consulting_members	college_biatss	consulting_members	presidential_office	college_etudiant	presidential_office	consulting_members	college_a	presidential_office	college_b	college_etudiant	consulting_members	college_etudiant	presidential_office	college_biatss	conseil	consulting_members	college_a	conseil	conseil	conseil	college_a	presidential_office	consulting_members	presidential_office	college_b	consulting_members	college_etudiant	consulting_members	college_etudiant	consulting_members	unknown																																																																																																																																																																																																	
frau-upn_2010040-05_CR_CA_1997-03-24_TEI	presidential_office	presidential_office	other	presidential_office	college_b	presidential_office	college_b	presidential_office	presidential_office	presidential_office	consulting_members	college_b	presidential_office	college_a	presidential_office	presidential_office	presidential_office	presidential_office	consulting_members	presidential_office	college_a	college_b	college_b	presidential_office	consulting_members	presidential_office	college_b	presidential_office	consulting_members	college_a	presidential_office	presidential_office	presidential_office	presidential_office	presidential_office	conseil	consulting_members	conseil	college_b	college_b	consulting_members	college_etudiant	conseil	college_a	consulting_members	college_b	consulting_members	presidential_office	college_etudiant	other	college_etudiant	college_etudiant	college_etudiant	presidential_office	college_b	unknown																																																																																																																																																																																																					
frau-upn_2010040-05_CR_CA_1997-04-28_TEI	presidential_office	presidential_office	other	presidential_office	presidential_office	college_etudiant	college_etudiant	ext_members	college_etudiant	college_b	college_b	college_biatss	conseil	presidential_office	college_b	conseil	presidential_office	consulting_members	presidential_office	college_biatss	consulting_members	college_biatss	presidential_office	college_biatss	college_etudiant	presidential_office	college_biatss	college_etudiant	presidential_office	presidential_office	consulting_members	consulting_members	college_biatss	college_biatss	consulting_members	presidential_office	college_b	presidential_office	consulting_members	college_a	college_b	college_etudiant	consulting_members	college_b	college_b	other	consulting_members	college_biatss	college_b	consulting_members	presidential_office	unknown																																																																																																																																																																																																									
frau-upn_2010040-05_CR_CA_1997-05-23_TEI	presidential_office	presidential_office	presidential_office	presidential_office	presidential_office	college_b	consulting_members	consulting_members	presidential_office	consulting_members	presidential_office	consulting_members	conseil	presidential_office	consulting_members	presidential_office	conseil	presidential_office	conseil	presidential_office	college_b	consulting_members	presidential_office	consulting_members	presidential_office	college_biatss	college_b	presidential_office	college_biatss	presidential_office	college_b	presidential_office	college_etudiant	presidential_office	conseil	consulting_members	college_etudiant	consulting_members	college_biatss	college_etudiant	college_etudiant	consulting_members	conseil	other	presidential_office	other	conseil	consulting_members	college_b	college_etudiant	consulting_members	college_b	consulting_members	college_biatss	presidential_office	conseil	consulting_members	presidential_office	college_a	college_b	conseil	college_etudiant	presidential_office	conseil	college_b	presidential_office	unknown																																																																																																																																																																																										
frau-upn_2010040-05_CR_CA_1997-06-30_TEI	presidential_office	college_b	college_b	other	presidential_office	presidential_office	college_etudiant	college_b	college_b	presidential_office	college_a	presidential_office	other	presidential_office	consulting_members	presidential_office	presidential_office	consulting_members	presidential_office	consulting_members	consulting_members	other	presidential_office	presidential_office	ext_members	presidential_office	consulting_members	college_biatss	college_biatss	presidential_office	presidential_office	college_b	presidential_office	consulting_members	presidential_office	college_b	presidential_office	consulting_members	other	consulting_members	college_etudiant	college_etudiant	consulting_members	conseil	presidential_office	conseil	consulting_members	college_biatss	college_b	consulting_members	conseil	college_b	conseil	presidential_office	other	presidential_office	other	presidential_office	presidential_office	conseil	college_biatss	unknown																																																																																																																																																																																															
frau-upn_2010040-05_CR_CA_1997-09-22_TEI	presidential_office	presidential_office	presidential_office	presidential_office	presidential_office	presidential_office	college_biatss	presidential_office	consulting_members	conseil	presidential_office	college_biatss	presidential_office	presidential_office	consulting_members	presidential_office	college_b	presidential_office	presidential_office	consulting_members	unknown	presidential_office	conseil	presidential_office	conseil	presidential_office	college_b	consulting_members	college_a	college_a	college_b	presidential_office	consulting_members	presidential_office	college_biatss	ext_members	college_b	unknown	presidential_office	presidential_office	other	college_b	presidential_office	unknown																																																																																																																																																																																																																	
frau-upn_2010040-05_CR_CA_1997-11-17_TEI	presidential_office	college_etudiant	college_biatss	presidential_office	other	presidential_office	unknown	presidential_office	college_b	presidential_office	college_a	conseil	college_a	college_a	college_a	consulting_members	college_a	unknown	college_a	other	presidential_office	other	college_biatss	college_a	presidential_office	unknown																																																																																																																																																																																																																																			
frau-upn_2010040-05_CR_CA_1997-12-01_TEI	presidential_office	presidential_office	college_b	presidential_office	college_b	presidential_office	consulting_members	consulting_members	consulting_members	presidential_office	consulting_members	college_a	consulting_members	college_b	presidential_office	consulting_members	conseil	college_b	conseil	college_b	presidential_office	conseil	college_a	conseil	other	conseil	presidential_office	other	college_biatss	other	consulting_members	consulting_members	other	presidential_office	conseil	consulting_members	college_a	consulting_members	presidential_office	college_a	presidential_office	college_b	college_etudiant	conseil	presidential_office	college_a	college_a	college_a	consulting_members	conseil	college_a	college_biatss	consulting_members	college_b	presidential_office	conseil	college_a	college_biatss	college_a	presidential_office	college_biatss	consulting_members	consulting_members	college_biatss	college_biatss	conseil	college_a	college_a	college_a	college_etudiant	college_a	college_etudiant	consulting_members	unknown	unknown																																																																																																																																																																																		
frau-upn_2010040-05_CR_CA_1998-01-19_TEI	consulting_members	presidential_office	presidential_office	other	presidential_office	college_b	presidential_office	college_biatss	presidential_office	college_biatss	presidential_office	presidential_office	college_biatss	ext_members	unknown	other	college_a	college_etudiant	presidential_office	consulting_members	college_etudiant	college_etudiant	college_b	presidential_office	consulting_members	conseil	consulting_members	other	consulting_members	consulting_members	college_b	other	college_a	college_etudiant	college_etudiant	presidential_office	college_a	college_a	college_etudiant	consulting_members	college_a	other	college_b	college_a	other	college_a	consulting_members	college_a	consulting_members	college_etudiant	presidential_office	college_biatss	presidential_office	college_b	presidential_office	college_etudiant	consulting_members	presidential_office	college_etudiant	presidential_office	presidential_office	conseil	consulting_members	other	conseil	presidential_office	presidential_office	presidential_office	consulting_members	presidential_office	conseil	college_etudiant	presidential_office	college_a	college_etudiant	college_etudiant	college_b	college_a	college_a	presidential_office	college_etudiant	unknown																																																																																																																																																																											
frau-upn_2010040-05_CR_CA_1998-02-09_TEI	presidential_office	college_etudiant	presidential_office	presidential_office	college_a	presidential_office	unknown	presidential_office	college_b	college_a	presidential_office	unknown	presidential_office	college_b	presidential_office	college_b	presidential_office	presidential_office	unknown	unknown	presidential_office	college_etudiant	presidential_office	presidential_office	college_etudiant	presidential_office	college_etudiant	presidential_office	presidential_office	college_a	college_etudiant	presidential_office	college_biatss	presidential_office	conseil	college_b	presidential_office	presidential_office	college_etudiant	presidential_office	unknown																																																																																																																																																																																																																				
frau-upn_2010040-05_CR_CA_1998-03-09_TEI	presidential_office	presidential_office	presidential_office	consulting_members	presidential_office	consulting_members	presidential_office	presidential_office	college_b	college_etudiant	presidential_office	college_etudiant	college_a	college_a	consulting_members	college_b	consulting_members	college_etudiant	college_a	college_a	college_a	college_etudiant	presidential_office	consulting_members	consulting_members	consulting_members	college_etudiant	college_b	presidential_office	unknown	college_etudiant	consulting_members	college_etudiant	unknown	presidential_office	presidential_office	college_etudiant	college_b	presidential_office	college_a	other	college_a	other	presidential_office	college_etudiant	ext_members	presidential_office	presidential_office	presidential_office	consulting_members	other	other	presidential_office	college_etudiant	presidential_office	college_etudiant	college_etudiant	college_etudiant	college_etudiant	presidential_office	presidential_office	college_b	other	unknown																																																																																																																																																																																													
frau-upn_2010040-05_CR_CA_1998-03-30_TEI	presidential_office	presidential_office	college_a	college_etudiant	college_etudiant	presidential_office	college_etudiant	college_etudiant	presidential_office	other	presidential_office	college_b	college_a	college_etudiant	college_etudiant	consulting_members	other	consulting_members	presidential_office	college_etudiant	consulting_members	presidential_office	consulting_members	college_a	presidential_office	college_etudiant	college_etudiant	college_etudiant	college_etudiant	college_biatss	college_a	presidential_office	presidential_office	presidential_office	presidential_office	presidential_office	consulting_members	presidential_office	college_biatss	presidential_office	college_biatss	presidential_office	college_a	presidential_office	presidential_office	college_b	presidential_office	college_biatss	presidential_office	college_etudiant	presidential_office	presidential_office	ext_members	presidential_office	college_a	presidential_office	college_b	presidential_office	presidential_office	consulting_members	college_b	college_b	presidential_office	college_b	college_b	college_a	presidential_office	college_a	presidential_office	college_a	other	presidential_office	college_a	presidential_office	college_etudiant	other	presidential_office	college_etudiant	college_biatss	college_a	college_etudiant	college_etudiant	other	presidential_office	college_etudiant	presidential_office	college_etudiant	college_etudiant	college_etudiant	college_etudiant	college_etudiant	college_etudiant	presidential_office	unknown																																																																																																																																																															
frau-upn_2010040-05_CR_CA_1998-05-04_TEI	presidential_office	presidential_office	college_etudiant	presidential_office	presidential_office	college_biatss	college_etudiant	college_etudiant	presidential_office	presidential_office	other	presidential_office	presidential_office	college_etudiant	presidential_office	consulting_members	presidential_office	presidential_office	college_b	presidential_office	college_etudiant	presidential_office	college_etudiant	presidential_office	presidential_office	presidential_office	conseil	presidential_office	presidential_office	college_etudiant	college_a	college_etudiant	presidential_office	college_etudiant	college_a	presidential_office	college_etudiant	college_b	presidential_office	college_etudiant	college_etudiant	presidential_office	presidential_office	college_a	presidential_office	college_etudiant	college_a	college_biatss	college_etudiant	college_b	ext_members	ext_members	college_etudiant	college_a	presidential_office	college_etudiant	college_etudiant	college_b	presidential_office	unknown	other	presidential_office	college_a	college_a	college_a	college_a	college_etudiant	college_a	college_etudiant	college_b	college_b	consulting_members	presidential_office	college_a	presidential_office	presidential_office	college_etudiant	presidential_office	college_etudiant	presidential_office	unknown	college_biatss	presidential_office	unknown																																																																																																																																																																									
frau-upn_2010040-05_CR_CA_1998-05-25_TEI	presidential_office	presidential_office	other	presidential_office	presidential_office	presidential_office	college_b	presidential_office	consulting_members	consulting_members	consulting_members	unknown	presidential_office	college_etudiant	presidential_office	college_etudiant	presidential_office	college_etudiant	college_b	presidential_office	college_etudiant	college_etudiant	college_a	college_etudiant	presidential_office	consulting_members	presidential_office	unknown	presidential_office	college_etudiant	college_etudiant	college_etudiant	presidential_office	college_biatss	presidential_office	presidential_office	other	college_biatss	college_etudiant	presidential_office	presidential_office	unknown	other	presidential_office	college_etudiant	college_etudiant	college_etudiant	other	presidential_office	college_etudiant	college_etudiant	consulting_members	college_biatss	college_biatss	presidential_office	unknown	presidential_office	college_etudiant	presidential_office	conseil	presidential_office	other	consulting_members	presidential_office	other	consulting_members	presidential_office	presidential_office	college_etudiant	presidential_office	presidential_office	consulting_members	college_biatss	presidential_office	college_biatss	college_b	college_biatss	college_etudiant	college_etudiant	college_b	presidential_office	unknown																																																																																																																																																																											
frau-upn_2010040-05_CR_CA_1998-06-22_TEI	presidential_office	presidential_office	presidential_office	other	presidential_office	unknown	consulting_members	presidential_office	college_etudiant	consulting_members	college_etudiant	college_biatss	presidential_office	college_a	other	consulting_members	presidential_office	unknown	presidential_office	college_a	consulting_members	conseil	presidential_office	unknown	college_b	college_etudiant	presidential_office	other	other	consulting_members	consulting_members	consulting_members	consulting_members	college_etudiant	ext_members	presidential_office	college_a	college_etudiant	presidential_office	presidential_office	presidential_office	college_a	other	conseil	consulting_members	conseil	unknown	unknown																																																																																																																																																																																																													
frau-upn_2010040-05_CR_CA_1998-09-07_TEI	presidential_office	presidential_office	college_a	presidential_office	college_etudiant	presidential_office	college_etudiant	presidential_office	presidential_office	presidential_office	presidential_office	college_etudiant	presidential_office	presidential_office	college_b	presidential_office	college_etudiant	presidential_office	consulting_members	college_a	presidential_office	presidential_office	ext_members	presidential_office	other	consulting_members	college_a	conseil	conseil	consulting_members	college_etudiant	presidential_office	consulting_members	presidential_office	college_biatss	presidential_office	college_b	college_etudiant	presidential_office	unknown	presidential_office	conseil	consulting_members	consulting_members	unknown	college_b	presidential_office	college_etudiant	presidential_office	presidential_office	unknown																																																																																																																																																																																																										
frau-upn_2010040-05_CR_CA_1998-10-05_TEI	presidential_office	presidential_office	college_etudiant	presidential_office	college_a	presidential_office	college_etudiant	college_b	presidential_office	presidential_office	college_etudiant	other	college_etudiant	college_etudiant	presidential_office	presidential_office	consulting_members	college_etudiant	college_b	college_etudiant	presidential_office	college_b	presidential_office	consulting_members	college_biatss	presidential_office	presidential_office	presidential_office	unknown	college_a	presidential_office	presidential_office	presidential_office	college_etudiant	presidential_office	college_etudiant	consulting_members	unknown	presidential_office	presidential_office	college_etudiant	college_a	college_biatss	college_etudiant	other	college_etudiant	other	consulting_members	college_a	presidential_office	consulting_members	college_etudiant	presidential_office	college_b	college_etudiant	consulting_members	presidential_office	other	other	college_a	other	presidential_office	college_etudiant	presidential_office	conseil	presidential_office	consulting_members	presidential_office	presidential_office	conseil	consulting_members	presidential_office	presidential_office	unknown	presidential_office	unknown																																																																																																																																																																																	
frau-upn_2010040-05_CR_CA_1998-11-09_TEI	presidential_office	presidential_office	college_etudiant	college_etudiant	college_a	college_biatss	college_a	other	presidential_office	college_etudiant	presidential_office	college_b	ext_members	presidential_office	presidential_office	college_etudiant	college_etudiant	presidential_office	college_etudiant	college_b	presidential_office	college_etudiant	presidential_office	presidential_office	college_etudiant	college_biatss	ext_members	presidential_office	ext_members	college_a	college_a	college_etudiant	college_b	presidential_office	college_etudiant	ext_members	presidential_office	presidential_office	conseil	college_a	college_etudiant	presidential_office	college_biatss	ext_members	college_etudiant	college_b	college_biatss	presidential_office	college_etudiant	other	college_etudiant	presidential_office	presidential_office	college_etudiant	presidential_office	presidential_office	consulting_members	college_b	presidential_office	other	college_etudiant	presidential_office	unknown																																																																																																																																																																																														
frau-upn_2010040-05_CR_CA_1998-12-14_TEI	presidential_office	presidential_office	college_biatss	college_etudiant	college_b	other	consulting_members	college_a	other	presidential_office	college_a	consulting_members	presidential_office	college_etudiant	consulting_members	college_biatss	presidential_office	college_biatss	ext_members	college_b	college_etudiant	college_a	presidential_office	consulting_members	college_a	college_etudiant	presidential_office	conseil	consulting_members	conseil	presidential_office	presidential_office	consulting_members	presidential_office	consulting_members	college_a	presidential_office	college_a	college_b	college_a	college_b	college_b	consulting_members	presidential_office	consulting_members	college_etudiant	presidential_office	other	presidential_office	college_b	other	presidential_office	college_a	other	consulting_members	unknown	presidential_office	presidential_office	unknown	unknown	college_a	conseil	other	other	college_biatss	consulting_members	unknown																																																																																																																																																																																										
frau-upn_2010040-05_CR_CA_1999-01-18_TEI	presidential_office	presidential_office	college_a	other	presidential_office	college_a	consulting_members	consulting_members	presidential_office	presidential_office	college_etudiant	college_biatss	consulting_members	college_a	college_biatss	consulting_members	consulting_members	college_etudiant	college_biatss	college_b	college_biatss	college_a	ext_members	presidential_office	unknown	consulting_members	other	presidential_office	college_biatss	presidential_office	ext_members	presidential_office	ext_members	consulting_members	presidential_office	college_etudiant	college_biatss	presidential_office	consulting_members	college_b	college_biatss	presidential_office	consulting_members	college_etudiant	presidential_office	college_b	college_biatss	presidential_office	presidential_office	other	consulting_members	presidential_office	other	college_b	presidential_office	presidential_office	college_b	college_biatss	presidential_office	college_a	presidential_office	other	college_etudiant	presidential_office	college_a	college_etudiant																																																																																																																																																																																											
frau-upn_2010040-05_CR_CA_1999-02-15_TEI	presidential_office	presidential_office	unknown	other	consulting_members	college_a	college_etudiant	presidential_office	college_b	ext_members	consulting_members	other	consulting_members	college_b	consulting_members	ext_members	consulting_members	presidential_office	consulting_members	other	consulting_members	college_b	consulting_members	college_a	consulting_members	other	college_a	college_a	college_etudiant	college_a	college_a	college_b	college_etudiant	ext_members	consulting_members	presidential_office	presidential_office	presidential_office	presidential_office	other	college_biatss	consulting_members	college_etudiant	college_biatss	consulting_members	presidential_office	college_etudiant	unknown	college_biatss	other	other	other	consulting_members	presidential_office	other	presidential_office	conseil	consulting_members	college_etudiant	college_etudiant	college_etudiant	consulting_members	college_etudiant	presidential_office	other	other	other	presidential_office	college_etudiant	presidential_office	college_etudiant	other	unknown																																																																																																																																																																																				
frau-upn_2010040-05_CR_CA_1999-03-29_TEI	presidential_office	college_etudiant	other	presidential_office	presidential_office	presidential_office	college_etudiant	college_etudiant	consulting_members	other	consulting_members	consulting_members	presidential_office	college_etudiant	presidential_office	college_etudiant	presidential_office	college_a	presidential_office	college_a	presidential_office	presidential_office	consulting_members	college_biatss	college_etudiant	presidential_office	college_a	college_b	presidential_office	college_a	presidential_office	presidential_office	other	college_etudiant	college_etudiant	presidential_office	college_etudiant	college_etudiant	presidential_office	college_etudiant	presidential_office	other	presidential_office	college_etudiant	college_etudiant	college_etudiant	college_a	college_b	college_a	unknown	presidential_office	consulting_members	college_a	college_etudiant	college_biatss	presidential_office	college_etudiant	other	presidential_office	other	unknown	other	college_a	other	college_etudiant	other	unknown	other	college_etudiant	other	college_etudiant	other	other	college_etudiant	conseil	presidential_office	presidential_office	college_biatss	consulting_members	other	consulting_members	college_a	consulting_members	college_a	unknown	college_etudiant	college_etudiant	college_etudiant	college_etudiant	college_etudiant	college_etudiant	college_b	college_etudiant	presidential_office	college_etudiant	presidential_office	unknown																																																																																																																																																												
frau-upn_2010040-05_CR_CA_1999-05-03_TEI	presidential_office	presidential_office	college_etudiant	other	presidential_office	presidential_office	college_a	other	college_b	presidential_office	college_a	presidential_office	consulting_members	college_a	other	consulting_members	consulting_members	college_a	college_etudiant	presidential_office	presidential_office	college_a	consulting_members	college_b	presidential_office	college_etudiant	college_a	college_etudiant	presidential_office	college_etudiant	consulting_members	college_b	college_biatss	college_a	presidential_office	college_a	college_etudiant	college_etudiant	presidential_office	unknown	consulting_members	other	consulting_members	college_etudiant	college_b	college_etudiant	presidential_office	college_etudiant	presidential_office	college_etudiant	consulting_members	college_etudiant	college_etudiant	college_b	presidential_office	presidential_office	college_b	college_etudiant	presidential_office	college_b	unknown	consulting_members	college_etudiant	consulting_members	consulting_members	ext_members	consulting_members	presidential_office	college_etudiant	college_etudiant	college_etudiant	consulting_members	presidential_office	other	ext_members	presidential_office	college_etudiant	college_b	college_b	college_etudiant	consulting_members	other	other	presidential_office	presidential_office	consulting_members	consulting_members	presidential_office	unknown																																																																																																																																																																				
frau-upn_2010040-05_CR_CA_1999-05-31_TEI	presidential_office	presidential_office	college_etudiant	college_biatss	college_b	unknown	other	presidential_office	presidential_office	presidential_office	presidential_office	college_b	consulting_members	college_etudiant	presidential_office	presidential_office	consulting_members	college_biatss	other	ext_members	presidential_office	consulting_members	presidential_office	college_a	college_etudiant	presidential_office	ext_members	consulting_members	consulting_members	college_a	college_b	consulting_members	college_etudiant	consulting_members	college_a	presidential_office	presidential_office	consulting_members	unknown	presidential_office	consulting_members	other	presidential_office	college_etudiant	college_etudiant	presidential_office	college_etudiant	college_biatss	presidential_office	college_etudiant	college_a	college_biatss	presidential_office	college_b	presidential_office	consulting_members	college_etudiant	other	consulting_members	presidential_office	consulting_members	consulting_members	college_a	college_a	consulting_members	ext_members	consulting_members	consulting_members	college_a	consulting_members	college_b	consulting_members	presidential_office	unknown	consulting_members	consulting_members	presidential_office	presidential_office	college_a	presidential_office	consulting_members	college_b	presidential_office	college_a	unknown	presidential_office	college_etudiant	college_etudiant	college_b	presidential_office	other	presidential_office	other	unknown																																																																																																																																																															
frau-upn_2010040-05_CR_CA_1999-07-05_TEI	presidential_office	presidential_office	unknown	other	presidential_office	consulting_members	college_etudiant	presidential_office	consulting_members	presidential_office	college_etudiant	presidential_office	college_b	presidential_office	presidential_office	consulting_members	college_biatss	college_etudiant	college_a	college_etudiant	presidential_office	unknown	presidential_office	consulting_members	consulting_members	college_a	presidential_office	college_etudiant	consulting_members	presidential_office	presidential_office	presidential_office	unknown	presidential_office	consulting_members	consulting_members	consulting_members	unknown	consulting_members	consulting_members	consulting_members	unknown	consulting_members	consulting_members	college_etudiant	college_etudiant	college_etudiant	college_etudiant	college_biatss	college_etudiant	college_etudiant	presidential_office	college_b	college_a	college_etudiant	presidential_office	unknown	presidential_office	other	presidential_office	college_a	other	college_a	other	college_etudiant	college_a	college_biatss	college_etudiant	college_a	unknown	other	consulting_members	unknown	other	consulting_members	unknown	other	college_a	other	college_b	presidential_office	consulting_members	presidential_office	presidential_office	college_a	presidential_office	college_etudiant	presidential_office	college_a	college_b	college_b	college_biatss	college_etudiant	college_etudiant	college_etudiant	college_a	college_b	college_a	presidential_office	college_a	consulting_members	unknown	college_etudiant	consulting_members	college_etudiant	consulting_members	college_etudiant	presidential_office	unknown	college_etudiant	presidential_office	conseil	college_etudiant	presidential_office	college_etudiant	college_biatss	presidential_office	unknown																																																																																																																																							
frau-upn_2010040-05_CR_CA_1999-09-20_TEI	presidential_office	college_etudiant	other	consulting_members	presidential_office	consulting_members	presidential_office	presidential_office	consulting_members	college_etudiant	presidential_office	presidential_office	college_biatss	presidential_office	other	presidential_office	consulting_members	college_etudiant	college_a	college_biatss	consulting_members	presidential_office	consulting_members	college_b	conseil	presidential_office	consulting_members	conseil	presidential_office	college_a	college_a	presidential_office	college_a	college_biatss	consulting_members	college_a	college_biatss	presidential_office	ext_members	college_biatss	consulting_members	unknown	conseil	unknown																																																																																																																																																																																																																	
frau-upn_2010040-05_CR_CA_1999-10-18_TEI	presidential_office	college_etudiant	other	presidential_office	college_etudiant	college_etudiant	college_biatss	college_etudiant	presidential_office	college_biatss	college_etudiant	college_a	consulting_members	college_etudiant	college_etudiant	unknown	other	unknown	consulting_members	college_a	consulting_members	other	other	consulting_members	presidential_office	consulting_members	college_a	college_etudiant	college_a	presidential_office	presidential_office	consulting_members	college_a	presidential_office	college_a	consulting_members	college_a	consulting_members	college_a	presidential_office	college_a	presidential_office	consulting_members	college_a	college_etudiant	college_etudiant	college_biatss	college_etudiant	college_etudiant	college_etudiant	college_a	unknown	consulting_members	other	presidential_office	college_etudiant	presidential_office	college_a	college_etudiant	presidential_office	consulting_members	presidential_office	unknown	consulting_members	college_biatss	other	other	college_a	other	consulting_members	other	presidential_office	consulting_members	college_a	other	college_etudiant	consulting_members	college_etudiant	presidential_office	college_biatss	college_etudiant	college_a	college_biatss	college_etudiant	presidential_office	college_etudiant	presidential_office	unknown																																																																																																																																																																					
frau-upn_2010040-05_PV_CA_1999-11-22_TEI	presidential_office	college_b	other	presidential_office	college_b	college_etudiant	other	consulting_members	college_etudiant	college_etudiant	college_etudiant	college_etudiant	presidential_office	consulting_members	college_etudiant	unknown	college_etudiant	consulting_members	unknown	college_biatss	consulting_members	college_etudiant	conseil	college_etudiant	college_etudiant	college_etudiant	consulting_members	presidential_office	college_etudiant	presidential_office	college_a	unknown	consulting_members	conseil	presidential_office	college_etudiant	college_etudiant	presidential_office	college_a	college_etudiant	college_a	college_etudiant	presidential_office	college_a	presidential_office	college_etudiant	college_biatss	consulting_members	college_etudiant	conseil	presidential_office	consulting_members	other	consulting_members	college_etudiant	other	other	college_etudiant	presidential_office	college_a	presidential_office	college_etudiant	presidential_office	college_a	other	college_etudiant	presidential_office	college_etudiant	college_etudiant	college_a	presidential_office	college_b	college_a	other																																																																																																																																																																																			
frau-upn_2010040-05_PV_CA_1999-12-13_TEI	presidential_office	presidential_office	college_b	college_etudiant	other	presidential_office	presidential_office	presidential_office	consulting_members	college_a	other	consulting_members	presidential_office	consulting_members	consulting_members	college_a	college_etudiant	presidential_office	college_a	unknown	consulting_members	other	consulting_members	other	presidential_office	college_etudiant	college_etudiant	presidential_office	presidential_office	other	presidential_office	consulting_members	presidential_office	college_biatss	consulting_members	presidential_office	presidential_office	presidential_office	college_biatss	presidential_office	college_etudiant	presidential_office	presidential_office	other	college_b	presidential_office	college_biatss	college_biatss	presidential_office	college_a	college_etudiant	presidential_office	college_b	college_etudiant	presidential_office	college_etudiant	presidential_office	college_a	college_etudiant	consulting_members	unknown	college_biatss	conseil	consulting_members	other	unknown																																																																																																																																																																																											
frau-upn_2010040-06_PV_CA_2000-01-17_TEI	presidential_office	college_etudiant	other	presidential_office	consulting_members	consulting_members	presidential_office	consulting_members	presidential_office	presidential_office	college_etudiant	presidential_office	college_etudiant	presidential_office	college_biatss	presidential_office	college_etudiant	presidential_office	college_etudiant	presidential_office	college_etudiant	college_a	college_etudiant	presidential_office	college_a	college_etudiant	conseil	presidential_office	college_etudiant	presidential_office	presidential_office	presidential_office	college_etudiant	college_etudiant	ext_members	college_etudiant	college_biatss	college_etudiant	other	presidential_office	unknown	consulting_members	other	presidential_office	presidential_office	presidential_office	presidential_office	college_etudiant	presidential_office	unknown																																																																																																																																																																																																											
frau-upn_2010040-06_PV_CA_2000-02-21_TEI	unknown	other	presidential_office	consulting_members	presidential_office	college_a	presidential_office	college_etudiant	college_etudiant	college_etudiant	consulting_members	presidential_office	college_b	college_etudiant	college_a	presidential_office	college_etudiant	other	college_etudiant	college_biatss	college_etudiant	college_a	college_etudiant	presidential_office	unknown	consulting_members	other	presidential_office	college_etudiant	college_etudiant	college_etudiant	college_etudiant	college_etudiant	other	other	college_a	college_b	college_a	presidential_office	college_etudiant	presidential_office	college_b	presidential_office	other	college_a	college_etudiant	college_b	other	college_a	college_b	other	college_a	other	college_a	college_b	presidential_office	college_a	presidential_office	college_etudiant	college_a	college_biatss	college_b	college_etudiant	presidential_office	college_biatss	college_b	ext_members	college_b	other	presidential_office	college_b	presidential_office	presidential_office	presidential_office	college_etudiant	college_b	college_etudiant	college_etudiant	college_etudiant	presidential_office	college_b	unknown	presidential_office	other	consulting_members	other	unknown	other	presidential_office	college_etudiant	college_a	college_etudiant	college_a	college_etudiant	college_a	college_etudiant	presidential_office	college_etudiant	presidential_office	college_etudiant	college_a	college_b	college_etudiant	presidential_office	presidential_office	college_etudiant	unknown																																																																																																																																																		
frau-upn_2010040-06_PV_CA_2000-03-13_TEI	presidential_office	presidential_office	college_etudiant	college_etudiant	college_etudiant	college_etudiant	consulting_members	other	presidential_office	ext_members	college_etudiant	presidential_office	college_etudiant	presidential_office	consulting_members	consulting_members	college_a	consulting_members	college_etudiant	college_b	consulting_members	college_biatss	presidential_office	consulting_members	college_etudiant	college_b	presidential_office	college_etudiant	presidential_office	consulting_members	college_etudiant	unknown	college_etudiant	consulting_members	college_etudiant	presidential_office	ext_members	college_etudiant	college_b	presidential_office	college_etudiant	ext_members	presidential_office	presidential_office	consulting_members	college_b	consulting_members	college_etudiant	presidential_office	college_etudiant	consulting_members	other	presidential_office	consulting_members	consulting_members	college_etudiant	consulting_members	presidential_office	college_a	consulting_members	college_a	college_b	consulting_members	consulting_members	college_etudiant	consulting_members	college_b	consulting_members	presidential_office	college_b	presidential_office	college_b	conseil	other	presidential_office	presidential_office	presidential_office	college_a	presidential_office	presidential_office	presidential_office	presidential_office	presidential_office	other	presidential_office	other	college_etudiant	presidential_office	consulting_members	presidential_office	other	presidential_office	consulting_members	college_etudiant	presidential_office	college_b	presidential_office	college_b	presidential_office	college_b	presidential_office	presidential_office	presidential_office	other	unknown																																																																																																																																																				
frau-upn_2010040-06_PV_CA_2000-05-04_TEI	presidential_office	presidential_office	college_biatss	college_etudiant	college_biatss	presidential_office	college_b	college_etudiant	other	presidential_office	presidential_office	college_b	presidential_office	presidential_office	college_etudiant	presidential_office	presidential_office	consulting_members	college_etudiant	presidential_office	college_b	presidential_office	presidential_office	college_biatss	presidential_office	college_biatss	presidential_office	college_etudiant	college_a	college_biatss	college_etudiant	presidential_office	college_etudiant	presidential_office	college_b	other	consulting_members	other	consulting_members	college_etudiant	presidential_office	college_etudiant	college_etudiant	college_etudiant	college_b	presidential_office	unknown	college_a	other	presidential_office	college_etudiant	other	consulting_members	other	presidential_office	college_etudiant	college_etudiant	college_a	college_biatss	presidential_office	unknown																																																																																																																																																																																																
frau-upn_2010040-06_PV_CA_2000-05-22_1_TEI	presidential_office	presidential_office	college_etudiant	other	consulting_members	presidential_office	college_biatss	consulting_members	consulting_members	consulting_members	college_biatss	presidential_office	college_biatss	presidential_office	college_b	consulting_members	unknown	consulting_members	unknown	consulting_members	other	consulting_members	college_etudiant	presidential_office	consulting_members	consulting_members	presidential_office	college_b	college_a	presidential_office	college_etudiant	presidential_office	college_etudiant	college_b	presidential_office	presidential_office	other	college_a	other	consulting_members	presidential_office	consulting_members	college_a	college_etudiant	college_a	consulting_members	other	unknown																																																																																																																																																																																																													
frau-upn_2010040-06_PV_CA_2000-05-22_2_TEI	unknown	consulting_members	presidential_office	consulting_members	unknown	consulting_members	consulting_members	unknown	consulting_members	college_biatss	unknown	consulting_members	unknown	consulting_members	consulting_members	college_biatss	consulting_members	college_biatss	college_b	presidential_office	unknown	consulting_members	college_etudiant	college_b	unknown	consulting_members	consulting_members	college_biatss	college_a	presidential_office	unknown	consulting_members	college_b	presidential_office	college_etudiant	presidential_office	college_b	ext_members	presidential_office	unknown	other	college_biatss	presidential_office	college_etudiant	other	college_etudiant	presidential_office	college_b	presidential_office	other	presidential_office	college_a	college_etudiant	presidential_office	other	presidential_office	consulting_members	college_a	presidential_office	college_b	consulting_members	unknown	college_a	unknown	presidential_office	ext_members	presidential_office	unknown	college_etudiant	college_a	unknown																																																																																																																																																																																						
frau-upn_2010040-06_PV_CA_2000-07-03_TEI	presidential_office	college_b	college_etudiant	other	other	presidential_office	presidential_office	presidential_office	consulting_members	college_etudiant	presidential_office	consulting_members	college_b	college_biatss	other	college_etudiant	presidential_office	college_biatss	presidential_office	presidential_office	consulting_members	presidential_office	college_etudiant	consulting_members	college_a	consulting_members	college_b	consulting_members	college_etudiant	presidential_office	other	college_biatss	presidential_office	consulting_members	presidential_office	presidential_office	college_etudiant	presidential_office	consulting_members	presidential_office	consulting_members	other	presidential_office	other	consulting_members	consulting_members	other	college_b	presidential_office	college_b	other	consulting_members	consulting_members	other	consulting_members	other	college_b	consulting_members	other	consulting_members	presidential_office	other	consulting_members	other	consulting_members	other	consulting_members	consulting_members	other	consulting_members	other	consulting_members	unknown	presidential_office	consulting_members	college_etudiant	other	presidential_office	college_etudiant	college_b	consulting_members	presidential_office	other	presidential_office	college_etudiant	presidential_office	other	presidential_office	presidential_office	college_etudiant	presidential_office	consulting_members	college_etudiant	other	consulting_members	presidential_office	consulting_members	college_b	consulting_members	presidential_office	consulting_members	college_etudiant	other	other	presidential_office	presidential_office	college_etudiant	presidential_office	college_etudiant	college_etudiant	presidential_office	unknown																																																																																																																																													
frau-upn_2010040-06_PV_CA_2000-09-25_TEI	presidential_office	college_etudiant	other	presidential_office	consulting_members	college_etudiant	presidential_office	college_etudiant	consulting_members	presidential_office	college_etudiant	college_etudiant	other	unknown	presidential_office	presidential_office	consulting_members	college_a	consulting_members	college_b	presidential_office	college_etudiant	presidential_office	college_etudiant	presidential_office	presidential_office	presidential_office	college_etudiant	college_b	consulting_members	college_a	presidential_office	consulting_members	consulting_members	college_biatss	presidential_office	college_b	consulting_members	presidential_office	presidential_office	college_biatss	presidential_office	college_biatss	consulting_members	college_biatss	consulting_members	presidential_office	college_b	college_biatss	presidential_office	college_biatss	presidential_office	consulting_members	college_b	college_b	other	presidential_office	presidential_office	conseil	college_a	presidential_office	college_a	presidential_office	college_biatss	conseil	college_a	presidential_office	consulting_members	presidential_office	college_a	presidential_office	consulting_members	college_biatss	presidential_office	other	other	other	college_etudiant	presidential_office	other	college_etudiant	other	other	other	college_etudiant	other	unknown																																																																																																																																																																						
frau-upn_2010040-06_PV_CA_2000-10-09_TEI	presidential_office	college_etudiant	presidential_office	college_etudiant	other	presidential_office	college_etudiant	presidential_office	college_etudiant	consulting_members	college_etudiant	consulting_members	college_b	presidential_office	consulting_members	conseil	other	consulting_members	presidential_office	college_a	college_b	presidential_office	consulting_members	college_etudiant	presidential_office	presidential_office	college_etudiant	consulting_members	college_b	college_a	other	consulting_members	college_a	presidential_office	college_b	presidential_office	college_biatss	presidential_office	college_biatss	college_a	presidential_office	other	presidential_office	presidential_office	consulting_members	presidential_office	college_a	college_etudiant	presidential_office	presidential_office	college_b	presidential_office	college_etudiant	consulting_members	college_b	consulting_members	college_biatss	consulting_members	college_etudiant	ext_members	presidential_office	other	other	other	consulting_members	other	college_etudiant	unknown																																																																																																																																																																																									
frau-upn_2010040-06_PV_CA_2000-10-23_1_TEI	presidential_office	college_etudiant	unknown	presidential_office	consulting_members	presidential_office	consulting_members	presidential_office	consulting_members	college_a	presidential_office	college_a	college_a	presidential_office	consulting_members	college_b	presidential_office	college_biatss	college_etudiant	presidential_office	college_etudiant	presidential_office	consulting_members	consulting_members	consulting_members	presidential_office	consulting_members	college_etudiant	college_etudiant	college_a	unknown	college_etudiant	college_etudiant	presidential_office	unknown	college_etudiant	college_biatss	unknown																																																																																																																																																																																																																							
frau-upn_2010040-06_PV_CA_2000-10-23_2_TEI	unknown	unknown	college_etudiant	presidential_office	college_etudiant	college_b	presidential_office	consulting_members	college_etudiant	presidential_office	college_etudiant	consulting_members	college_etudiant	consulting_members	consulting_members	college_etudiant	consulting_members	consulting_members	consulting_members	college_a	unknown	consulting_members	college_b	presidential_office	unknown	consulting_members	presidential_office	unknown	consulting_members	presidential_office	ext_members	presidential_office	consulting_members	unknown	unknown	unknown	consulting_members	presidential_office	college_a	unknown	consulting_members	other	unknown	consulting_members	unknown	presidential_office	college_etudiant	presidential_office	presidential_office	consulting_members	presidential_office	presidential_office	other	presidential_office	other	unknown	unknown	presidential_office	other	presidential_office	consulting_members	presidential_office	college_etudiant	presidential_office	other	consulting_members	college_etudiant	college_biatss	college_biatss	presidential_office	unknown	unknown																																																																																																																																																																																					
frau-upn_2010040-06_PV_CA_2000-11-20_TEI	presidential_office	college_etudiant	other	consulting_members	ext_members	college_etudiant	college_b	college_biatss	college_etudiant	consulting_members	college_etudiant	college_etudiant	college_b	college_etudiant	college_biatss	consulting_members	presidential_office	college_b	unknown	presidential_office	consulting_members	college_etudiant	presidential_office	college_etudiant	presidential_office	college_etudiant	college_etudiant	presidential_office	college_b	presidential_office	college_b	presidential_office	presidential_office	college_etudiant	college_etudiant	college_b	college_a	college_etudiant	college_biatss	college_b	college_etudiant	college_a	consulting_members	conseil	presidential_office	consulting_members	college_etudiant	conseil	consulting_members	other	consulting_members	other	unknown	other	unknown	presidential_office	college_a	consulting_members	college_biatss	presidential_office	college_biatss	college_etudiant	college_biatss	college_a	consulting_members	college_a	unknown	presidential_office	college_etudiant	presidential_office	college_etudiant	presidential_office	unknown																																																																																																																																																																																				
frau-upn_2010040-06_PV_CA_2000-12-11_1_TEI	presidential_office	college_biatss	college_etudiant	college_etudiant	college_etudiant	other	other	consulting_members	college_etudiant	consulting_members	unknown	college_b	presidential_office	presidential_office	consulting_members	college_etudiant	college_etudiant	college_etudiant	consulting_members	college_etudiant	presidential_office	college_biatss	college_etudiant	unknown	presidential_office	unknown	presidential_office	other	presidential_office	college_b	presidential_office	college_etudiant	college_a	college_etudiant	presidential_office	unknown	presidential_office	college_etudiant	college_biatss	other	unknown																																																																																																																																																																																																																				
frau-upn_2010040-06_PV_CA_2000-12-11_2_TEI	unknown	consulting_members	consulting_members	college_a	presidential_office	college_b	presidential_office	consulting_members	unknown	consulting_members	consulting_members	presidential_office	consulting_members	presidential_office	consulting_members	consulting_members	consulting_members	presidential_office	college_b	college_b	college_etudiant	college_etudiant	college_etudiant	presidential_office	college_etudiant	college_a	presidential_office	college_b	presidential_office	college_etudiant	college_biatss	presidential_office	college_b	college_etudiant	presidential_office	consulting_members	college_a	presidential_office	unknown	consulting_members	other	presidential_office	unknown	other	presidential_office	college_biatss	presidential_office	presidential_office	college_etudiant	presidential_office	college_a	college_etudiant	presidential_office	presidential_office	college_biatss	presidential_office	college_biatss	college_etudiant	conseil	presidential_office	college_biatss	college_etudiant	college_a	unknown	unknown																																																																																																																																																																																												
frau-upn_2010040_CR_CA_1989-01-17_TEI	unknown	presidential_office	consulting_members	presidential_office	college_biatss	consulting_members	consulting_members	college_a	consulting_members	presidential_office	consulting_members	consulting_members	unknown	consulting_members	unknown	college_a	consulting_members	consulting_members	consulting_members	unknown	presidential_office	college_b	presidential_office	unknown	presidential_office	consulting_members	unknown	unknown																																																																																																																																																																																																																																	
frau-upn_2010040_CR_CA_1989-02-13_TEI	presidential_office	unknown	presidential_office	presidential_office	consulting_members	other	consulting_members	college_a	presidential_office	college_a	presidential_office	college_etudiant	presidential_office	consulting_members	college_a	college_etudiant	college_b	college_etudiant	college_b	college_a	consulting_members	consulting_members	ext_members	presidential_office	presidential_office	college_a	presidential_office	presidential_office	college_b	presidential_office	unknown	presidential_office	presidential_office	college_biatss	presidential_office	college_biatss	presidential_office	consulting_members	unknown	consulting_members	other	consulting_members	college_b	college_biatss	consulting_members	presidential_office	college_biatss	college_b	college_a	college_a	presidential_office	college_b	consulting_members	unknown	unknown																																																																																																																																																																																																						
frau-upn_2010040_CR_CA_1989-03-13_TEI	presidential_office	presidential_office	presidential_office	presidential_office	presidential_office	presidential_office	presidential_office	presidential_office	presidential_office	presidential_office	college_b	consulting_members	college_a	college_a	college_biatss	consulting_members	consulting_members	college_a	presidential_office	college_etudiant	presidential_office	consulting_members	college_a	college_a	college_etudiant	presidential_office	college_b	presidential_office	college_biatss	presidential_office	college_b	college_etudiant	presidential_office	unknown	ext_members	presidential_office	college_a	consulting_members	consulting_members	college_a	presidential_office	college_a	ext_members	presidential_office	college_b	college_a	unknown	consulting_members	college_b	consulting_members	ext_members	consulting_members	college_b	presidential_office	ext_members	college_b	consulting_members	presidential_office	other	presidential_office	other	presidential_office	presidential_office	presidential_office	unknown																																																																																																																																																																																												
frau-upn_2010040_CR_CA_1989-03-28_TEI	presidential_office	presidential_office	college_biatss	presidential_office	college_etudiant	presidential_office	college_etudiant	college_b	college_a	college_etudiant	presidential_office	unknown	ext_members	presidential_office	college_a	college_b	college_b	presidential_office	presidential_office	consulting_members	college_a	presidential_office	college_etudiant	consulting_members	college_biatss	college_b	presidential_office	presidential_office	college_b	presidential_office	college_etudiant	college_a	presidential_office	unknown																																																																																																																																																																																																																											
frau-upn_2010040_CR_CA_1989-05-02_TEI	consulting_members	presidential_office	college_a	college_b	consulting_members	presidential_office	ext_members	presidential_office	other	presidential_office	college_b	presidential_office	consulting_members	presidential_office	college_biatss	college_biatss	presidential_office	ext_members	presidential_office	college_etudiant	college_b	college_etudiant	ext_members	college_etudiant	presidential_office	college_biatss	consulting_members	consulting_members	presidential_office	presidential_office	unknown	college_b	other	consulting_members	presidential_office	unknown	consulting_members	consulting_members	consulting_members	presidential_office	college_biatss	college_biatss	presidential_office	consulting_members	college_biatss	consulting_members	college_biatss	other	presidential_office	college_biatss	college_biatss	consulting_members	presidential_office	college_biatss	unknown																																																																																																																																																																																																						
frau-upn_2010040_CR_CA_1989-06-19_TEI	presidential_office	presidential_office	college_a	presidential_office	college_a	college_a	college_a	conseil	college_a	other	other	conseil	unknown	unknown	consulting_members	consulting_members	consulting_members	presidential_office	college_a	consulting_members	presidential_office	unknown	other	presidential_office	other	presidential_office	college_b	presidential_office	consulting_members	unknown																																																																																																																																																																																																																															
frau-upn_2010040_CR_CA_1989-07-03_TEI	presidential_office	other	presidential_office	college_b	other	college_b	other	presidential_office	unknown	conseil	other	college_b	other	presidential_office	unknown	consulting_members	other	college_etudiant	other	college_b	other	presidential_office	college_etudiant	unknown	consulting_members	unknown	consulting_members	presidential_office	unknown	other	presidential_office	college_biatss	other	other	presidential_office	unknown																																																																																																																																																																																																																									
frau-upn_2010040_CR_CA_1989-10-02_TEI	presidential_office	consulting_members	college_b	college_a	consulting_members	presidential_office	college_etudiant	consulting_members	presidential_office	college_biatss	college_a	presidential_office	college_b	presidential_office	consulting_members	presidential_office	consulting_members	college_b	presidential_office	college_etudiant	presidential_office	conseil	unknown	unknown																																																																																																																																																																																																																																					
frau-upn_2010040_CR_CA_1989-11-06_TEI	presidential_office	other	college_etudiant	presidential_office	presidential_office	presidential_office	other	presidential_office	college_biatss	presidential_office	presidential_office	consulting_members	college_a	presidential_office	consulting_members	college_a	college_b	consulting_members	presidential_office	unknown	unknown	presidential_office	college_a	consulting_members	presidential_office	unknown	consulting_members	college_a	consulting_members	presidential_office	consulting_members	college_a	college_b	college_a	college_a	college_a	college_a	college_a	consulting_members	unknown	unknown	unknown	unknown	unknown	college_b	presidential_office	college_b	presidential_office	consulting_members	other	college_b	presidential_office	other	presidential_office	consulting_members	college_biatss	presidential_office	unknown																																																																																																																																																																																																			
frau-upn_2010040_CR_CA_1989-11-27_TEI	presidential_office	presidential_office	consulting_members	consulting_members	college_biatss	other	presidential_office	presidential_office	presidential_office	college_a	presidential_office	college_b	college_a	college_biatss	college_etudiant	consulting_members	college_a	ext_members	presidential_office	other	consulting_members	college_etudiant	college_a	consulting_members	college_biatss	college_biatss	presidential_office	college_a	consulting_members	presidential_office	presidential_office	college_biatss	presidential_office	presidential_office	presidential_office	ext_members	college_biatss	presidential_office	college_biatss	college_a	college_a	college_b	unknown	college_biatss	presidential_office	college_biatss	college_b	college_biatss	presidential_office	other	presidential_office	conseil	unknown	presidential_office	presidential_office	presidential_office	college_b	consulting_members	conseil	college_etudiant	presidential_office	presidential_office	college_etudiant	college_etudiant	college_b	college_etudiant	college_b	presidential_office	college_etudiant	presidential_office	college_etudiant	presidential_office	unknown																																																																																																																																																																																				
frau-upn_2010040_CR_CA_1990-01-08_TEI	presidential_office	presidential_office	presidential_office	presidential_office	presidential_office	presidential_office	conseil	presidential_office	presidential_office	college_etudiant	presidential_office	unknown	presidential_office	presidential_office	unknown	college_b	presidential_office	college_etudiant	consulting_members	presidential_office	college_a	consulting_members	college_a	college_a	consulting_members	presidential_office	unknown																																																																																																																																																																																																																																		
frau-upn_2010040_CR_CA_1990-02-05_TEI	presidential_office	other	college_etudiant	presidential_office	other	college_etudiant	presidential_office	college_etudiant	presidential_office	college_etudiant	presidential_office	presidential_office	consulting_members	presidential_office	college_etudiant	presidential_office	unknown	college_etudiant	consulting_members	consulting_members	college_a	presidential_office	unknown																																																																																																																																																																																																																																						
frau-upn_2010040_CR_CA_1990-04-02_TEI	presidential_office	consulting_members	presidential_office	consulting_members	other	ext_members	consulting_members	consulting_members	unknown	other	consulting_members	presidential_office	college_a	consulting_members	unknown	college_etudiant	presidential_office	presidential_office	college_biatss	presidential_office	college_b	consulting_members	college_biatss	presidential_office	college_b	college_etudiant	college_etudiant	consulting_members	ext_members	college_a	college_biatss	college_b	ext_members	presidential_office	college_b	college_biatss	presidential_office	consulting_members	college_b	college_etudiant	college_b	college_biatss	presidential_office	unknown	college_b	unknown	other	college_b	unknown	unknown																																																																																																																																																																																																											
frau-upn_2010040_CR_CA_1990-05-11_TEI	presidential_office	conseil	presidential_office	college_etudiant	presidential_office	college_etudiant	college_b	presidential_office	college_etudiant	college_etudiant	other	presidential_office	consulting_members	college_etudiant	consulting_members	college_etudiant	consulting_members	college_etudiant	college_etudiant	college_b	presidential_office	consulting_members	presidential_office	college_b	college_biatss	presidential_office	college_etudiant	college_b	college_biatss	presidential_office	college_etudiant	college_b	presidential_office	presidential_office	college_a	college_b	presidential_office	college_etudiant	presidential_office	unknown																																																																																																																																																																																																																					
frau-upn_2010040_CR_CA_1990-05-28_TEI	presidential_office	consulting_members	presidential_office	college_biatss	presidential_office	college_etudiant	presidential_office	college_biatss	college_etudiant	presidential_office	college_etudiant	college_biatss	college_etudiant	presidential_office	presidential_office	ext_members	consulting_members	college_biatss	presidential_office	college_etudiant	presidential_office	college_biatss	presidential_office	college_biatss	presidential_office	presidential_office	college_etudiant	other	presidential_office	college_b	unknown	presidential_office	college_a	presidential_office	college_etudiant	presidential_office	consulting_members	college_biatss	presidential_office	presidential_office	other	presidential_office	college_etudiant	college_biatss	college_b	unknown	presidential_office	college_b	presidential_office	college_a	presidential_office	college_b	college_etudiant	college_b	presidential_office	college_b	presidential_office	college_b	college_b	college_etudiant	presidential_office	consulting_members	other	presidential_office	presidential_office	college_b	other	conseil	presidential_office	conseil	unknown	conseil	unknown																																																																																																																																																																																				
frau-upn_2010040_CR_CA_1990-06-25_TEI	presidential_office	college_biatss	presidential_office	other	college_biatss	presidential_office	college_b	presidential_office	unknown	college_b	college_biatss	presidential_office	college_biatss	presidential_office	college_b	unknown	presidential_office	college_a	college_b	presidential_office	college_b	consulting_members	college_b	consulting_members	unknown	presidential_office	unknown	consulting_members	other	other	college_b	presidential_office	college_b	college_b	college_b	college_etudiant	college_a	other	presidential_office	college_etudiant	college_biatss	college_etudiant	consulting_members	college_b	consulting_members	college_etudiant	presidential_office	college_etudiant	presidential_office	consulting_members	college_etudiant	presidential_office	other	presidential_office	consulting_members	college_a	college_b	presidential_office	college_etudiant	other	consulting_members	presidential_office	other	consulting_members	presidential_office	unknown	presidential_office	unknown																																																																																																																																																																																									
frau-upn_2010040_CR_CA_1990-10-08_TEI	presidential_office	other	presidential_office	consulting_members	presidential_office	college_etudiant	consulting_members	presidential_office	college_biatss	college_biatss	college_etudiant	presidential_office	consulting_members	college_b	college_etudiant	consulting_members	college_etudiant	college_b	presidential_office	college_etudiant	college_etudiant	college_biatss	presidential_office	college_etudiant	college_b	presidential_office	college_etudiant	presidential_office	unknown	presidential_office	college_a	presidential_office	consulting_members	presidential_office	presidential_office	unknown	consulting_members	unknown	unknown	conseil	presidential_office	college_a	college_b	college_etudiant	consulting_members	college_etudiant	college_b	college_b	college_a	unknown	unknown	consulting_members	presidential_office	college_etudiant	presidential_office	college_etudiant	presidential_office	college_etudiant	college_b	other	college_etudiant	presidential_office	college_b	presidential_office	college_b	presidential_office	college_etudiant	presidential_office	presidential_office	unknown																																																																																																																																																																																							
frau-upn_2010040_CR_CA_1990-11-12_TEI	presidential_office	college_etudiant	presidential_office	college_biatss	college_etudiant	college_b	college_b	presidential_office	college_etudiant	presidential_office	college_b	college_b	college_etudiant	college_etudiant	college_b	presidential_office	college_a	presidential_office	unknown	presidential_office	unknown	presidential_office	college_b	college_a	presidential_office	college_b	presidential_office	other	consulting_members	other	college_etudiant	other	presidential_office	consulting_members	college_a	college_b	consulting_members	college_b	unknown	college_a	college_a	college_b	college_b	college_etudiant	presidential_office	college_a	consulting_members	ext_members	college_biatss	college_a	college_b	unknown	presidential_office	presidential_office	college_b	presidential_office	college_b	college_etudiant	college_biatss	college_biatss	consulting_members	college_b	college_b	consulting_members	college_b	presidential_office																																																																																																																																																																																											
frau-upn_2010040_CR_CA_1990-12-17_TEI	presidential_office	ext_members	presidential_office	college_a	college_etudiant	presidential_office	consulting_members	presidential_office	presidential_office	college_b	presidential_office	college_etudiant	presidential_office	presidential_office	college_etudiant	presidential_office	consulting_members	college_etudiant	college_b	consulting_members	presidential_office	presidential_office	consulting_members	college_a	presidential_office	unknown	consulting_members	presidential_office	college_b	consulting_members	college_a	unknown	presidential_office	unknown	consulting_members	consulting_members	consulting_members	presidential_office	college_a	consulting_members	college_etudiant	presidential_office	consulting_members	presidential_office	college_etudiant	college_b	presidential_office	college_b	presidential_office	college_etudiant	presidential_office	consulting_members	college_b	presidential_office	college_etudiant	presidential_office	college_biatss	college_a	consulting_members	unknown																																																																																																																																																																																																	
frau-upn_2010040_PV_CA_2004-01-26_1_TEI	presidential_office	presidential_office	college_etudiant	college_etudiant	college_etudiant	presidential_office	college_etudiant	college_a	college_b	other	presidential_office	ext_members	presidential_office	college_etudiant	presidential_office	college_b	college_etudiant	college_b	college_etudiant	college_b	college_etudiant	college_a	presidential_office	college_b	college_a	college_etudiant	college_etudiant	conseil	presidential_office	college_biatss	college_etudiant	presidential_office	college_etudiant	ext_members	presidential_office	college_b	consulting_members	college_a	college_biatss	conseil	presidential_office	college_a	college_a	consulting_members	college_etudiant	presidential_office	college_etudiant	presidential_office	college_b	college_a	college_etudiant	college_biatss	consulting_members	college_a	college_etudiant	consulting_members	presidential_office	college_etudiant	consulting_members	college_a	college_etudiant	college_biatss	consulting_members	presidential_office	consulting_members	presidential_office	presidential_office	consulting_members	presidential_office	unknown	conseil	unknown																																																																																																																																																																																					
frau-upn_2010040_PV_CA_2004-01-26_2_TEI	unknown	presidential_office	presidential_office	college_etudiant	college_etudiant	college_biatss	ext_members	consulting_members	college_etudiant	consulting_members	college_etudiant	college_etudiant	college_etudiant	college_b	ext_members	presidential_office	presidential_office	college_a	consulting_members	consulting_members	college_a	college_a	college_a	consulting_members	presidential_office	consulting_members	consulting_members	college_biatss	consulting_members	college_a	consulting_members	consulting_members	college_a	college_b	college_a	college_etudiant	college_etudiant	college_etudiant	college_b	consulting_members	college_a	college_a	college_a	college_b	college_etudiant	consulting_members	college_biatss	presidential_office	college_biatss	college_a	consulting_members	consulting_members	consulting_members	college_etudiant	college_b	college_b	college_etudiant	presidential_office	consulting_members	college_a	college_b	consulting_members	college_a	college_biatss	college_a	college_a	college_b	ext_members	presidential_office	presidential_office	presidential_office	college_biatss	conseil	consulting_members	college_etudiant	presidential_office	college_b	consulting_members	consulting_members	consulting_members	consulting_members	college_b	college_a	presidential_office	college_etudiant	presidential_office	college_a	consulting_members	consulting_members	consulting_members	consulting_members	college_a	college_a	consulting_members	consulting_members	college_etudiant	college_biatss	consulting_members	college_etudiant	college_etudiant	college_b	presidential_office	college_biatss	presidential_office	presidential_office	presidential_office	consulting_members	college_a	college_b	college_etudiant	presidential_office	college_b	college_etudiant	consulting_members	other	presidential_office	other	presidential_office																																																																																																																																							
frau-upn_2010040_PV_CA_2004-02-16_TEI	presidential_office	presidential_office	college_biatss	presidential_office	college_a	presidential_office	college_biatss	consulting_members	presidential_office	ext_members	college_a	college_a	presidential_office	college_a	presidential_office	ext_members	presidential_office	college_etudiant	college_biatss	college_a	college_b	presidential_office	college_a	college_a	college_a	college_a	other	college_etudiant	college_a	presidential_office	consulting_members	presidential_office	presidential_office	conseil	college_etudiant	college_biatss	college_etudiant	college_etudiant	college_a	college_etudiant	college_b	college_biatss	presidential_office	college_biatss	college_etudiant	college_a	consulting_members	presidential_office	college_a	unknown	college_etudiant	unknown	presidential_office	unknown	college_b	college_a	college_etudiant	college_b	college_etudiant	ext_members	college_a	college_a	college_etudiant	unknown	college_b	college_biatss	consulting_members	college_biatss	college_b	college_biatss	consulting_members	consulting_members	college_biatss	college_biatss	college_b	consulting_members	unknown	conseil	conseil	presidential_office	college_etudiant	presidential_office	college_a	presidential_office	consulting_members	unknown	consulting_members	college_a	unknown	presidential_office	unknown	presidential_office	conseil	presidential_office	unknown	conseil	unknown																																																																																																																																																												
frau-upn_2010040_PV_CA_2004-03-22_TEI	presidential_office	presidential_office	college_etudiant	college_etudiant	unknown	unknown	presidential_office	college_etudiant	presidential_office	college_etudiant	presidential_office	college_etudiant	presidential_office	presidential_office	consulting_members	consulting_members	consulting_members	college_etudiant	presidential_office	college_etudiant	consulting_members	college_a	college_b	consulting_members	college_b	college_a	college_biatss	college_a	presidential_office	college_etudiant	presidential_office	college_etudiant	college_biatss	presidential_office	college_biatss	college_a	college_etudiant	college_etudiant	college_etudiant	consulting_members	college_biatss	consulting_members	college_biatss	college_b	college_a	college_a	college_a	presidential_office	college_etudiant	presidential_office	unknown	college_etudiant	college_etudiant	presidential_office	college_biatss	college_a	college_biatss	presidential_office	unknown	consulting_members	college_etudiant	college_a	college_a	college_a	college_a	college_b	college_biatss	consulting_members	college_a	college_etudiant	presidential_office	college_etudiant	college_a	college_etudiant	consulting_members	presidential_office	consulting_members	college_etudiant	consulting_members	college_etudiant	college_b	college_a	college_a	college_etudiant	college_a	college_etudiant	college_b	college_etudiant	consulting_members	college_etudiant	college_a	college_etudiant	college_b	college_etudiant	presidential_office	consulting_members	unknown	consulting_members	college_a	consulting_members	college_a	consulting_members	college_etudiant	college_etudiant	consulting_members	college_etudiant	college_b	college_etudiant	presidential_office	college_a	unknown	consulting_members	unknown	consulting_members	college_b	unknown	presidential_office	consulting_members	college_etudiant	consulting_members	unknown	presidential_office	unknown	presidential_office	presidential_office	college_etudiant	presidential_office	college_b	college_etudiant	college_a	consulting_members	college_etudiant	college_biatss	ext_members	consulting_members	presidential_office	college_etudiant	presidential_office	consulting_members	presidential_office	unknown																																																																																																																
frau-upn_2010040_PV_CA_2004-04-26_TEI	presidential_office	presidential_office	college_etudiant	presidential_office	college_etudiant	college_etudiant	ext_members	college_etudiant	other	presidential_office	consulting_members	consulting_members	ext_members	college_etudiant	presidential_office	college_etudiant	presidential_office	college_etudiant	college_b	college_a	college_b	college_biatss	college_etudiant	college_a	college_etudiant	ext_members	college_etudiant	college_a	consulting_members	consulting_members	presidential_office	presidential_office	college_etudiant	presidential_office	presidential_office	college_etudiant	presidential_office	presidential_office	college_etudiant	college_a	consulting_members	college_b	college_a	consulting_members	college_b	consulting_members	college_b	consulting_members	presidential_office	consulting_members	college_etudiant	consulting_members	presidential_office	unknown	college_a	college_b	college_a	college_a	consulting_members	college_a	consulting_members	college_b	college_a	college_a	college_a	consulting_members	college_b	college_biatss	unknown	presidential_office	college_etudiant	consulting_members	conseil	consulting_members	college_a	consulting_members	consulting_members	consulting_members	college_biatss	consulting_members	consulting_members	consulting_members	consulting_members	college_etudiant	college_a	college_b	college_etudiant	college_etudiant	presidential_office	consulting_members	ext_members	college_etudiant	consulting_members	college_etudiant	conseil	college_a	ext_members	unknown	consulting_members	unknown	consulting_members	consulting_members	unknown	consulting_members	presidential_office	unknown	presidential_office	college_etudiant	presidential_office	presidential_office	college_etudiant	unknown																																																																																																																																													
frau-upn_2010040_PV_CA_2004-05-24_TEI	presidential_office	presidential_office	presidential_office	college_etudiant	presidential_office	college_b	college_etudiant	presidential_office	presidential_office	college_a	consulting_members	college_biatss	consulting_members	college_etudiant	consulting_members	consulting_members	college_etudiant	college_a	presidential_office	consulting_members	college_a	consulting_members	presidential_office	consulting_members	college_a	consulting_members	college_a	consulting_members	college_etudiant	college_a	college_b	consulting_members	college_etudiant	consulting_members	presidential_office	college_a	consulting_members	consulting_members	consulting_members	consulting_members	college_etudiant	college_etudiant	college_a	consulting_members	college_etudiant	college_a	college_a	college_b	college_b	college_a	college_etudiant	ext_members	college_etudiant	consulting_members	college_a	consulting_members	college_b	college_a	college_a	college_etudiant	college_a	college_etudiant	college_b	college_biatss	college_b	presidential_office	presidential_office	college_b	presidential_office	presidential_office	college_a	college_etudiant	college_a	college_b	college_a	college_etudiant	college_a	college_etudiant	consulting_members	other	consulting_members	other	consulting_members	other	consulting_members	other	consulting_members	college_etudiant	consulting_members	other	consulting_members	college_a	college_etudiant	consulting_members	college_a	consulting_members	college_etudiant	college_a	college_etudiant	college_etudiant	college_a	consulting_members	college_a	college_a	presidential_office	consulting_members	consulting_members	other	other	unknown	other	unknown	presidential_office	college_etudiant	presidential_office	college_etudiant	presidential_office	college_a	college_etudiant	college_a	college_etudiant	college_a	college_etudiant	presidential_office	college_a	college_b	college_a	college_a	college_etudiant	college_b	college_etudiant	presidential_office	college_etudiant	college_biatss	college_a	college_biatss	college_etudiant	college_etudiant	presidential_office	presidential_office	consulting_members	college_etudiant	presidential_office	college_etudiant	unknown																																																																																																												
frau-upn_2010040_PV_CA_2004-06-28_TEI	presidential_office	presidential_office	presidential_office	college_etudiant	other	presidential_office	consulting_members	conseil	consulting_members	college_etudiant	consulting_members	college_etudiant	presidential_office	college_etudiant	college_etudiant	other	consulting_members	college_etudiant	consulting_members	college_b	consulting_members	college_etudiant	consulting_members	other	consulting_members	college_etudiant	college_etudiant	college_a	college_a	college_b	presidential_office	college_b	college_a	college_a	college_b	college_a	college_b	presidential_office	consulting_members	other	consulting_members	other	college_a	college_a	college_a	consulting_members	ext_members	college_a	consulting_members	college_a	college_b	other	college_a	college_a	college_etudiant	college_a	college_b	college_b	consulting_members	presidential_office	consulting_members	college_a	college_a	consulting_members	college_a	consulting_members	college_a	college_a	consulting_members	college_a	college_etudiant	college_b	consulting_members	presidential_office	college_etudiant	conseil	consulting_members	college_a	consulting_members	college_a	college_a	consulting_members	college_a	consulting_members	college_a	conseil	consulting_members	college_etudiant	consulting_members	other	consulting_members	other	college_a	consulting_members	college_etudiant	college_a	consulting_members	other	college_a	other	consulting_members	other	presidential_office	college_biatss	presidential_office	consulting_members	other	college_etudiant	presidential_office	college_etudiant	college_b	presidential_office	college_etudiant	college_etudiant	unknown																																																																																																																																										
frau-upn_2010040_PV_CA_2004-07-05_TEI	presidential_office	presidential_office	college_biatss	presidential_office	college_biatss	presidential_office	consulting_members	college_etudiant	college_a	college_biatss	college_biatss	consulting_members	college_a	consulting_members	consulting_members	college_b	presidential_office	college_biatss	consulting_members	college_a	college_a	consulting_members	college_biatss	college_etudiant	college_etudiant	college_biatss	presidential_office	college_etudiant	college_biatss	consulting_members	college_biatss	college_a	college_biatss	consulting_members	college_etudiant	college_a	college_etudiant	presidential_office	unknown	presidential_office	presidential_office	consulting_members	unknown	consulting_members	college_biatss	consulting_members	college_biatss	unknown	consulting_members	unknown	presidential_office	consulting_members	college_biatss	consulting_members	college_biatss	consulting_members	college_biatss	college_a	consulting_members	presidential_office	unknown																																																																																																																																																																																																
frau-upn_2010040_PV_CA_2004-09-27_TEI	presidential_office	presidential_office	college_etudiant	unknown	presidential_office	presidential_office	presidential_office	presidential_office	presidential_office	consulting_members	other	presidential_office	college_biatss	college_b	conseil	presidential_office	college_a	college_biatss	college_biatss	college_biatss	college_a	presidential_office	college_a	college_biatss	college_a	college_a	presidential_office	conseil	presidential_office	presidential_office	presidential_office	college_biatss	college_etudiant	presidential_office	college_etudiant	presidential_office	college_biatss	presidential_office	college_biatss	presidential_office	ext_members	presidential_office	college_biatss	presidential_office	presidential_office	college_etudiant	presidential_office	college_a	college_biatss	consulting_members	unknown	presidential_office	college_etudiant	unknown	unknown	presidential_office	college_biatss	unknown	presidential_office	presidential_office	college_biatss	presidential_office	other	presidential_office	consulting_members	college_etudiant	presidential_office	college_etudiant	presidential_office	presidential_office	college_etudiant	presidential_office	college_biatss	presidential_office	college_biatss	presidential_office	unknown																																																																																																																																																																																
frau-upn_2010040_PV_CA_2004-10-04_TEI	presidential_office	presidential_office	presidential_office	presidential_office	presidential_office	ext_members	presidential_office	presidential_office	consulting_members	college_etudiant	consulting_members	presidential_office	ext_members	college_etudiant	consulting_members	college_etudiant	consulting_members	presidential_office	college_a	presidential_office	college_c	college_a	college_c	college_b	consulting_members	college_etudiant	consulting_members	consulting_members	college_etudiant	consulting_members	college_c	consulting_members	conseil	consulting_members	consulting_members	college_etudiant	college_c	college_c	consulting_members	ext_members	college_etudiant	ext_members	consulting_members	presidential_office	college_biatss	presidential_office	consulting_members	consulting_members	presidential_office	college_biatss	college_a	consulting_members	college_a	college_etudiant	college_b	presidential_office	college_c	college_etudiant	consulting_members	college_etudiant	presidential_office	conseil	consulting_members	college_b	presidential_office	conseil	consulting_members	college_etudiant	college_etudiant	college_b	college_etudiant	college_a	presidential_office	consulting_members	college_b	consulting_members	college_etudiant	college_etudiant	consulting_members	college_c	college_biatss	college_etudiant	college_biatss	college_a	consulting_members	college_etudiant	college_biatss	college_etudiant	college_b	presidential_office	consulting_members	college_a	college_etudiant	presidential_office	college_a	consulting_members	college_etudiant	college_biatss	presidential_office	college_etudiant	college_a	presidential_office	presidential_office	consulting_members	presidential_office	consulting_members	college_a	consulting_members	college_a	college_b	college_etudiant	college_b	college_a	college_a	presidential_office	conseil	unknown	presidential_office	conseil	presidential_office	presidential_office	college_b	college_biatss	presidential_office	presidential_office	presidential_office	presidential_office	college_b	presidential_office	college_etudiant	presidential_office	presidential_office	college_b	college_biatss	consulting_members	presidential_office	conseil	unknown																																																																																																																			
frau-upn_2010040_PV_CA_2004-10-25_1_TEI	presidential_office	presidential_office	unknown	other	presidential_office	college_etudiant	college_etudiant	presidential_office	college_etudiant	presidential_office	conseil	presidential_office	consulting_members	college_etudiant	college_etudiant	consulting_members	consulting_members	college_biatss	college_etudiant	presidential_office	conseil	presidential_office	other	presidential_office	presidential_office	consulting_members	college_etudiant	consulting_members	college_etudiant	college_a	presidential_office	consulting_members	college_a	college_biatss	college_b	college_biatss	presidential_office	college_biatss	college_b	college_etudiant	college_b	college_a	consulting_members	presidential_office	conseil	presidential_office	college_etudiant	presidential_office	consulting_members	college_etudiant	conseil																																																																																																																																																																																																										
frau-upn_2010040_PV_CA_2004-10-25_2_TEI	presidential_office	presidential_office	college_etudiant	presidential_office	consulting_members	college_a	consulting_members	college_b	presidential_office	conseil	consulting_members	college_a	college_etudiant	college_etudiant	consulting_members	college_etudiant	presidential_office	college_etudiant	college_a	consulting_members	college_a	college_a	consulting_members	college_a	college_etudiant	college_b	college_a	college_a	consulting_members	college_etudiant	ext_members	presidential_office	college_biatss	college_b	consulting_members	college_biatss	presidential_office	college_a	college_biatss	college_etudiant	presidential_office	presidential_office	college_etudiant	college_etudiant	presidential_office	consulting_members	college_a	consulting_members	college_etudiant	college_b	consulting_members	presidential_office	presidential_office	college_biatss	college_a	consulting_members	college_etudiant	consulting_members	consulting_members	presidential_office	college_etudiant	college_etudiant	college_a	college_a	college_biatss	college_biatss	presidential_office	presidential_office	conseil	presidential_office	consulting_members	consulting_members	presidential_office	college_a	presidential_office	college_a	presidential_office	college_b	presidential_office	consulting_members	conseil	college_a	college_etudiant	conseil	consulting_members	ext_members	college_a	consulting_members	college_a	college_b	college_etudiant	college_b	consulting_members	presidential_office	college_biatss	college_a	presidential_office	conseil	consulting_members	college_a	consulting_members	presidential_office	college_b	college_etudiant	consulting_members	presidential_office	college_biatss	presidential_office	college_a	consulting_members	conseil	college_etudiant	presidential_office	consulting_members	unknown																																																																																																																																										
frau-upn_2010040_PV_CA_2004-11-08_TEI	presidential_office	presidential_office	college_etudiant	presidential_office	presidential_office	consulting_members	presidential_office	presidential_office	college_a	college_a	college_a	presidential_office	college_a	college_etudiant	college_a	presidential_office	college_a	college_a	college_a	presidential_office	conseil	college_a	college_a	college_a	college_b	college_a	college_biatss	consulting_members	college_etudiant	college_etudiant	consulting_members	college_a	college_b	college_biatss	college_a	presidential_office	consulting_members	college_b	college_a	consulting_members	college_a	college_biatss	college_biatss	college_a	ext_members	presidential_office	presidential_office	conseil	consulting_members	presidential_office	conseil	consulting_members	college_a	conseil	presidential_office	consulting_members	college_biatss	consulting_members	college_biatss	consulting_members	college_b	consulting_members	presidential_office	consulting_members	college_a	consulting_members	college_biatss	college_etudiant	presidential_office	college_biatss	consulting_members	college_a	presidential_office	consulting_members	college_a	presidential_office	college_b	college_biatss	presidential_office	college_biatss	college_etudiant	consulting_members	consulting_members	consulting_members	college_etudiant	consulting_members	college_b	consulting_members	consulting_members	consulting_members	presidential_office	consulting_members	college_b	consulting_members	college_etudiant	consulting_members	college_a	consulting_members	college_a	consulting_members	college_biatss	consulting_members	consulting_members	college_a	college_a	conseil	presidential_office	presidential_office	other	unknown																																																																																																																																															
frau-upn_2010040_PV_CA_2004-11-22_1_TEI	presidential_office	presidential_office	presidential_office	college_a	other	college_etudiant	other	presidential_office	college_etudiant	college_etudiant	presidential_office	college_a	presidential_office	college_a	college_etudiant	presidential_office	presidential_office	consulting_members	presidential_office	college_a	college_etudiant	college_a	college_biatss	consulting_members	college_b	consulting_members	college_etudiant	consulting_members	presidential_office	consulting_members	consulting_members	college_b	consulting_members	college_etudiant	presidential_office	college_a	presidential_office	unknown																																																																																																																																																																																																																							
frau-upn_2010040_PV_CA_2004-11-22_2_TEI	unknown	presidential_office	college_b	consulting_members	consulting_members	college_a	consulting_members	presidential_office	college_a	consulting_members	college_a	consulting_members	college_a	college_biatss	college_b	consulting_members	college_a	consulting_members	college_a	college_a	college_etudiant	presidential_office	presidential_office	conseil	consulting_members	college_a	consulting_members	college_a	consulting_members	college_b	consulting_members	college_b	consulting_members	college_etudiant	consulting_members	college_etudiant	college_a	consulting_members	college_etudiant	consulting_members	college_a	college_a	consulting_members	consulting_members	college_etudiant	college_etudiant	consulting_members	presidential_office	presidential_office	conseil	consulting_members	college_a	college_etudiant	college_b	college_a	college_biatss	consulting_members	college_a	consulting_members	college_a	college_a	college_a	consulting_members	college_biatss	consulting_members	college_biatss	college_biatss	college_a	consulting_members	college_a	college_etudiant	presidential_office	college_etudiant	college_a	college_biatss	college_a	college_b	consulting_members	college_etudiant	college_etudiant	college_biatss	college_b	presidential_office	college_biatss	college_a	consulting_members	college_a	college_etudiant	presidential_office	college_a	presidential_office	consulting_members	college_a	college_etudiant	consulting_members	presidential_office	conseil	consulting_members	college_a	consulting_members	college_a	consulting_members	presidential_office	conseil	presidential_office	college_a	college_biatss	presidential_office	presidential_office	college_a	college_a	college_biatss	college_a	presidential_office	presidential_office	consulting_members	college_biatss	presidential_office	consulting_members	presidential_office	conseil	college_etudiant	consulting_members	presidential_office	college_etudiant	presidential_office	college_etudiant	unknown																																																																																																																													
frau-upn_2010040_PV_CA_2004-12-06_TEI	presidential_office	presidential_office	college_etudiant	college_biatss	college_biatss	college_b	college_etudiant	presidential_office	college_b	consulting_members	presidential_office	college_a	presidential_office	presidential_office	college_etudiant	college_a	consulting_members	college_a	college_etudiant	college_etudiant	college_a	college_a	consulting_members	consulting_members	college_b	college_b	presidential_office	college_a	college_b	presidential_office	college_etudiant	presidential_office	college_a	presidential_office	conseil	college_etudiant	college_b	presidential_office	consulting_members	college_etudiant	college_a	college_a	other	college_a	college_etudiant	college_a	consulting_members	consulting_members	college_biatss	consulting_members	consulting_members	college_biatss	ext_members	presidential_office	college_a	consulting_members	college_a	college_biatss	presidential_office	conseil	presidential_office	conseil	presidential_office	college_a	college_etudiant	other	college_etudiant	consulting_members	college_etudiant	college_etudiant	other	college_etudiant	college_a	college_a	college_b	college_a	college_b	college_etudiant	college_etudiant	ext_members	presidential_office	college_etudiant	other	college_etudiant	college_a	presidential_office	ext_members	college_etudiant	college_etudiant	college_a	college_a	presidential_office	presidential_office	conseil	unknown	conseil	unknown	conseil	unknown	presidential_office	conseil	college_etudiant	presidential_office	college_etudiant	college_a	college_a	college_b	college_etudiant	other	college_a	college_a	college_etudiant	presidential_office	college_b	presidential_office	college_etudiant	consulting_members	ext_members	college_etudiant	presidential_office	consulting_members	college_a	college_etudiant	college_biatss	presidential_office	conseil	presidential_office	other	consulting_members	consulting_members	college_biatss	consulting_members	unknown																																																																																																																								
frau-upn_2010040_PV_CA_2004-12-13_TEI	presidential_office	college_a	presidential_office	presidential_office	other	presidential_office	college_b																																																																																																																																																																																																																																																						
frau-upn_2010040_PV_CA_2005-01-31_TEI	presidential_office	presidential_office	college_etudiant	college_etudiant	college_etudiant	presidential_office	presidential_office	other	ext_members	ext_members	presidential_office	ext_members	other	presidential_office	college_b	presidential_office	college_a	consulting_members	presidential_office	ext_members	college_biatss	college_etudiant	college_etudiant	college_b	college_biatss	presidential_office	college_a	college_a	presidential_office	conseil	college_biatss	presidential_office	college_biatss	presidential_office	college_b	presidential_office	conseil	college_a	college_a	presidential_office	presidential_office	consulting_members	college_a	consulting_members	college_biatss	presidential_office	conseil	presidential_office	college_biatss	conseil	college_b	college_biatss	college_b	consulting_members	college_biatss	consulting_members	college_biatss	college_b	college_etudiant	college_b	college_a	college_biatss	college_b	presidential_office	conseil	college_biatss	presidential_office	consulting_members	college_b	college_a	presidential_office	college_a	college_b	college_a	presidential_office	college_b	college_etudiant	college_b	college_b	college_a	college_b	consulting_members	college_b	college_b	college_a	college_b	college_a	ext_members	college_b	presidential_office	college_etudiant	college_b	college_b	ext_members	college_biatss	presidential_office	college_biatss	consulting_members	college_a	college_biatss	college_b	college_biatss	consulting_members	college_etudiant	college_a	college_b	college_a	presidential_office	conseil	college_etudiant	presidential_office	conseil	presidential_office	college_biatss	presidential_office	other	college_etudiant	college_a	college_etudiant	college_a	college_etudiant	college_etudiant	college_a	college_etudiant	consulting_members	college_etudiant	consulting_members	college_biatss	college_biatss	presidential_office	college_etudiant	consulting_members	college_biatss	unknown																																																																																																																							
frau-upn_2010040_PV_CA_2005-02-21_TEI	presidential_office	presidential_office	college_etudiant	presidential_office	consulting_members	other	presidential_office	college_a	consulting_members	college_a	ext_members	presidential_office	college_a	consulting_members	college_biatss	college_a	consulting_members	ext_members	consulting_members	consulting_members	ext_members	ext_members	college_a	college_etudiant	presidential_office	other	college_a	consulting_members	college_a	college_a	college_b	college_a	college_biatss	college_a	college_biatss	college_a	college_a	college_a	college_a	consulting_members	presidential_office	other	college_a	presidential_office	college_etudiant	presidential_office	other	consulting_members	college_biatss	consulting_members	college_biatss	consulting_members	college_b	presidential_office	other	presidential_office	consulting_members	college_a	college_a	college_biatss	consulting_members	presidential_office	ext_members	consulting_members	ext_members	presidential_office	consulting_members	college_b	consulting_members	presidential_office	college_b	consulting_members	college_b	consulting_members	college_a	consulting_members	college_a	college_a	presidential_office	consulting_members	presidential_office	college_a	consulting_members	college_etudiant	college_a	college_a	presidential_office	consulting_members	college_b	consulting_members	consulting_members	consulting_members	consulting_members	college_a	college_a	college_b	consulting_members	consulting_members	presidential_office	consulting_members	college_a	college_a	college_b	consulting_members	college_b	presidential_office	conseil	presidential_office	consulting_members	college_a	college_a	college_etudiant	college_a	consulting_members	consulting_members	college_a	consulting_members	presidential_office	college_a	consulting_members	college_a	college_a	presidential_office	presidential_office	college_etudiant	presidential_office	conseil	presidential_office	other	college_etudiant	presidential_office	college_etudiant	college_a	consulting_members	college_etudiant	consulting_members	unknown																																																																																																																				
frau-upn_2010040_PV_CA_2005-03-21_TEI	presidential_office	presidential_office	college_etudiant	other	presidential_office	consulting_members	college_etudiant	consulting_members	presidential_office	college_b	college_b	college_a	presidential_office	presidential_office	college_etudiant	college_etudiant	college_etudiant	college_a	conseil	consulting_members	college_etudiant	consulting_members	presidential_office	conseil	presidential_office	conseil	presidential_office	unknown	presidential_office	other	presidential_office	conseil	presidential_office	conseil	unknown																																																																																																																																																																																																																										
frau-upn_2010040_PV_CA_2005-04-18_TEI	presidential_office	presidential_office	presidential_office	college_etudiant	other	presidential_office	college_etudiant	presidential_office	college_b	college_etudiant	presidential_office	presidential_office	college_biatss	presidential_office	college_etudiant	presidential_office	college_etudiant	presidential_office	college_etudiant	presidential_office	college_a	consulting_members	ext_members	presidential_office	consulting_members	presidential_office	college_a	college_a	college_a	consulting_members	college_a	college_a	presidential_office	college_etudiant	college_etudiant	presidential_office	conseil	college_a	college_a	college_a	college_a	consulting_members	presidential_office	college_b	college_a	college_a	college_a	consulting_members	college_a	college_a	college_etudiant	presidential_office	conseil	consulting_members	presidential_office	college_etudiant	consulting_members	presidential_office	conseil	consulting_members	presidential_office	college_etudiant	consulting_members	college_etudiant	college_etudiant	college_etudiant	consulting_members	college_a	college_b	college_etudiant	consulting_members	college_etudiant	college_b	consulting_members	college_etudiant	college_etudiant	presidential_office	conseil	consulting_members	college_etudiant	college_etudiant	consulting_members	college_a	consulting_members	college_etudiant	consulting_members	college_etudiant	consulting_members	college_etudiant	ext_members	college_etudiant	consulting_members	conseil	college_etudiant	consulting_members	college_etudiant	consulting_members	college_etudiant	consulting_members	consulting_members	other	unknown																																																																																																																																																							
frau-upn_2010040_PV_CA_2005-05-30_TEI	presidential_office	presidential_office	consulting_members	presidential_office	other	presidential_office	college_etudiant	presidential_office	presidential_office	college_b	presidential_office	other	college_etudiant	presidential_office	college_etudiant	college_b	presidential_office	college_a	college_etudiant	college_a	consulting_members	college_a	presidential_office	college_biatss	college_etudiant	college_a	presidential_office	college_b	college_etudiant	college_b	presidential_office	college_b	consulting_members	presidential_office	conseil	college_a	consulting_members	college_b	college_a	presidential_office	conseil	presidential_office	presidential_office	college_etudiant	presidential_office	consulting_members	college_etudiant	consulting_members	presidential_office	college_a	college_etudiant	college_b	college_b	college_b	college_a	college_a	college_etudiant	consulting_members	college_a	college_etudiant	consulting_members	presidential_office	college_etudiant	presidential_office	college_a	college_b	college_etudiant	presidential_office	college_a	college_etudiant	presidential_office	conseil	presidential_office	consulting_members	presidential_office	college_etudiant	college_etudiant	college_b	college_a	college_b	college_etudiant	consulting_members	consulting_members	college_b	college_b	college_b	consulting_members	consulting_members	college_etudiant	consulting_members	presidential_office	conseil	college_a	consulting_members	conseil	unknown	other	unknown																																																																																																																																																											
frau-upn_2010040_PV_CA_2005-06-27_TEI	presidential_office	presidential_office	college_b	presidential_office	ext_members	consulting_members	college_etudiant	presidential_office	consulting_members	college_a	consulting_members	presidential_office	consulting_members	presidential_office	college_biatss	consulting_members	college_etudiant	consulting_members	presidential_office	college_biatss	presidential_office	college_etudiant	consulting_members	presidential_office	consulting_members	college_a	ext_members	college_a	college_a	presidential_office	conseil	consulting_members	presidential_office	conseil	consulting_members	college_etudiant	college_a	consulting_members	presidential_office	conseil	consulting_members	college_a	consulting_members	presidential_office	conseil	consulting_members	ext_members	college_a	consulting_members	college_a	consulting_members	college_a	ext_members	college_a	college_a	consulting_members	college_a	college_a	college_a	presidential_office	conseil	consulting_members	ext_members	consulting_members	presidential_office	conseil	consulting_members	college_b	consulting_members	presidential_office	conseil	presidential_office	consulting_members	college_a	consulting_members	college_a	conseil	consulting_members	college_a	consulting_members	college_a	college_b	college_a	consulting_members	college_a	college_b	college_a	presidential_office	college_a	college_a	consulting_members	presidential_office	consulting_members	consulting_members	consulting_members	presidential_office	college_a	college_a	college_a	presidential_office	presidential_office	conseil	college_a	presidential_office	consulting_members	conseil	presidential_office	conseil	consulting_members	college_a	college_a	college_a	college_a	consulting_members	presidential_office	conseil	other	consulting_members	unknown																																																																																																																																						
frau-upn_2010040_PV_CA_2005-07-05_TEI	presidential_office	presidential_office	college_a	presidential_office	college_a	presidential_office	other	college_a	consulting_members	college_a	college_a	consulting_members	presidential_office	conseil	other	college_a	college_biatss	college_a	college_a	college_a	conseil	college_a	college_a	college_a	college_a	college_a	college_a	college_a	college_a	college_a	college_a	college_a	college_a	college_a	presidential_office	college_a	college_a	presidential_office	presidential_office	conseil	consulting_members	presidential_office	conseil	presidential_office	consulting_members	conseil	presidential_office	conseil	consulting_members	presidential_office	conseil	consulting_members	consulting_members	college_a	consulting_members	consulting_members	college_a	consulting_members	consulting_members	consulting_members	consulting_members	consulting_members	college_biatss	consulting_members	presidential_office	presidential_office	college_biatss	presidential_office	consulting_members	consulting_members	presidential_office	college_a	consulting_members	college_a	college_biatss	presidential_office	presidential_office	presidential_office	consulting_members	presidential_office	college_a	college_a	presidential_office	college_b	unknown																																																																																																																																																																								
frau-upn_2010040_PV_CA_2005-09-19_TEI	presidential_office	presidential_office	college_etudiant	college_a	consulting_members	presidential_office	presidential_office	other	college_a	presidential_office	presidential_office	other	presidential_office	presidential_office	college_etudiant	college_a	college_etudiant	presidential_office	college_b	consulting_members	presidential_office	consulting_members	college_etudiant	consulting_members	college_etudiant	presidential_office	ext_members	presidential_office	college_etudiant	college_b	presidential_office	college_a	college_b	college_a	ext_members	college_biatss	college_a	college_etudiant	presidential_office	college_etudiant	consulting_members	presidential_office	college_etudiant	consulting_members	college_etudiant	college_a	ext_members	presidential_office	college_a	college_a	college_b	presidential_office	college_a	presidential_office	presidential_office	conseil	consulting_members	presidential_office	conseil	consulting_members	presidential_office	conseil	presidential_office	college_a	college_a	college_a	college_a	college_etudiant	college_a	presidential_office	presidential_office	conseil	ext_members	presidential_office	presidential_office	conseil	presidential_office	college_etudiant	presidential_office	presidential_office	conseil	presidential_office	college_etudiant	consulting_members	unknown																																																																																																																																																																								
frau-upn_2010040_PV_CA_2005-10-03_TEI	presidential_office	presidential_office	college_etudiant	consulting_members	college_etudiant	presidential_office	consulting_members	college_etudiant	presidential_office	college_a	college_a	college_biatss	consulting_members	college_b	college_a	college_a	presidential_office	college_a	college_a	college_a	college_a	college_b	presidential_office	college_a	presidential_office	college_a	college_b	presidential_office	college_a	presidential_office	college_a	college_etudiant	presidential_office	conseil	presidential_office	college_a	presidential_office	consulting_members	consulting_members	college_a	college_etudiant	college_a	college_etudiant	consulting_members	college_etudiant	consulting_members	college_a	consulting_members	presidential_office	conseil	consulting_members	consulting_members	college_etudiant	consulting_members	college_etudiant	consulting_members	college_etudiant	consulting_members	college_etudiant	college_a	consulting_members	college_a	consulting_members	college_etudiant	consulting_members	presidential_office	conseil	consulting_members	college_a	consulting_members	college_etudiant	consulting_members	college_biatss	consulting_members	presidential_office	conseil	consulting_members	college_etudiant	consulting_members	college_a	consulting_members	college_b	consulting_members	presidential_office	conseil	consulting_members	ext_members	presidential_office	conseil	presidential_office	college_b	presidential_office	college_etudiant	consulting_members	unknown																																																																																																																																																														
frau-upn_2010040_PV_CA_2005-10-24_TEI	presidential_office	presidential_office	college_etudiant	college_etudiant	presidential_office	college_etudiant	presidential_office	conseil	presidential_office	conseil	presidential_office	presidential_office	presidential_office	presidential_office	college_etudiant	consulting_members	college_etudiant	consulting_members	consulting_members	college_etudiant	consulting_members	college_etudiant	consulting_members	college_etudiant	consulting_members	college_etudiant	college_b	college_a	presidential_office	college_a	presidential_office	college_a	presidential_office	college_biatss	presidential_office	college_biatss	consulting_members	college_biatss	presidential_office	college_etudiant	presidential_office	college_etudiant	presidential_office	college_etudiant	college_etudiant	college_b	presidential_office	college_etudiant	consulting_members	college_biatss	presidential_office	college_biatss	presidential_office	college_b	consulting_members	college_b	college_a	ext_members	college_etudiant	presidential_office	ext_members	presidential_office	conseil	presidential_office	college_a	college_a	college_a	consulting_members	college_etudiant	college_a	college_a	college_a	college_biatss	college_b	college_a	college_a	presidential_office	ext_members	presidential_office	college_etudiant	college_a	college_a	college_biatss	college_a	college_a	college_a	college_a	presidential_office	college_a	presidential_office	college_a	college_a	college_a	college_a	college_a	college_a	college_a	presidential_office	college_a	presidential_office	college_etudiant	presidential_office	presidential_office	conseil	consulting_members	presidential_office	conseil	consulting_members	presidential_office	conseil	presidential_office	conseil	presidential_office	college_etudiant	presidential_office	presidential_office	college_etudiant	presidential_office	college_etudiant	presidential_office	college_a	presidential_office	ext_members	unknown																																																																																																																																	
frau-upn_2010040_PV_CA_2005-11-07_TEI	presidential_office	presidential_office	presidential_office	college_a	college_a	presidential_office	conseil	ext_members	presidential_office	conseil	ext_members	presidential_office	conseil	unknown	presidential_office	conseil	presidential_office	college_etudiant	unknown	presidential_office	conseil	unknown	presidential_office	conseil	unknown	college_etudiant	ext_members	presidential_office	conseil	unknown	presidential_office	conseil	unknown	presidential_office	conseil	ext_members	presidential_office	conseil	ext_members	college_etudiant	presidential_office	conseil	presidential_office	college_biatss	presidential_office	unknown	unknown	presidential_office	conseil	unknown	presidential_office	conseil	college_a	presidential_office	conseil	college_b	presidential_office	ext_members	college_b	ext_members	ext_members	ext_members	college_a	college_a	ext_members	presidential_office	college_etudiant	ext_members	college_biatss	college_b	ext_members	ext_members	college_a	ext_members	college_a	ext_members	presidential_office	ext_members	presidential_office	unknown																																																																																																																																																																													
frau-upn_2010040_PV_CA_2005-11-21_TEI	presidential_office	presidential_office	college_etudiant	presidential_office	college_biatss	college_etudiant	college_b	presidential_office	presidential_office	presidential_office	consulting_members	college_a	consulting_members	college_a	consulting_members	college_etudiant	college_etudiant	consulting_members	college_etudiant	presidential_office	college_a	college_a	college_etudiant	college_etudiant	presidential_office	college_etudiant	presidential_office	conseil	consulting_members	presidential_office	conseil	consulting_members	college_b	consulting_members	college_b	consulting_members	presidential_office	conseil	consulting_members	consulting_members	college_b	consulting_members	college_a	consulting_members	college_etudiant	consulting_members	college_etudiant	consulting_members	college_etudiant	consulting_members	college_etudiant	presidential_office	conseil	consulting_members	presidential_office	conseil	consulting_members	college_a	consulting_members	college_a	consulting_members	unknown	presidential_office	conseil	presidential_office	presidential_office	consulting_members	consulting_members	consulting_members	college_b	presidential_office	college_a	consulting_members	college_a	consulting_members	college_etudiant	consulting_members	college_etudiant	college_etudiant	college_etudiant	college_biatss	presidential_office	consulting_members	college_a	presidential_office	presidential_office	presidential_office	college_etudiant	presidential_office	college_etudiant	ext_members	college_etudiant	presidential_office	college_biatss	presidential_office	conseil	presidential_office	presidential_office	presidential_office	presidential_office	college_b	presidential_office	ext_members	college_etudiant	presidential_office	ext_members	college_biatss	college_a	college_etudiant	presidential_office	college_b	college_a	college_b	college_b	presidential_office	presidential_office	college_b	presidential_office	college_b	college_b	college_etudiant	presidential_office	college_a	presidential_office	college_b	consulting_members	college_b	consulting_members	college_etudiant	college_b	college_b	presidential_office	unknown																																																																																																																								
frau-upn_2010040_PV_CA_2005-12-05_TEI	presidential_office	presidential_office	presidential_office	ext_members	presidential_office	college_a	presidential_office	consulting_members	college_b	consulting_members	college_b	presidential_office	college_b	consulting_members	college_b	presidential_office	conseil	presidential_office	conseil	presidential_office	college_a	presidential_office	presidential_office	presidential_office	presidential_office	presidential_office	presidential_office	presidential_office	presidential_office	college_a	college_a	college_biatss	consulting_members	college_biatss	college_a	consulting_members	college_biatss	presidential_office	college_b	presidential_office	college_b	college_biatss	other	college_a	college_b	college_a	college_b	consulting_members	other	ext_members	presidential_office	ext_members	presidential_office	presidential_office	college_biatss	presidential_office	consulting_members	college_a	college_biatss	presidential_office	college_biatss	college_a	presidential_office	college_biatss	presidential_office	college_biatss	college_biatss	presidential_office	college_biatss	presidential_office	college_b	presidential_office	conseil	college_a	college_b	consulting_members	presidential_office	conseil	consulting_members	presidential_office	conseil	unknown	consulting_members	presidential_office	conseil	unknown	consulting_members	presidential_office	conseil	unknown	consulting_members	presidential_office	conseil	consulting_members	presidential_office	conseil	consulting_members	college_a	presidential_office	conseil	consulting_members	college_a	consulting_members	college_a	consulting_members	presidential_office	conseil	consulting_members	college_a	college_b	consulting_members	college_b	college_a	college_a	college_b	ext_members	college_a	presidential_office	presidential_office	conseil	presidential_office	consulting_members	presidential_office	presidential_office	consulting_members	presidential_office	college_a	presidential_office	presidential_office	ext_members	presidential_office	ext_members	ext_members	presidential_office	conseil	unknown	presidential_office	presidential_office	unknown																																																																																																																		
frau-upn_2010040_PV_CA_2006-01-30_TEI	presidential_office	presidential_office	presidential_office	other	presidential_office	other	presidential_office	college_etudiant	other	presidential_office	college_etudiant	presidential_office	college_etudiant	college_a	presidential_office	college_b	presidential_office	college_biatss	college_etudiant	presidential_office	college_a	presidential_office	consulting_members	college_a	college_a	college_etudiant	consulting_members	college_etudiant	consulting_members	college_etudiant	consulting_members	college_b	college_a	college_etudiant	presidential_office	college_a	college_a	consulting_members	ext_members	presidential_office	college_a	consulting_members	consulting_members	presidential_office	college_a	consulting_members	presidential_office	college_a	consulting_members	college_a	consulting_members	college_a	college_biatss	college_a	presidential_office	college_a	consulting_members	college_a	college_b	presidential_office	presidential_office	conseil	college_etudiant	college_a	consulting_members	college_etudiant	presidential_office	college_b	consulting_members	unknown	conseil	presidential_office	consulting_members	college_a	presidential_office	conseil	consulting_members	conseil	presidential_office	ext_members	presidential_office	consulting_members	college_etudiant	presidential_office	presidential_office	college_etudiant	presidential_office	college_etudiant	presidential_office	college_etudiant	presidential_office	college_etudiant	presidential_office	college_biatss	consulting_members	college_etudiant	presidential_office	college_etudiant	college_etudiant	college_a	consulting_members	college_etudiant	presidential_office	conseil	presidential_office	college_etudiant	presidential_office	conseil	presidential_office	conseil	presidential_office	presidential_office	conseil	presidential_office	presidential_office	college_a	ext_members	college_etudiant	college_a	college_etudiant	college_etudiant	college_a	conseil	presidential_office	conseil	college_etudiant	presidential_office	college_etudiant	presidential_office	college_etudiant	presidential_office	college_b	college_etudiant	college_etudiant	presidential_office	college_etudiant	presidential_office	college_etudiant	presidential_office	college_etudiant	college_a	college_etudiant	college_a	college_a	college_a	college_b	consulting_members	college_etudiant	presidential_office	unknown																																																																																																							
frau-upn_2010040_PV_CA_2006-02-27_TEI	presidential_office	presidential_office	college_etudiant	presidential_office	college_a	college_etudiant	presidential_office	conseil	presidential_office	college_a	consulting_members	college_biatss	presidential_office	college_a	college_biatss	college_a	college_biatss	college_a	college_biatss	college_a	college_a	college_a	college_a	presidential_office	college_b	college_etudiant	presidential_office	college_biatss	college_a	consulting_members	college_a	consulting_members	presidential_office	conseil	consulting_members	presidential_office	conseil	presidential_office	presidential_office	college_etudiant	college_etudiant	college_etudiant	college_biatss	college_etudiant	college_biatss	presidential_office	ext_members	college_b	college_etudiant	college_etudiant	college_b	college_biatss	college_etudiant	college_a	college_biatss	ext_members	college_a	ext_members	college_etudiant	consulting_members	college_etudiant	college_a	college_a	college_b	college_etudiant	college_etudiant	college_a	college_b	college_b	college_etudiant	presidential_office	college_etudiant	presidential_office	college_etudiant	college_etudiant	college_a	college_etudiant	ext_members	college_etudiant	presidential_office	college_a	presidential_office	conseil	presidential_office	conseil	ext_members	conseil	unknown	consulting_members	college_etudiant	presidential_office	college_a	presidential_office	college_a	college_b	consulting_members	college_b	college_etudiant	consulting_members	college_a	consulting_members	college_a	consulting_members	unknown																																																																																																																																																					
frau-upn_2010040_PV_CA_2006-03-20_TEI	presidential_office	presidential_office	other	presidential_office	presidential_office	other	presidential_office	college_etudiant	presidential_office	presidential_office	presidential_office	college_a	college_etudiant	presidential_office	college_etudiant	college_etudiant	presidential_office	presidential_office																																																																																																																																																																																																																																											
frau-upn_2010040_PV_CA_2006-03-27_1_TEI	presidential_office	presidential_office	college_a	presidential_office	consulting_members	consulting_members	consulting_members	consulting_members	consulting_members	consulting_members	consulting_members	consulting_members	consulting_members	college_a	presidential_office	consulting_members	consulting_members	consulting_members	consulting_members	consulting_members	consulting_members	consulting_members	consulting_members	consulting_members	college_etudiant	college_a	presidential_office	college_etudiant	college_biatss	college_b	college_etudiant	college_a	consulting_members	college_etudiant	college_a	presidential_office	presidential_office	college_b	consulting_members	consulting_members	college_etudiant	college_a	college_etudiant	consulting_members	college_etudiant	presidential_office	consulting_members	presidential_office	presidential_office	unknown	presidential_office	college_a	college_b	college_etudiant	consulting_members	consulting_members	consulting_members	college_etudiant	college_a	college_biatss	college_b	presidential_office	college_a	presidential_office	consulting_members	college_b	college_biatss	presidential_office	conseil	presidential_office	college_a	presidential_office	college_a	college_a	presidential_office	unknown																																																																																																																																																																																	
frau-upn_2010040_PV_CA_2006-03-27_2_TEI	presidential_office	presidential_office	college_etudiant	presidential_office	presidential_office	college_etudiant	presidential_office	college_etudiant	college_a	college_a	other	college_a	college_etudiant	other	college_etudiant	other	college_etudiant	other	college_etudiant	other	consulting_members	college_a	college_a	college_b	college_a	college_b	other	college_a	other	college_a	other	college_biatss	college_a	college_a	college_a	presidential_office	college_a	college_a	presidential_office	conseil	college_a	college_b	college_etudiant	other	college_a	consulting_members	presidential_office	conseil	presidential_office	conseil	consulting_members	conseil	college_a	conseil	presidential_office	conseil	presidential_office	conseil	unknown																																																																																																																																																																																																		
frau-upn_2010040_PV_CA_2006-03-31_TEI	unknown	presidential_office	conseil	presidential_office	other	consulting_members	consulting_members	consulting_members	consulting_members	consulting_members	college_etudiant	consulting_members	college_a	college_a	consulting_members	other	college_a	consulting_members	college_a	college_etudiant	college_a	college_b	college_biatss	ext_members	ext_members	college_b	college_a	college_etudiant	college_a	college_a	college_b	college_a	unknown	unknown	ext_members	presidential_office	college_a	college_a	presidential_office	college_a	presidential_office	college_a	presidential_office	college_etudiant	college_b	college_a	college_b	college_etudiant	college_a	college_b	college_etudiant	college_etudiant	college_a	college_b	presidential_office	college_a	college_a	college_a	college_b	college_a	presidential_office	college_b	presidential_office	presidential_office	consulting_members	presidential_office	unknown	conseil	unknown	conseil	unknown	conseil	unknown	presidential_office	unknown																																																																																																																																																																																		
frau-upn_2010040_PV_CA_2006-04-07_TEI	unknown	presidential_office	college_a	presidential_office	college_a	presidential_office	conseil	presidential_office	other	college_b	college_etudiant	consulting_members	consulting_members	other	consulting_members	presidential_office	college_etudiant	college_a	college_a	college_b	unknown	college_a	college_b	presidential_office	college_b	ext_members	college_b	college_a	college_a	college_a	consulting_members	college_biatss	college_biatss	consulting_members	college_b	college_etudiant	college_a	college_etudiant	college_a	ext_members	college_a	college_b	college_a	presidential_office	college_a	college_b	presidential_office	unknown	unknown	college_a	college_etudiant	presidential_office	conseil	unknown	consulting_members	conseil	college_b	conseil	unknown																																																																																																																																																																																																		
frau-upn_2010040_PV_CA_2006-04-24_TEI	presidential_office	conseil	presidential_office	college_etudiant	presidential_office	college_biatss	college_a	college_a	presidential_office	college_etudiant	college_b	college_etudiant	presidential_office	college_biatss	college_etudiant	consulting_members	college_biatss	presidential_office	conseil	college_a	college_etudiant	presidential_office	conseil	presidential_office	consulting_members	unknown	presidential_office	unknown	presidential_office	unknown	unknown																																																																																																																																																																																																																														
frau-upn_2010040_PV_CA_2006-05-09_TEI	unknown	presidential_office	presidential_office	consulting_members	college_b	college_b	consulting_members	college_biatss	other	college_a	college_etudiant	college_etudiant	presidential_office	college_etudiant	college_a	consulting_members	unknown	unknown	unknown	conseil	unknown																																																																																																																																																																																																																																								
frau-upn_2010040_PV_CA_2006-05-29_TEI	presidential_office	presidential_office	college_etudiant	college_b	presidential_office	presidential_office	college_b	presidential_office	college_a	presidential_office	college_a	presidential_office	college_a	presidential_office	conseil	college_a	consulting_members	consulting_members	consulting_members	college_a	consulting_members	consulting_members	college_a	college_a	consulting_members	ext_members	consulting_members	college_a	consulting_members	college_a	consulting_members	presidential_office	consulting_members	college_a	consulting_members	presidential_office	consulting_members	consulting_members	college_b	conseil	consulting_members	unknown	conseil	college_a	presidential_office	college_a	presidential_office	presidential_office	unknown	other	consulting_members	ext_members	college_biatss	presidential_office	other	consulting_members	other	consulting_members	presidential_office	unknown	conseil	consulting_members	college_b	college_a	consulting_members	college_a	consulting_members	college_a	college_a	unknown	conseil	consulting_members	unknown	conseil	consulting_members	unknown	conseil	consulting_members	unknown	conseil	unknown	consulting_members	consulting_members	unknown	conseil	presidential_office	unknown	presidential_office	college_a	presidential_office	unknown	conseil	college_biatss	other	conseil	college_b	consulting_members	college_etudiant	consulting_members	unknown																																																																																																																																																									
frau-upn_2010040_PV_CA_2006-06-26_TEI	presidential_office	presidential_office	college_a	college_etudiant	college_b	college_etudiant	presidential_office	ext_members	conseil	college_a	presidential_office	college_etudiant	conseil	unknown	conseil	other	presidential_office	presidential_office	ext_members	presidential_office	ext_members	presidential_office	presidential_office	consulting_members	ext_members	college_a	college_a	college_b	college_a	college_b	college_a	consulting_members	college_b	consulting_members	consulting_members	presidential_office	college_a	consulting_members	college_a	consulting_members	college_a	consulting_members	college_a	consulting_members	conseil	consulting_members	conseil	consulting_members	conseil	college_a	college_a	college_a	presidential_office	college_b	college_b	presidential_office	college_a	presidential_office	presidential_office	presidential_office	college_a	presidential_office	college_a	college_a	ext_members	college_biatss	college_a	presidential_office	college_a	presidential_office	college_a	college_etudiant	conseil	presidential_office	conseil	college_a	college_a	presidential_office	ext_members	presidential_office	college_a	presidential_office	college_a	consulting_members	ext_members	consulting_members	college_etudiant	presidential_office	presidential_office	presidential_office	college_b	presidential_office	presidential_office	conseil	presidential_office	consulting_members	conseil	consulting_members	conseil	consulting_members	conseil	consulting_members	conseil	consulting_members	conseil	presidential_office	college_b	college_a	college_a	college_a	consulting_members	presidential_office	ext_members	college_a	presidential_office	conseil	presidential_office	college_b	consulting_members	college_a	college_a	college_a	college_b	college_a	college_a	college_etudiant	consulting_members	college_etudiant	presidential_office	college_etudiant	presidential_office	college_etudiant	college_etudiant	presidential_office	unknown																																																																																																																						
frau-upn_2010040_PV_CA_2006-09-25_TEI	presidential_office	presidential_office	presidential_office	college_etudiant	college_etudiant	college_a	unknown	presidential_office	presidential_office	presidential_office	college_biatss	presidential_office	college_biatss	presidential_office	ext_members	college_b	consulting_members	college_biatss	presidential_office	conseil	presidential_office	college_b	presidential_office	college_a	college_biatss	college_biatss	presidential_office	presidential_office	conseil	college_a	college_etudiant	presidential_office	college_a	college_a	presidential_office	college_a	college_a	college_a	college_a	college_a	college_a	college_a	college_a	college_a	college_b	presidential_office	college_b	presidential_office	college_a	college_b	college_a	conseil	consulting_members	presidential_office	college_a	college_b	college_a	college_a	conseil	consulting_members	conseil	presidential_office	college_a	presidential_office	consulting_members	presidential_office	ext_members	college_a	presidential_office	college_a	ext_members	college_b	college_biatss	presidential_office	college_b	college_a	conseil	presidential_office	college_etudiant	presidential_office	college_etudiant	consulting_members	college_etudiant	consulting_members	college_etudiant	college_etudiant	presidential_office	college_etudiant	college_etudiant	presidential_office	college_etudiant	presidential_office	college_etudiant	unknown																																																																																																																																																															
frau-upn_2010040_PV_CA_2006-10-16_TEI	presidential_office	presidential_office	college_etudiant	unknown	conseil	college_a	conseil	presidential_office	conseil	college_a	college_etudiant	presidential_office	college_a	ext_members	college_b	college_b	college_etudiant	presidential_office	ext_members	presidential_office	conseil	presidential_office	presidential_office	ext_members	presidential_office	college_etudiant	consulting_members	college_etudiant	presidential_office	college_biatss	presidential_office	college_biatss	presidential_office	college_etudiant	presidential_office	presidential_office	college_a	college_b	presidential_office	college_a	college_biatss	college_b	college_biatss	college_a	presidential_office	conseil	presidential_office	presidential_office	consulting_members	college_etudiant	consulting_members	college_etudiant	consulting_members	presidential_office	conseil	presidential_office	consulting_members	college_etudiant	consulting_members	presidential_office	conseil	consulting_members	college_biatss	consulting_members	college_b	college_biatss	presidential_office	college_etudiant	presidential_office	consulting_members	college_b	college_a	college_etudiant	presidential_office	conseil	college_a	consulting_members	college_biatss	consulting_members	presidential_office	conseil	presidential_office	college_a	presidential_office	ext_members	presidential_office	college_biatss	college_biatss	presidential_office	college_biatss	presidential_office	college_a	presidential_office	college_a	presidential_office	college_b	presidential_office	conseil	college_a	presidential_office	presidential_office	presidential_office	presidential_office	consulting_members	presidential_office	presidential_office	college_b	consulting_members	college_a	presidential_office	consulting_members	consulting_members	college_biatss	presidential_office	consulting_members	college_a	presidential_office	consulting_members	college_a	consulting_members	college_b	college_b	college_a	consulting_members	college_etudiant	college_a	college_biatss	consulting_members	presidential_office	college_b	college_b	consulting_members	college_a	college_a	consulting_members	college_b	college_a	consulting_members	presidential_office	presidential_office	presidential_office	college_etudiant	presidential_office	college_etudiant	college_biatss	presidential_office	presidential_office	presidential_office	presidential_office	college_etudiant	presidential_office	college_etudiant	presidential_office	consulting_members	presidential_office	college_etudiant	college_etudiant	presidential_office	college_b	presidential_office	college_etudiant	consulting_members	college_etudiant	unknown																																																																																									
frau-upn_2010040_PV_CA_2006-11-06_TEI	presidential_office	presidential_office	college_a	presidential_office	college_a	unknown	consulting_members	consulting_members	college_biatss	consulting_members	ext_members	college_b	consulting_members	consulting_members	consulting_members	college_a	consulting_members	presidential_office	college_a	consulting_members	presidential_office	conseil	consulting_members	presidential_office	consulting_members	ext_members	presidential_office	conseil	consulting_members	presidential_office	conseil	consulting_members	college_etudiant	consulting_members	college_b	consulting_members	presidential_office	conseil	consulting_members	presidential_office	conseil	presidential_office	college_biatss	consulting_members	presidential_office	conseil	consulting_members	presidential_office	conseil	consulting_members	presidential_office	conseil	consulting_members	presidential_office	conseil	presidential_office	conseil	presidential_office	conseil	consulting_members	college_a	consulting_members	presidential_office	conseil	presidential_office	conseil	unknown	unknown	presidential_office	college_etudiant	college_etudiant	college_b	presidential_office	conseil	presidential_office	college_b	presidential_office	college_etudiant	presidential_office	college_b	college_etudiant	presidential_office	presidential_office	presidential_office	college_etudiant	presidential_office	presidential_office	college_etudiant	college_b	presidential_office	conseil	presidential_office	college_a	college_a	college_b	college_etudiant	college_biatss	college_etudiant	college_biatss	presidential_office	college_biatss	college_a	ext_members	college_a	ext_members	college_biatss	college_etudiant	presidential_office	consulting_members	college_b	presidential_office	college_etudiant	college_a	college_biatss	college_etudiant	college_a	college_a	college_b	college_etudiant	ext_members	college_etudiant	college_etudiant	college_a	college_biatss	college_a	college_b	college_a	presidential_office	conseil	other	consulting_members	college_a	consulting_members	college_b	consulting_members	college_a	presidential_office	college_a	presidential_office	college_etudiant	presidential_office	college_a	college_etudiant	college_a	presidential_office	college_a	consulting_members	college_a	college_etudiant	consulting_members	college_a	college_etudiant	college_a	presidential_office	college_a	college_etudiant	consulting_members	presidential_office	consulting_members	consulting_members	college_a	presidential_office	consulting_members	college_a	consulting_members	college_a	presidential_office	presidential_office	presidential_office	college_a	presidential_office	consulting_members	consulting_members	college_etudiant	presidential_office	college_etudiant	presidential_office	presidential_office	college_etudiant	presidential_office	college_biatss	presidential_office	college_etudiant	unknown																																																																					
frau-upn_2010040_PV_CA_2006-12-04_TEI	presidential_office	presidential_office	college_b	presidential_office	conseil	presidential_office	presidential_office	conseil	consulting_members	college_a	presidential_office	conseil	presidential_office	conseil	presidential_office	consulting_members	consulting_members	college_a	consulting_members	college_a	college_biatss	college_a	presidential_office	conseil	presidential_office	college_a	college_etudiant	ext_members	presidential_office	conseil	college_etudiant	college_biatss	college_etudiant	presidential_office	college_etudiant	ext_members	college_biatss	college_etudiant	ext_members	presidential_office	college_biatss	consulting_members	college_etudiant	presidential_office	college_etudiant	presidential_office	college_biatss	consulting_members	college_b	unknown																																																																																																																																																																																																											
frau-upn_2010040_PV_CA_2006-12-18_TEI	presidential_office	presidential_office	college_etudiant	consulting_members	college_etudiant	presidential_office	college_b	consulting_members	presidential_office	college_biatss	consulting_members	consulting_members	college_etudiant	presidential_office	college_etudiant	presidential_office	college_etudiant	presidential_office	conseil	presidential_office	presidential_office	presidential_office	presidential_office	consulting_members	presidential_office	college_etudiant	presidential_office	college_etudiant	presidential_office	presidential_office	presidential_office	presidential_office	college_a	college_a	college_a	consulting_members	college_a	presidential_office	college_a	college_etudiant	presidential_office	college_a	college_etudiant	other	college_etudiant	college_a	presidential_office	college_a	presidential_office	college_etudiant	presidential_office	college_a	college_biatss	college_b	presidential_office	college_a	college_a	presidential_office	college_a	college_etudiant	other	college_a	presidential_office	college_b	college_a	college_biatss	college_a	college_etudiant	presidential_office	presidential_office	college_a	college_etudiant	college_biatss	presidential_office	unknown	presidential_office	other	presidential_office	conseil	presidential_office	unknown	conseil	college_a	presidential_office	conseil	presidential_office	college_a	presidential_office	ext_members	presidential_office	presidential_office	conseil	consulting_members	college_a	presidential_office	conseil	consulting_members	presidential_office	conseil	consulting_members	presidential_office	conseil	consulting_members	conseil	consulting_members	presidential_office	conseil	presidential_office	consulting_members	ext_members	consulting_members	college_b	consulting_members	consulting_members	presidential_office	conseil	presidential_office																																																																																																																																								
weban-upn_PV_CA_2007-01-29_TEI	presidential_office	presidential_office	other	college_biatss	college_a	college_b	college_a	college_b	college_biatss	college_a	conseil	presidential_office	other	presidential_office	college_biatss	presidential_office	college_biatss	presidential_office	college_a	presidential_office	other	presidential_office	college_biatss	presidential_office	other	presidential_office	ext_members	college_biatss	presidential_office	college_biatss	presidential_office	college_biatss	presidential_office	other	presidential_office	consulting_members	presidential_office	other	consulting_members	other	presidential_office	ext_members	college_a	presidential_office	ext_members	college_b	presidential_office	college_b	ext_members	college_b	consulting_members	college_b	presidential_office	college_b	presidential_office	consulting_members	other	other	presidential_office	consulting_members	other	consulting_members	other	consulting_members	other	consulting_members	presidential_office	consulting_members	college_a	consulting_members	college_a	other	consulting_members	other	consulting_members	other	consulting_members	college_a	college_a	other	consulting_members	consulting_members	college_a	consulting_members	consulting_members	other	consulting_members	presidential_office	other	presidential_office	college_biatss	ext_members	college_biatss	presidential_office	college_a	presidential_office	college_biatss	presidential_office	conseil	other	other	presidential_office	other	presidential_office	other	college_biatss	other	presidential_office	other	presidential_office	other	college_b	presidential_office	other	other	other	presidential_office	college_biatss	ext_members	presidential_office	other	other	other	presidential_office	other	other	presidential_office	other	presidential_office	other	college_a	other	college_biatss	other	college_biatss	other	college_biatss	college_a	presidential_office	college_a	presidential_office	college_a	presidential_office	presidential_office	college_a	presidential_office																																																																																																											
weban-upn_PV_CA_2007-02-19_TEI	presidential_office	presidential_office	presidential_office	college_etudiant	other	other	other	college_etudiant	other	other	presidential_office	other	other	college_b	presidential_office	presidential_office	college_b	presidential_office	consulting_members	presidential_office	consulting_members	presidential_office	college_b	presidential_office	other	presidential_office	other	presidential_office	other	other	other	other	college_a	other	college_a	ext_members	other	ext_members	other	college_biatss	other	consulting_members	other	other	college_a	consulting_members	presidential_office	other	college_biatss	consulting_members	other	consulting_members	college_b	ext_members	presidential_office	conseil	presidential_office	conseil	presidential_office	other	presidential_office	other	presidential_office	presidential_office	consulting_members	presidential_office	conseil	consulting_members	consulting_members	consulting_members	consulting_members	consulting_members	consulting_members	consulting_members	college_biatss	other	consulting_members	other	other	consulting_members	presidential_office	other	consulting_members	consulting_members	other	consulting_members	other	other	consulting_members	other	consulting_members	other	presidential_office	conseil	consulting_members	consulting_members	consulting_members	consulting_members	college_a	college_biatss	consulting_members	college_biatss	consulting_members	presidential_office	conseil	college_a	presidential_office	consulting_members	consulting_members	consulting_members	ext_members	consulting_members	consulting_members	ext_members	presidential_office	other	consulting_members	other	consulting_members	other	other	other	other	other	other	other	other	other	college_b	consulting_members	college_b	consulting_members	college_b	consulting_members	presidential_office	college_biatss	other	presidential_office	conseil	presidential_office	conseil	other	consulting_members	other	presidential_office	other	presidential_office	other	presidential_office	other	presidential_office	other	presidential_office	other	presidential_office																																																																																																		
weban-upn_PV_CA_2007-03-26_TEI	presidential_office	other	presidential_office	conseil	presidential_office	college_a	presidential_office	college_a	presidential_office	college_biatss	presidential_office	college_b	presidential_office	presidential_office	presidential_office	college_b	college_biatss	presidential_office	other	presidential_office	presidential_office	college_b	presidential_office	conseil	presidential_office	college_b	college_a	college_a	presidential_office	presidential_office	presidential_office	conseil	presidential_office	college_biatss	presidential_office	other	consulting_members	presidential_office	consulting_members	college_a	presidential_office	other	consulting_members	college_a	college_a	presidential_office	college_b	presidential_office	college_b	presidential_office	other	presidential_office	college_biatss	presidential_office	other	presidential_office	other	presidential_office	other	other	other	college_biatss	presidential_office	college_biatss	presidential_office	college_biatss	other	other	other	other	college_b	consulting_members	college_b	consulting_members	college_biatss	other	college_biatss	presidential_office	other	presidential_office	college_biatss	presidential_office	unknown	presidential_office	conseil	presidential_office	college_biatss	unknown	other	consulting_members	college_a	other	college_a	other	other	consulting_members	consulting_members	consulting_members	other	consulting_members	other	other	consulting_members	other	consulting_members	other	consulting_members	other	consulting_members	other	consulting_members	other	other	other	other	college_biatss	presidential_office	conseil	other	other	consulting_members	other	consulting_members	other	consulting_members	college_a	consulting_members	other	consulting_members	college_a	other	college_a	other	college_a	consulting_members	other	other	other	presidential_office	conseil	other	presidential_office	college_biatss	presidential_office	presidential_office	conseil	presidential_office																																																																																																										
weban-upn_PV_CA_2007-04-30_TEI	presidential_office	presidential_office	college_a	presidential_office	presidential_office	consulting_members	other	consulting_members	presidential_office	other	college_biatss	college_members	college_b	college_etudiant	presidential_office	college_b	consulting_members	presidential_office	consulting_members	ext_members	presidential_office	conseil	presidential_office	presidential_office	presidential_office	other	presidential_office	other	presidential_office	other	presidential_office	other	presidential_office	presidential_office	college_b	college_a	presidential_office	other	college_b	presidential_office	other	college_b	presidential_office	consulting_members	presidential_office	other	presidential_office	other	presidential_office	college_a	presidential_office	presidential_office	other	other	college_a	presidential_office	consulting_members	presidential_office	consulting_members	other	presidential_office	consulting_members	presidential_office	presidential_office	other	other	presidential_office	consulting_members	consulting_members	consulting_members	consulting_members	presidential_office	consulting_members	presidential_office	consulting_members	college_b	presidential_office	other	other	consulting_members	presidential_office	consulting_members	presidential_office	consulting_members	ext_members	presidential_office	consulting_members	presidential_office	presidential_office	consulting_members	presidential_office	consulting_members	presidential_office	college_b	presidential_office	presidential_office	presidential_office	conseil	presidential_office	conseil	other	college_b	other	presidential_office	presidential_office	conseil	presidential_office	other	presidential_office	other	presidential_office	other	presidential_office	other	presidential_office	conseil	presidential_office	other	presidential_office	other	presidential_office	conseil	consulting_members	college_b	consulting_members	college_b	consulting_members	college_b	consulting_members	presidential_office	consulting_members	consulting_members	presidential_office	other	other	college_b	other	other	college_etudiant	presidential_office	presidential_office	other	presidential_office	consulting_members	conseil	consulting_members	presidential_office	conseil	presidential_office	college_a	presidential_office	conseil	other	presidential_office	other	college_biatss	other	college_members	college_etudiant	college_etudiant	college_members	presidential_office	college_b	consulting_members	college_b	consulting_members	college_b	presidential_office	other	college_b	other	consulting_members	college_a	consulting_members	presidential_office	consulting_members	other	college_etudiant	other	consulting_members	presidential_office																																																																								
weban-upn_PV_CA_2007-06-11_TEI	presidential_office	presidential_office	presidential_office	consulting_members	other	consulting_members	presidential_office	other	presidential_office	other	college_biatss	other	presidential_office	other	consulting_members	college_biatss	consulting_members	college_biatss	other	other	other	presidential_office	other	presidential_office	college_biatss	college_b	conseil	conseil	college_members	consulting_members	presidential_office	presidential_office	presidential_office	consulting_members	college_b	other	college_b	college_biatss	other	other	consulting_members	other	college_b	consulting_members	other	consulting_members	presidential_office	other	other	college_b	consulting_members	consulting_members	other	college_b	college_biatss	presidential_office	presidential_office	conseil	ext_members	consulting_members	presidential_office	college_etudiant	presidential_office	other	presidential_office	presidential_office	college_b	presidential_office	conseil	presidential_office	other	college_a	consulting_members	college_a	consulting_members	college_b	college_a	presidential_office	consulting_members	college_b	consulting_members	college_b	consulting_members	presidential_office	consulting_members	presidential_office	other	presidential_office	presidential_office	consulting_members	consulting_members	consulting_members	consulting_members	presidential_office	college_b	presidential_office	consulting_members	consulting_members	college_b	presidential_office	ext_members	consulting_members	college_b	consulting_members	consulting_members	consulting_members	other	consulting_members	presidential_office	college_b	presidential_office	other	presidential_office	consulting_members	presidential_office	other	presidential_office	college_etudiant	consulting_members	college_b	consulting_members	consulting_members	presidential_office	consulting_members	other	presidential_office	consulting_members	other	consulting_members	other	consulting_members	other	consulting_members	other	consulting_members	other	other	college_b	presidential_office	presidential_office	presidential_office	other	presidential_office																																																																																																														
weban-upn_PV_CA_2007-06-25_TEI	presidential_office	presidential_office	conseil	ext_members	presidential_office	presidential_office	college_b	college_biatss	other	college_b	presidential_office	ext_members	college_a	college_biatss	college_b	other	presidential_office	consulting_members	presidential_office	college_biatss	presidential_office	ext_members	presidential_office	college_b	college_biatss	other	consulting_members	college_biatss	presidential_office	college_biatss	presidential_office	conseil	other	consulting_members	college_a	other	college_b	college_biatss	college_b	college_b	college_a	other	consulting_members	other	presidential_office	conseil	other	college_biatss	other	consulting_members	other	presidential_office	conseil	presidential_office	presidential_office	consulting_members	presidential_office	conseil	presidential_office	conseil	presidential_office	conseil	presidential_office	conseil	presidential_office	conseil	presidential_office	conseil	presidential_office	consulting_members	presidential_office	consulting_members	college_b	consulting_members	consulting_members	other	consulting_members	college_b	consulting_members	college_a	college_b	consulting_members	other	consulting_members	college_b	college_b	consulting_members	consulting_members	college_b	consulting_members	college_b	college_biatss	consulting_members	consulting_members	presidential_office	consulting_members	college_b	other	consulting_members	college_b	consulting_members	presidential_office	consulting_members	other	college_members	consulting_members	presidential_office	presidential_office	consulting_members	college_biatss	college_b	presidential_office	college_b	unknown	college_b	presidential_office	conseil	consulting_members	consulting_members	conseil	consulting_members	presidential_office	conseil	presidential_office	conseil	presidential_office	conseil	presidential_office	conseil	other	other	other	other	other	other	other	college_b	consulting_members	presidential_office	other	consulting_members	presidential_office	conseil	presidential_office	other	other	presidential_office	conseil	unknown	other	other	other	other	other	other	other	other	presidential_office	other	presidential_office	other	college_members	presidential_office	conseil	presidential_office	conseil	presidential_office																																																																																						
weban-upn_PV_CA_2007-07-09_TEI	presidential_office	presidential_office	college_a	college_b	college_a	other	presidential_office	conseil	presidential_office	presidential_office	presidential_office	consulting_members	consulting_members	presidential_office	consulting_members	college_a	consulting_members	other	consulting_members	college_b	presidential_office	college_a	college_a	other	other	consulting_members	college_b	presidential_office	college_b	college_biatss	other	college_b	other	consulting_members	presidential_office	conseil	consulting_members	consulting_members	consulting_members	consulting_members	presidential_office	conseil	consulting_members	presidential_office	conseil	consulting_members	presidential_office	conseil	college_a	presidential_office	conseil	conseil	conseil	conseil	conseil	conseil	conseil	conseil	presidential_office	conseil	college_b	conseil	consulting_members	other	presidential_office																																																																																																																																																																																												
weban-upn_PV_CA_2007-10-08_TEI	presidential_office	presidential_office	conseil	presidential_office	presidential_office	college_b	presidential_office	presidential_office	presidential_office	consulting_members	presidential_office	college_biatss	presidential_office	other	presidential_office	other	presidential_office	college_biatss	college_b	college_biatss	other	other	college_biatss	other	college_members	ext_members	other	college_etudiant	college_biatss	presidential_office	consulting_members	other	college_a	college_a	presidential_office	presidential_office	college_b	consulting_members	presidential_office	other	ext_members	college_a	consulting_members	college_b	presidential_office	college_a	consulting_members	college_b	presidential_office	presidential_office	other	college_b	consulting_members	college_a	presidential_office	ext_members	presidential_office	unknown	presidential_office	other	presidential_office	other	consulting_members	presidential_office	other	presidential_office	consulting_members	other	college_a	presidential_office	college_biatss	presidential_office	ext_members	presidential_office	other	presidential_office	consulting_members	presidential_office	consulting_members	presidential_office	unknown	presidential_office	conseil	presidential_office	consulting_members	presidential_office	conseil	presidential_office	unknown	other	other	ext_members	other	other	consulting_members	college_a	other	consulting_members	other	other	college_biatss	other	other	consulting_members	other	college_a	presidential_office	conseil	presidential_office	other	presidential_office	college_biatss	consulting_members	ext_members	consulting_members	other	presidential_office	other	other	consulting_members	other	other	presidential_office	conseil	presidential_office																																																																																																																																
weban-upn_PV_CA_2007-10-22_TEI	presidential_office	presidential_office	other	presidential_office	other	presidential_office	college_biatss	presidential_office	other	college_b	other	college_b	other	presidential_office	conseil	presidential_office	presidential_office	consulting_members	college_a	consulting_members	other	other	consulting_members	other	consulting_members	other	other	consulting_members	other	consulting_members	college_biatss	consulting_members	consulting_members	consulting_members	consulting_members	consulting_members	consulting_members	consulting_members	consulting_members	presidential_office	college_b	presidential_office	conseil	consulting_members	consulting_members	presidential_office	conseil	consulting_members	college_biatss	consulting_members	presidential_office	conseil	presidential_office	college_b	presidential_office	college_b	presidential_office	college_b	presidential_office	college_a	consulting_members	college_b	consulting_members	college_b	college_b	consulting_members	ext_members	other	presidential_office	college_b	presidential_office	consulting_members	college_b	college_b	college_b	college_a	consulting_members	presidential_office	consulting_members	other	presidential_office	other	consulting_members	presidential_office	other	college_b	presidential_office	other	other	presidential_office	college_a	college_b	other	college_b	other	presidential_office	other	college_a	presidential_office	consulting_members	presidential_office	other	presidential_office	college_b	presidential_office	other	consulting_members	presidential_office	other	consulting_members	presidential_office	college_b	presidential_office	college_b	other	presidential_office	college_b	presidential_office	conseil	presidential_office	college_b	consulting_members	presidential_office	college_b	college_biatss	consulting_members	presidential_office	other	college_b	presidential_office	college_b	presidential_office	college_b	presidential_office	college_b	consulting_members	presidential_office	conseil	presidential_office	consulting_members	consulting_members	consulting_members	consulting_members	consulting_members	college_biatss	consulting_members	other	college_a	consulting_members	college_biatss	consulting_members	college_b	consulting_members	college_b	consulting_members	college_b	consulting_members	college_b	consulting_members	college_b	consulting_members	presidential_office	consulting_members	consulting_members	other	presidential_office	consulting_members	college_a	presidential_office	conseil	college_b	other	consulting_members	college_biatss	consulting_members	presidential_office	conseil	other	presidential_office	college_etudiant	consulting_members	college_b	other	presidential_office	presidential_office	other	conseil	consulting_members	presidential_office	other	other	other	presidential_office	other	other	other	other	presidential_office	other	presidential_office	other	presidential_office	other	college_biatss	college_b	other	college_a	other	college_a	college_a	college_b	presidential_office	college_a	presidential_office	college_b	other	presidential_office	presidential_office																																			
weban-upn_PV_CA_2007-11-19_TEI	presidential_office	presidential_office	presidential_office	other	presidential_office	presidential_office	unknown	presidential_office	unknown	presidential_office	other	presidential_office	college_b	presidential_office	other	college_b	presidential_office	college_a	college_b	presidential_office	college_b	presidential_office	other	presidential_office	other	presidential_office	presidential_office	college_etudiant	presidential_office	other	other	college_biatss	unknown	other	consulting_members	college_members	college_b	college_b	presidential_office	college_b	college_b	college_b	college_a	college_b	college_b	unknown	college_biatss	college_b	college_etudiant	consulting_members	unknown	college_biatss	other	presidential_office	consulting_members	other	consulting_members	other	consulting_members	other	presidential_office	other	college_b	other	other	college_a	college_b	presidential_office	other	presidential_office	college_b	presidential_office	college_biatss	presidential_office	college_biatss	presidential_office	college_etudiant	college_a	consulting_members	college_etudiant	presidential_office	college_etudiant	other	other	presidential_office	college_b	presidential_office	college_b	other	presidential_office	college_biatss	college_b	presidential_office	college_b	presidential_office	college_b	presidential_office	college_b	college_biatss	presidential_office	college_biatss	presidential_office	college_biatss	presidential_office	other	consulting_members	college_b	other	college_b	college_a	college_b	other	presidential_office	conseil	presidential_office	other	presidential_office	college_b	presidential_office	college_b	other	college_b	college_b	college_b	other	presidential_office	college_a	other	other	presidential_office	conseil	other	presidential_office	college_etudiant	other	other	other	presidential_office	college_etudiant	college_b	consulting_members	college_a	presidential_office	consulting_members	presidential_office	college_etudiant	other	college_a	other	consulting_members	college_b	presidential_office	other	consulting_members	other	consulting_members	other	consulting_members	other	other	other	other	college_etudiant	other	college_etudiant	presidential_office	other	college_biatss	presidential_office	consulting_members	college_etudiant	presidential_office																																																																																	
weban-upn_PV_CA_2007-11-26_TEI	presidential_office	presidential_office	college_a	presidential_office	other	ext_members	college_biatss	college_a	other	presidential_office	ext_members	consulting_members	presidential_office	other	presidential_office	presidential_office	college_b	other	presidential_office	other	ext_members	presidential_office	consulting_members	presidential_office	consulting_members	consulting_members	other	presidential_office	college_a	other	presidential_office	other	other	college_b	other	other	other	presidential_office	consulting_members	presidential_office	ext_members	presidential_office	other	college_b	unknown	college_b	presidential_office	consulting_members	college_b	presidential_office	presidential_office	conseil	other	presidential_office	unknown	unknown	presidential_office	presidential_office	presidential_office	presidential_office	consulting_members	consulting_members	consulting_members	other	consulting_members	other	consulting_members	presidential_office	college_biatss	presidential_office	college_biatss	consulting_members	college_biatss	consulting_members	college_biatss	consulting_members	college_b	consulting_members	college_b	consulting_members	ext_members	consulting_members	presidential_office	conseil	presidential_office	college_etudiant	presidential_office	college_etudiant	presidential_office	presidential_office	college_etudiant	presidential_office	college_etudiant	presidential_office	college_b	presidential_office	college_b	college_a	college_b	college_a	college_b	college_a	college_b	college_a	college_b	college_b	college_etudiant	presidential_office	consulting_members	college_b	consulting_members	college_b	presidential_office	college_b	other	college_b	college_a	presidential_office	college_b	presidential_office	college_etudiant	presidential_office	college_b	consulting_members	college_b	consulting_members	college_b	consulting_members	college_b	consulting_members	college_b	consulting_members	consulting_members	consulting_members	consulting_members	consulting_members	college_b	consulting_members	college_b	consulting_members	college_a	college_b	consulting_members	college_b	consulting_members	college_b	consulting_members	college_a	other	college_a	consulting_members	college_a	consulting_members	college_b	consulting_members	college_b	consulting_members	college_a	consulting_members	consulting_members	college_a	consulting_members	college_b	consulting_members	college_b	consulting_members	college_b	consulting_members	other	consulting_members	consulting_members	presidential_office	college_b	consulting_members	college_b	consulting_members	college_b	consulting_members	college_b	consulting_members	presidential_office	conseil	consulting_members	presidential_office	college_a	college_a	college_a	college_biatss	college_a	college_a	college_a	consulting_members	presidential_office	conseil	consulting_members	presidential_office	conseil	presidential_office	conseil	presidential_office	presidential_office																																																				
weban-upn_PV_CA_2008-01-28_TEI	presidential_office	college_biatss	presidential_office	conseil	presidential_office	college_biatss	other	presidential_office	unknown	presidential_office	other	presidential_office	presidential_office	college_b	college_b	presidential_office	college_b	presidential_office	consulting_members	presidential_office	presidential_office	other	other	presidential_office	other	presidential_office	college_biatss	other	presidential_office	other	presidential_office	unknown	presidential_office	other	presidential_office	consulting_members	presidential_office	consulting_members	presidential_office	other	presidential_office	other	presidential_office	other	presidential_office	other	college_biatss	presidential_office	other	other	other	other	other	other	other	other	other	other	other	other	other	other	consulting_members	other	other	other	consulting_members	college_b	other	college_b	other	college_b	other	college_b	other	other	other	college_b	other	college_b	other	college_b	other	college_a	other	college_a	college_b	other	college_a	other	college_b	presidential_office	other	presidential_office	conseil	other	presidential_office	other	presidential_office	other	other	other	other	other	other	presidential_office	other	presidential_office	conseil	other	college_a	conseil	college_a	college_b	college_a	college_b	other	consulting_members	college_a	consulting_members	college_a	college_a	other	college_a	other	college_b	college_a	presidential_office	other	other	college_b	other	college_b	other	college_b	other	consulting_members	other	presidential_office	college_b	other	presidential_office	conseil	other	presidential_office	conseil	presidential_office	college_b	consulting_members	presidential_office	college_b	presidential_office	college_b	consulting_members	college_b	ext_members	presidential_office	conseil	presidential_office	conseil	presidential_office	other	college_biatss	presidential_office	college_biatss	other	other	college_biatss	other	presidential_office	other	other	other	other	other	other	presidential_office	other	other	other	other	college_b	other	college_biatss	ext_members	presidential_office	other	presidential_office	ext_members	other	consulting_members	college_biatss	other	ext_members	college_a	presidential_office	presidential_office	college_b	college_b	presidential_office	college_b	presidential_office	college_b	presidential_office	ext_members	presidential_office	conseil	presidential_office	consulting_members	presidential_office	consulting_members	consulting_members	presidential_office	college_a	presidential_office	conseil	consulting_members	college_a	consulting_members	college_a	presidential_office																																
weban-upn_PV_CA_2008-02-25_TEI	presidential_office	presidential_office	conseil	presidential_office	presidential_office	college_biatss	consulting_members	presidential_office	conseil	college_a	college_biatss	college_a	college_a	consulting_members	presidential_office	consulting_members	presidential_office	other	college_b	consulting_members	presidential_office	other	presidential_office	other	presidential_office	other	consulting_members	presidential_office	consulting_members	presidential_office	consulting_members	presidential_office	consulting_members	presidential_office	college_a	other	other	other	college_b	other	consulting_members	other	consulting_members	other	other	other	consulting_members	presidential_office	conseil	consulting_members	presidential_office	consulting_members	consulting_members	consulting_members	other	college_b	other	other	college_a	consulting_members	other	college_a	consulting_members	college_b	consulting_members	other	presidential_office	other	other	college_b	consulting_members	presidential_office	conseil	presidential_office	unknown	consulting_members	college_b	consulting_members	presidential_office	conseil	college_b	other	college_b	consulting_members	other	consulting_members	other	college_b	other	consulting_members	college_b	consulting_members	other	consulting_members	presidential_office	conseil	consulting_members	college_b	consulting_members	college_b	consulting_members	presidential_office	conseil	consulting_members	college_biatss	consulting_members	other	consulting_members	presidential_office	consulting_members	presidential_office	conseil	consulting_members	consulting_members	college_a	consulting_members	other	consulting_members	other	consulting_members	other	consulting_members	other	consulting_members	other	college_a	presidential_office	conseil	consulting_members	other	consulting_members	other	other	college_biatss	college_b	other	consulting_members	consulting_members	college_biatss	consulting_members	other	consulting_members	presidential_office	conseil	consulting_members	college_biatss	consulting_members	presidential_office	conseil	consulting_members	college_b	consulting_members	presidential_office	college_b	consulting_members	college_biatss	other	other	consulting_members	college_biatss	college_a	consulting_members	presidential_office	other	other	college_b	presidential_office	conseil	college_a	presidential_office	conseil	college_a	college_b	college_a	presidential_office	conseil	college_a	college_a	college_a	college_a	college_a	college_a	college_a	college_a	college_a	other	college_a	other	college_a	other	college_a	other	college_a	other	college_a	other	college_a	other	college_a	presidential_office	college_a	presidential_office	conseil	consulting_members	presidential_office	conseil	college_biatss	consulting_members	presidential_office	conseil	presidential_office	college_b	presidential_office	college_a	college_a	presidential_office	college_a	presidential_office																																			
weban-upn_PV_CA_2008-03-27_TEI	presidential_office	presidential_office	presidential_office	presidential_office	other	other	other	presidential_office	presidential_office	presidential_office	presidential_office	college_etudiant	presidential_office	other	college_biatss	other	presidential_office	college_b	presidential_office	other	college_etudiant	college_a	presidential_office	college_a	consulting_members	college_a	presidential_office	college_a	presidential_office	college_b	college_biatss	presidential_office	other	presidential_office	college_b	presidential_office	college_b	other	presidential_office	unknown	presidential_office	presidential_office	college_a	consulting_members	presidential_office	college_a	consulting_members	college_a	presidential_office	college_a	presidential_office	college_a	presidential_office	college_a	presidential_office	presidential_office	presidential_office	college_b	presidential_office	unknown	college_a	presidential_office	college_etudiant	college_biatss	presidential_office	other	presidential_office	presidential_office	presidential_office	college_b	college_etudiant	presidential_office	other	college_a	college_biatss	college_a	college_a	presidential_office	college_etudiant	college_biatss	college_b	college_biatss	college_a	college_b	college_biatss	college_a	college_a	college_b	presidential_office	unknown	unknown	presidential_office	college_b	college_biatss	college_etudiant	college_etudiant	college_b	college_etudiant	presidential_office	presidential_office	other	presidential_office	other	presidential_office	presidential_office	presidential_office																																																																																																																																																			
weban-upn_PV_CA_2008-04-07_TEI	presidential_office	presidential_office	college_a	presidential_office	other	presidential_office	college_a	presidential_office	presidential_office	unknown	other	presidential_office	unknown	other	other	college_b	college_etudiant	college_a	presidential_office	college_a	college_b	other	college_a	other	other	college_b	college_etudiant	presidential_office	college_etudiant	college_a	college_biatss	college_b	presidential_office	other	other	college_b	other	college_b	college_a	college_b	college_b	college_etudiant	other	other	college_a	college_biatss	college_b	other	college_biatss	presidential_office	college_biatss	presidential_office	other	college_a	presidential_office	college_biatss	college_a	college_etudiant	college_etudiant	college_etudiant	presidential_office	college_etudiant	college_a	college_etudiant	other	other	college_b	other	presidential_office	college_a	college_b	presidential_office	college_a	presidential_office	college_a	presidential_office	college_etudiant	college_a	other	college_a	presidential_office	other	presidential_office	college_biatss	presidential_office	college_etudiant	college_a	college_etudiant	other	presidential_office	other	presidential_office	college_a	presidential_office	college_a	presidential_office	college_a	college_etudiant	college_a	presidential_office	college_a	presidential_office	college_a	presidential_office	college_a	other	presidential_office	consulting_members	college_a	presidential_office	consulting_members	presidential_office	other	presidential_office	college_a	presidential_office	other	unknown																																																																																																																																							
weban-upn_PV_CA_2008-05-20_TEI	presidential_office	presidential_office	unknown	college_b	unknown	other	presidential_office	presidential_office	presidential_office	presidential_office	other	presidential_office	presidential_office	college_a	presidential_office	presidential_office	college_etudiant	presidential_office	college_b	college_biatss	college_etudiant	presidential_office	other	presidential_office	presidential_office	unknown	presidential_office	presidential_office	presidential_office	presidential_office	presidential_office	presidential_office																																																																																																																																																																																																																													
weban-upn_PV_CA_2008-06-23_TEI	presidential_office	presidential_office	college_etudiant	college_b	presidential_office	other	conseil	other	conseil	college_etudiant	conseil	presidential_office	other	presidential_office	college_a	other	presidential_office	college_a	presidential_office	college_etudiant	presidential_office	other	college_biatss	presidential_office	consulting_members	presidential_office	college_a	presidential_office	presidential_office	college_etudiant	college_a	presidential_office	college_b	consulting_members	presidential_office	unknown	other	college_etudiant	college_biatss	college_b	other	college_b	college_a	other	presidential_office	college_a	other	college_b	other	other	college_etudiant	other	presidential_office	other	college_biatss	presidential_office	conseil	presidential_office	consulting_members	presidential_office	consulting_members	presidential_office	consulting_members	other	other	college_b	presidential_office	other	college_a	other	presidential_office	college_b	college_a	college_a	college_b	other	college_a	presidential_office	college_a	college_etudiant	other	college_etudiant	unknown	conseil	presidential_office	presidential_office	consulting_members	college_biatss	consulting_members	college_biatss	college_etudiant	college_a	presidential_office	college_a	college_b	other	presidential_office	presidential_office	college_biatss	unknown	conseil	presidential_office	unknown	other	other	other	presidential_office	presidential_office	unknown	conseil	college_etudiant	presidential_office	consulting_members	presidential_office	college_biatss	unknown	conseil	presidential_office	consulting_members	other	college_etudiant	presidential_office	other	unknown	conseil	presidential_office	college_etudiant	consulting_members	presidential_office	college_a	presidential_office	college_etudiant	presidential_office	college_b	presidential_office	college_etudiant	college_b	presidential_office	conseil	presidential_office	consulting_members	college_etudiant	presidential_office	presidential_office	presidential_office	college_etudiant	presidential_office	college_etudiant	college_b	other	college_etudiant	presidential_office	other	presidential_office	college_etudiant	college_a	presidential_office	conseil	presidential_office	college_etudiant	presidential_office	college_biatss	college_b	college_etudiant	college_biatss	college_etudiant	presidential_office	college_biatss	other	college_etudiant	presidential_office	conseil	college_b	presidential_office	conseil	college_biatss	presidential_office	presidential_office																																																																											
weban-upn_PV_CA_2008-07-08_TEI	presidential_office	presidential_office	presidential_office	presidential_office	presidential_office	presidential_office	presidential_office	college_b	presidential_office	consulting_members	consulting_members	consulting_members	presidential_office	presidential_office	consulting_members	presidential_office	college_biatss	consulting_members	college_etudiant	consulting_members	college_etudiant	consulting_members	presidential_office	consulting_members	presidential_office	conseil	presidential_office	presidential_office	other	presidential_office	college_biatss	presidential_office	conseil	presidential_office	other	presidential_office	presidential_office	conseil	presidential_office	conseil	consulting_members	consulting_members	college_etudiant	consulting_members	college_etudiant	consulting_members	other	consulting_members	college_etudiant	consulting_members	presidential_office	college_etudiant	consulting_members	presidential_office	conseil	presidential_office	presidential_office	conseil	presidential_office	presidential_office	conseil	presidential_office	consulting_members	college_b	presidential_office	unknown	presidential_office	presidential_office	college_b	college_etudiant	presidential_office	presidential_office	consulting_members	conseil	presidential_office	consulting_members	other	presidential_office	college_a	other	presidential_office	conseil	consulting_members	college_biatss	presidential_office	college_biatss	college_biatss	college_etudiant	college_a	college_b	presidential_office	conseil	presidential_office	conseil	college_a	college_biatss	other	presidential_office	college_b	consulting_members	presidential_office	consulting_members	presidential_office	college_a	presidential_office	other	ext_members	conseil	college_a	consulting_members	presidential_office	college_b	presidential_office	presidential_office																																																																																																																																											
weban-upn_PV_CA_2008-09-22_TEI	presidential_office	presidential_office	presidential_office	college_a	conseil	presidential_office	other	presidential_office	conseil	other	unknown	presidential_office	college_a	unknown	college_a	unknown	college_a	unknown	consulting_members	unknown	college_etudiant	college_etudiant	college_etudiant	unknown	unknown	presidential_office	consulting_members	presidential_office	consulting_members	consulting_members	presidential_office	college_b	presidential_office	presidential_office	other	college_etudiant	college_b	consulting_members	presidential_office	consulting_members	college_etudiant	consulting_members	presidential_office	college_a	presidential_office	college_a	other	ext_members	college_b	college_a	college_a	consulting_members	college_a	other	consulting_members	presidential_office	conseil	presidential_office	consulting_members	consulting_members	presidential_office	college_etudiant	college_etudiant	college_etudiant	unknown	other	presidential_office	college_b	presidential_office	college_b	presidential_office	college_b	consulting_members	presidential_office	college_b	conseil	other	presidential_office	conseil	college_a	presidential_office	other	college_b	college_b	other	other	college_b	presidential_office	college_a	presidential_office	college_biatss	other	other	other	other	presidential_office																																																																																																																																																													
weban-upn_PV_CA_2008-10-17_TEI	presidential_office	presidential_office	college_b	college_b	college_etudiant	presidential_office	presidential_office	presidential_office	college_b	college_a	presidential_office	conseil	unknown	consulting_members	college_etudiant	consulting_members	presidential_office	college_b	consulting_members	presidential_office	conseil	presidential_office	college_b	consulting_members	college_b	presidential_office	college_etudiant	consulting_members	other	other	consulting_members	college_b	college_etudiant	consulting_members	presidential_office	consulting_members	college_a	consulting_members	college_etudiant	college_a	consulting_members	college_a	college_b	other	college_a	consulting_members	presidential_office	college_etudiant	consulting_members	presidential_office	other	college_etudiant	consulting_members	college_etudiant	presidential_office	conseil	college_b	presidential_office	presidential_office	consulting_members	college_a	college_b	other	consulting_members	presidential_office	other	presidential_office	college_a	presidential_office	other	presidential_office	consulting_members	conseil	other	presidential_office	conseil	presidential_office	consulting_members	college_b	consulting_members	consulting_members	presidential_office	college_b	presidential_office	college_b	consulting_members	other	presidential_office	other	consulting_members	conseil	unknown	other	presidential_office	other	college_a	presidential_office	college_a	other	other	conseil	college_b	conseil	college_a	college_b	college_a	consulting_members	presidential_office	other	college_b	college_etudiant	college_b	conseil	college_etudiant	college_biatss	presidential_office	other	college_b	presidential_office	presidential_office	other	presidential_office	other	presidential_office	other	other	college_biatss	presidential_office	consulting_members	other	presidential_office	other	presidential_office	other	college_b	presidential_office	other	presidential_office																																																																																																																			
weban-upn_PV_CA_2008-11-24_TEI	presidential_office	presidential_office	college_b	presidential_office	presidential_office	presidential_office	presidential_office	presidential_office	college_b	presidential_office	college_b	presidential_office	other	presidential_office	college_b	conseil	other	presidential_office	college_b	college_biatss	presidential_office	college_b	college_a	presidential_office	other	college_b	consulting_members	presidential_office	college_a	other	presidential_office	presidential_office	presidential_office	other	presidential_office	conseil	presidential_office	other	presidential_office	unknown	consulting_members	presidential_office	presidential_office	other	presidential_office	consulting_members	presidential_office	college_biatss	presidential_office	other	other	presidential_office	presidential_office	college_biatss	consulting_members	presidential_office	presidential_office	presidential_office	college_b	conseil	presidential_office	conseil	college_a	consulting_members	college_a	consulting_members	other	college_a	college_b	consulting_members	consulting_members	college_a	consulting_members	college_a	presidential_office	college_a	consulting_members	presidential_office	consulting_members	college_b	other	presidential_office	other	presidential_office	college_b	consulting_members	other	college_b	ext_members	other	ext_members	other	college_etudiant	consulting_members	college_etudiant	presidential_office	other	other	other	other	college_a	other	college_a	other	other	presidential_office	other	consulting_members	other	presidential_office	college_b	other	college_b	other	presidential_office	conseil	college_b	presidential_office	presidential_office	conseil	unknown	consulting_members	college_a	college_b	consulting_members	presidential_office	college_a	college_a	consulting_members	other	consulting_members	other	consulting_members	presidential_office	college_a	other	consulting_members	other	consulting_members	college_a	consulting_members	college_a	college_a	presidential_office	college_a	consulting_members	presidential_office	college_a	consulting_members	college_a	college_a	presidential_office	college_a	college_a	consulting_members	college_a	presidential_office	college_a	presidential_office	conseil	presidential_office	conseil	presidential_office	conseil	college_biatss	presidential_office	conseil	consulting_members	presidential_office	conseil	presidential_office																																																																																		
weban-upn_PV_CA_2008-12-15_TEI	presidential_office	presidential_office	college_a	presidential_office	college_etudiant	college_b	presidential_office	presidential_office	presidential_office	presidential_office	college_b	other	presidential_office	college_b	presidential_office	presidential_office	consulting_members	consulting_members	college_a	presidential_office	college_a	consulting_members	consulting_members	college_a	consulting_members	college_a	presidential_office	college_b	presidential_office	presidential_office	college_etudiant	conseil	presidential_office	unknown	other	presidential_office	college_b	college_a	college_b	college_biatss	presidential_office	other	college_biatss	presidential_office	college_biatss	consulting_members	presidential_office	consulting_members	college_etudiant	college_a	college_etudiant	college_a	other	college_a	college_b	consulting_members	presidential_office	unknown	college_b	college_b	college_biatss	presidential_office	conseil	presidential_office	presidential_office	college_b	consulting_members	college_b	unknown	presidential_office	conseil	college_biatss	presidential_office	other	college_b	consulting_members	college_a	other	college_b	college_a	other	college_b	college_b	consulting_members	consulting_members	college_b	college_b	presidential_office	presidential_office	conseil	consulting_members	presidential_office	conseil	consulting_members	college_etudiant	consulting_members	presidential_office	conseil	consulting_members	presidential_office	conseil	consulting_members	college_etudiant	college_a	consulting_members	presidential_office	conseil	other	presidential_office	conseil	presidential_office	college_a	consulting_members	consulting_members	presidential_office	conseil	consulting_members	presidential_office	conseil	presidential_office																																																																																																																																					
weban-upn_PV_CA_2009-01-26_TEI	presidential_office	presidential_office	presidential_office	conseil	presidential_office	presidential_office	college_biatss	presidential_office	presidential_office	unknown	college_biatss	unknown	presidential_office	presidential_office	presidential_office	other	college_a	presidential_office	other	other	other	presidential_office	other	other	other	college_b	other	other	other	presidential_office	consulting_members	presidential_office	other	presidential_office	college_a	other	college_a	other	college_a	other	other	other	other	college_biatss	college_etudiant	other	presidential_office	college_biatss	other	college_biatss	other	other	presidential_office	other	other	college_biatss	presidential_office	consulting_members	college_biatss	college_a	college_b	presidential_office	consulting_members	college_b	presidential_office	college_a	consulting_members	consulting_members	presidential_office	consulting_members	consulting_members	other	consulting_members	presidential_office	other	consulting_members	college_b	consulting_members	college_a	consulting_members	other	presidential_office	college_a	consulting_members	college_a	consulting_members	college_etudiant	presidential_office	presidential_office	college_b	presidential_office	college_b	college_a	college_a	consulting_members	presidential_office	other	presidential_office	college_a	college_b	college_a	presidential_office	other	college_b	consulting_members	college_b	college_a	presidential_office	presidential_office	consulting_members	college_biatss	presidential_office	college_a	college_a	other	other	presidential_office	college_a	college_b	other	presidential_office	other	presidential_office	conseil	presidential_office	conseil	presidential_office																																																																																																																														
weban-upn_PV_CA_2009-02-09_TEI	presidential_office	presidential_office	other	college_a	presidential_office	college_b	presidential_office	unknown	presidential_office	consulting_members	presidential_office	other	other	presidential_office	other	college_b	consulting_members	presidential_office	college_biatss	presidential_office	other	college_b	other	other	consulting_members	other	college_b	consulting_members	other	college_b	consulting_members	college_a	consulting_members	other	consulting_members	other	conseil	other	consulting_members	college_a	other	other	college_b	other	college_b	other	college_biatss	college_etudiant	college_b	other	college_b	other	conseil	other	college_b	college_a	college_b	other	college_b	college_a	college_a	other	other	other	consulting_members	other	conseil	college_b	other	college_biatss	other	unknown	college_etudiant	college_b	other	college_b	other	other	conseil	other	conseil	college_a	other	presidential_office																																																																																																																																																																									
weban-upn_PV_CA_2009-03-02_TEI	presidential_office	presidential_office	college_b	college_b	college_biatss	presidential_office	presidential_office	conseil	presidential_office	consulting_members	other	presidential_office	college_a	consulting_members	consulting_members	college_b	presidential_office	college_b	presidential_office	college_a	consulting_members	college_b	presidential_office	consulting_members	college_a	college_b	consulting_members	presidential_office	college_a	presidential_office	consulting_members	consulting_members	presidential_office	presidential_office	consulting_members	presidential_office	college_etudiant	presidential_office	college_a	college_etudiant	presidential_office	presidential_office	college_a	college_a	presidential_office	presidential_office	presidential_office	conseil	college_b	presidential_office	unknown	unknown	college_b	presidential_office	college_b	other	college_b	presidential_office	presidential_office	college_b	presidential_office	college_a	college_biatss	presidential_office	college_a	other	ext_members	presidential_office	consulting_members	college_b	presidential_office	college_biatss	other	consulting_members	presidential_office	college_biatss	consulting_members	college_b	consulting_members	presidential_office	conseil	presidential_office	college_b	presidential_office	college_b	college_biatss	presidential_office	ext_members	college_biatss	other	other	presidential_office	presidential_office	presidential_office	conseil	consulting_members	other	consulting_members	other	consulting_members	consulting_members	presidential_office	conseil	presidential_office	presidential_office	conseil	consulting_members	presidential_office	conseil	college_biatss	presidential_office	conseil	presidential_office	presidential_office	conseil	presidential_office	other	college_b	other	presidential_office	other	other	conseil	presidential_office																																																																																																																																	
weban-upn_PV_CA_2009-03-30_TEI	presidential_office	presidential_office	college_a	presidential_office	college_biatss	other	consulting_members	college_b	presidential_office	conseil	college_a	presidential_office	conseil	presidential_office	college_a	other	presidential_office	presidential_office	presidential_office	other	other	other	consulting_members	conseil	consulting_members	college_b	college_biatss	college_a	consulting_members	other	consulting_members	consulting_members	consulting_members	consulting_members	consulting_members	consulting_members	college_a	consulting_members	college_b	other	consulting_members	other	consulting_members	college_b	college_a	other	consulting_members	other	presidential_office	conseil	presidential_office	unknown	other	presidential_office	presidential_office	other	other	other	conseil	presidential_office	consulting_members	other	presidential_office	college_b	presidential_office	college_b	conseil	presidential_office	consulting_members	presidential_office	other	other	other	other	other	college_a	consulting_members	college_biatss	presidential_office	presidential_office	consulting_members	presidential_office	college_biatss	presidential_office	consulting_members	presidential_office	college_b	presidential_office	consulting_members	college_a	college_biatss	college_b	consulting_members	consulting_members	consulting_members	college_biatss	presidential_office	consulting_members	presidential_office	conseil	presidential_office	college_b	presidential_office	college_b	presidential_office	college_biatss	presidential_office	presidential_office	conseil	presidential_office	conseil	unknown	consulting_members	presidential_office	conseil	consulting_members	college_b	consulting_members	college_a	consulting_members	college_biatss	consulting_members	college_biatss	college_a	presidential_office	college_biatss	consulting_members	college_a	presidential_office	consulting_members	college_a	presidential_office	college_a	consulting_members	presidential_office	presidential_office	conseil	college_b	consulting_members	college_b	presidential_office	other	college_b	presidential_office	conseil	presidential_office	consulting_members	other	presidential_office	college_biatss	presidential_office	conseil	conseil	presidential_office																																																																																																			
weban-upn_PV_CA_2009-05-25_TEI	presidential_office	presidential_office	presidential_office	college_biatss	conseil	presidential_office	consulting_members	presidential_office	other	college_etudiant	consulting_members	other	college_b	other	other	conseil	presidential_office	unknown	presidential_office	college_b	presidential_office	college_b	ext_members	consulting_members	ext_members	other	college_a	consulting_members	other	other	presidential_office	other	other	college_etudiant	consulting_members	presidential_office	college_b	consulting_members	presidential_office	conseil	presidential_office	conseil	consulting_members	college_a	consulting_members	college_a	consulting_members	college_a	consulting_members	college_biatss	presidential_office	conseil	consulting_members	college_etudiant	consulting_members	ext_members	other	presidential_office	college_a	consulting_members	consulting_members	other	presidential_office	conseil	presidential_office	presidential_office	other	conseil	presidential_office	ext_members	other	ext_members	consulting_members	college_a	presidential_office	college_a	college_b	presidential_office	consulting_members	consulting_members	college_biatss	other	college_b	college_b	presidential_office	presidential_office	college_b	other	consulting_members	presidential_office	other	presidential_office	consulting_members	college_biatss	presidential_office	college_a	other	college_a	presidential_office	college_b	unknown	unknown	college_b	other	college_biatss	consulting_members	presidential_office	consulting_members	college_b	presidential_office	college_biatss	consulting_members	college_a	college_biatss	consulting_members	other	college_b	other	college_a	presidential_office	other	consulting_members	college_b	consulting_members	presidential_office	college_etudiant	consulting_members	consulting_members	college_a	consulting_members	presidential_office	college_b	consulting_members	consulting_members	presidential_office	other	other	conseil	consulting_members	college_biatss	consulting_members	college_b	college_b	consulting_members	college_biatss	college_biatss	college_a	college_a	consulting_members	presidential_office	conseil	consulting_members	presidential_office	conseil	college_a	consulting_members	consulting_members	other	presidential_office	conseil	presidential_office	consulting_members	other	college_b	presidential_office	other	college_biatss	other	presidential_office	conseil	presidential_office	consulting_members	college_b	college_biatss	presidential_office	conseil	presidential_office	college_etudiant	college_b	consulting_members	college_biatss	other	consulting_members	college_biatss	presidential_office																																																																				
weban-upn_PV_CA_2009-06-02_TEI	presidential_office	presidential_office	presidential_office	presidential_office	presidential_office	college_a	presidential_office	presidential_office	other	presidential_office	presidential_office	college_biatss	college_b	college_b	consulting_members	consulting_members	other	presidential_office	presidential_office	other	other	other	presidential_office	college_a	presidential_office	college_a	college_biatss	college_biatss	presidential_office	college_biatss	consulting_members	other	presidential_office	other	consulting_members	college_b	other	presidential_office	presidential_office	presidential_office																																																																																																																																																																																																																					
weban-upn_PV_CA_2009-06-22_TEI	presidential_office	presidential_office	presidential_office	other	consulting_members	presidential_office	consulting_members	presidential_office	consulting_members	other	presidential_office	other	consulting_members	presidential_office	consulting_members	other	college_b	other	other	presidential_office	consulting_members	college_a	presidential_office	other	consulting_members	college_b	other	presidential_office	college_a	presidential_office	presidential_office	other	presidential_office	consulting_members	college_a	other	consulting_members	college_a	conseil	presidential_office	college_a	other	consulting_members	presidential_office	presidential_office	other	presidential_office	consulting_members	presidential_office	conseil	other	college_b	other	consulting_members	other	college_b	consulting_members	other	consulting_members	college_b	other	presidential_office	conseil	other	college_b	consulting_members	other	other	consulting_members	college_b	consulting_members	consulting_members	other	consulting_members	presidential_office	conseil	presidential_office	presidential_office	other	consulting_members	ext_members	college_a	other	college_a	presidential_office	other	consulting_members	consulting_members	presidential_office	college_b	college_b	consulting_members	presidential_office	conseil	presidential_office	consulting_members	other	presidential_office	college_b	other	other	college_a	college_etudiant	college_biatss	consulting_members	presidential_office	consulting_members	conseil	college_a	other	college_a	consulting_members	presidential_office	consulting_members	consulting_members	presidential_office	conseil	consulting_members	other	consulting_members	other	consulting_members	presidential_office	conseil	ext_members	presidential_office	conseil	consulting_members	other	consulting_members	presidential_office	conseil	consulting_members	other	consulting_members	consulting_members	presidential_office	conseil	consulting_members	presidential_office	consulting_members	consulting_members	college_a	consulting_members	consulting_members	college_a	consulting_members	presidential_office	consulting_members	presidential_office	conseil	other	presidential_office	conseil	other	college_etudiant	other	college_b	college_b	presidential_office	consulting_members	consulting_members	consulting_members	college_b	other	other	consulting_members	presidential_office	consulting_members	conseil	consulting_members	presidential_office	conseil	presidential_office	conseil	presidential_office																																																																													
weban-upn_PV_CA_2009-07-06_TEI	presidential_office	college_a	presidential_office	conseil	presidential_office	presidential_office	presidential_office	ext_members	presidential_office	ext_members	college_a	college_b	presidential_office	other	ext_members	other	consulting_members	other	consulting_members	college_b	consulting_members	other	other	other	other	consulting_members	college_a	other	consulting_members	presidential_office	consulting_members	college_b	college_a	consulting_members	college_a	consulting_members	other	consulting_members	other	other	presidential_office	conseil	presidential_office	college_b	college_biatss	college_biatss	college_a	presidential_office	consulting_members	other	consulting_members	other	college_b	college_b	presidential_office	consulting_members	presidential_office	college_b	college_b	presidential_office	college_b	consulting_members	college_a	college_a	consulting_members	consulting_members	college_a	other	presidential_office	conseil	presidential_office	consulting_members	other	consulting_members	consulting_members	other	presidential_office	consulting_members	other	other	presidential_office	college_a	presidential_office	consulting_members	college_b	other	presidential_office	college_a	other	consulting_members	other	presidential_office	unknown	other	presidential_office	conseil	college_b	presidential_office	college_b	college_a	college_b	consulting_members	college_b	consulting_members	college_a	college_b	college_a	college_b	college_a	presidential_office	conseil	college_a	conseil	college_b	consulting_members	college_a	college_biatss	presidential_office	presidential_office	consulting_members	college_a	college_a	consulting_members	college_a	college_a	college_a	college_b	presidential_office	consulting_members	college_b	presidential_office	conseil	other	presidential_office	other	college_biatss	college_b	presidential_office	conseil	consulting_members	college_a	presidential_office	college_a	presidential_office	presidential_office	conseil	presidential_office	conseil	presidential_office	college_b	other	other	presidential_office	unknown																																																																																																			
weban-upn_PV_CA_2009-09-21_TEI	presidential_office	presidential_office	other	presidential_office	conseil	college_b	other	presidential_office	conseil	presidential_office	college_etudiant	college_a	presidential_office	presidential_office	presidential_office	presidential_office	consulting_members	consulting_members	consulting_members	consulting_members	consulting_members	consulting_members	college_b	presidential_office	consulting_members	college_b	presidential_office	college_a	consulting_members	presidential_office	other	presidential_office	college_a	other	other	other	other	college_biatss	presidential_office	other	presidential_office	college_biatss	college_b	other	college_a	presidential_office	other	ext_members	presidential_office	other	other	other	other	presidential_office	conseil	other	college_a	college_a	other	consulting_members	other	presidential_office	conseil	presidential_office	college_a	presidential_office	other	college_a	other	presidential_office	conseil	presidential_office	presidential_office	consulting_members	presidential_office	consulting_members	presidential_office	consulting_members	college_b	other	college_b	presidential_office	college_b	presidential_office	college_a	presidential_office	college_a	other	presidential_office	college_a	college_b	presidential_office	other	presidential_office	presidential_office	consulting_members	college_a	presidential_office	conseil	college_a	presidential_office	presidential_office	conseil	presidential_office	other	college_a	presidential_office	consulting_members	presidential_office	conseil	presidential_office	college_etudiant	presidential_office	other	presidential_office	conseil	college_b	consulting_members	other	consulting_members	presidential_office	conseil	consulting_members	presidential_office	conseil	presidential_office	conseil	presidential_office	college_b	consulting_members	college_etudiant	consulting_members	other	college_etudiant	other	college_etudiant	other	consulting_members	college_etudiant	college_b	college_etudiant	college_b	other	presidential_office	unknown																																																																																																												
weban-upn_PV_CA_2009-10-12_TEI	presidential_office	presidential_office	presidential_office	presidential_office	other	presidential_office	consulting_members	other	presidential_office	college_a	college_a	other	college_a	other	other	other	presidential_office	other	college_a	consulting_members	presidential_office	consulting_members	presidential_office	other	other	consulting_members	other	consulting_members	other	other	other	consulting_members	college_a	presidential_office	college_a	college_a	consulting_members	consulting_members	consulting_members	consulting_members	college_a	consulting_members	presidential_office	college_a	presidential_office	other	other	consulting_members	college_a	presidential_office	consulting_members	presidential_office	conseil	other	college_biatss	presidential_office	conseil	consulting_members	presidential_office	unknown																																																																																																																																																																																																	
weban-upn_PV_CA_2009-10-19_TEI	presidential_office	presidential_office	college_a	presidential_office	presidential_office	college_a	presidential_office	college_a	college_b	consulting_members	college_b	college_a	consulting_members	unknown	presidential_office	conseil	presidential_office	college_b	consulting_members	other	consulting_members	unknown	consulting_members	college_a	consulting_members	consulting_members	consulting_members	college_a	consulting_members	college_a	conseil	other	presidential_office	consulting_members	other	presidential_office	consulting_members	presidential_office	other	presidential_office	other	college_a	other	consulting_members	college_b	unknown	consulting_members	presidential_office	conseil	consulting_members	college_b	unknown	consulting_members	college_b	college_b	consulting_members	unknown	college_b	college_etudiant	presidential_office	conseil	presidential_office	conseil	consulting_members	presidential_office	other	college_a	consulting_members	presidential_office	presidential_office	consulting_members	college_etudiant	consulting_members	other	presidential_office	conseil	conseil	college_a	presidential_office	other	other	presidential_office	college_a	consulting_members	presidential_office	presidential_office	conseil	other	conseil	presidential_office	presidential_office	conseil	consulting_members	unknown	other	consulting_members	presidential_office	presidential_office	other	consulting_members	presidential_office	conseil	other	consulting_members	other	consulting_members	other	consulting_members	presidential_office	conseil	other	presidential_office	conseil	college_a	presidential_office	college_a	unknown																																																																																																																																								
weban-upn_PV_CA_2009-11-23_TEI	presidential_office	presidential_office	college_a	college_b	presidential_office	presidential_office	other	college_b	college_a	other	presidential_office	other	other	college_biatss	consulting_members	other	presidential_office	other	consulting_members	other	presidential_office	college_biatss	college_a	other	consulting_members	other	ext_members	other	presidential_office	consulting_members	other	consulting_members	college_etudiant	other	college_etudiant	other	ext_members	other	other	consulting_members	other	consulting_members	presidential_office	consulting_members	consulting_members	other	presidential_office	other	other	consulting_members	other	consulting_members	consulting_members	presidential_office	other	presidential_office	other	presidential_office	conseil	consulting_members	other	consulting_members	college_a	college_b	consulting_members	other	consulting_members	college_a	consulting_members	other	presidential_office	conseil	consulting_members	presidential_office	other	presidential_office	other	presidential_office	college_etudiant	consulting_members	college_etudiant	college_b	presidential_office	college_etudiant	college_a	consulting_members	other	consulting_members	college_etudiant	college_biatss	presidential_office	presidential_office	college_b	college_biatss	consulting_members	presidential_office	consulting_members	college_a	presidential_office	college_biatss	other	presidential_office	consulting_members	other	consulting_members	presidential_office	conseil	college_b	consulting_members	college_b	college_b	presidential_office	conseil	other	presidential_office	conseil	presidential_office	college_a	presidential_office	consulting_members	college_a	presidential_office	conseil	consulting_members	presidential_office	conseil	unknown	unknown																																																																																																																													
weban-upn_PV_CA_2009-12-14_TEI	presidential_office	presidential_office	presidential_office	consulting_members	presidential_office	college_b	college_a	presidential_office	college_b	college_b	presidential_office	other	presidential_office	other	other	presidential_office	conseil	other	other	other	other	college_b	presidential_office	college_b	college_a	other	college_a	consulting_members	consulting_members	consulting_members	other	consulting_members	other	college_etudiant	presidential_office	college_a	college_b	consulting_members	college_biatss	other	presidential_office	college_a	consulting_members	college_etudiant	college_b	consulting_members	college_b	college_biatss	other	presidential_office	college_b	other	presidential_office	other	presidential_office	other	consulting_members	presidential_office	unknown	college_a	presidential_office	presidential_office	conseil	other	other	other	presidential_office	conseil	consulting_members	presidential_office	conseil	presidential_office	other	presidential_office	college_a	presidential_office	conseil	consulting_members	college_a	consulting_members	other	other	consulting_members	presidential_office	conseil	consulting_members	presidential_office	conseil	presidential_office	conseil	consulting_members	other	college_biatss	other	college_etudiant	presidential_office	other	college_biatss	presidential_office	conseil	presidential_office	conseil	presidential_office	conseil	presidential_office	conseil	presidential_office	conseil	conseil	presidential_office	conseil	conseil	presidential_office	conseil	presidential_office	consulting_members	other	consulting_members	other	consulting_members	college_b	presidential_office	conseil	college_b	presidential_office	conseil	unknown																																																																																																																														
weban-upn_PV_CA_2010-01-25_TEI	presidential_office	presidential_office	presidential_office	presidential_office	college_a	presidential_office	consulting_members	other	presidential_office	other	college_b	college_a	consulting_members	presidential_office	conseil	consulting_members	other	consulting_members	other	consulting_members	college_a	consulting_members	presidential_office	other	presidential_office	conseil	consulting_members	college_a	consulting_members	college_a	other	consulting_members	college_a	consulting_members	consulting_members	college_a	college_b	consulting_members	college_b	consulting_members	college_b	consulting_members	college_a	college_a	presidential_office	consulting_members	college_b	college_a	presidential_office	unknown	consulting_members	consulting_members	college_b	other	college_a	consulting_members	consulting_members	presidential_office	consulting_members	other	consulting_members	other	college_a	consulting_members	college_a	consulting_members	college_biatss	college_a	consulting_members	college_a	college_a	presidential_office	consulting_members	college_a	presidential_office	consulting_members	presidential_office	other	consulting_members	other	college_biatss	consulting_members	presidential_office	conseil	consulting_members	other	other	consulting_members	other	college_biatss	other	consulting_members	presidential_office	consulting_members	college_biatss	consulting_members	consulting_members	college_biatss	other	college_biatss	consulting_members	other	presidential_office	conseil	other	consulting_members	other	presidential_office	conseil	presidential_office	conseil	presidential_office	other	presidential_office	other	college_biatss	consulting_members	presidential_office	other	consulting_members	college_b	presidential_office	conseil	presidential_office																																																																																																																																	
weban-upn_PV_CA_2010-02-15_TEI	presidential_office	presidential_office	presidential_office	college_b	presidential_office	other	college_b	presidential_office	other	ext_members	presidential_office	ext_members	presidential_office	college_b	college_a	college_a	college_a	consulting_members	other	consulting_members	other	presidential_office	other	presidential_office	consulting_members	presidential_office	other	presidential_office	other	college_biatss	presidential_office	presidential_office	conseil	presidential_office	consulting_members	presidential_office	conseil	consulting_members	presidential_office	conseil	other	conseil	presidential_office	conseil	presidential_office	conseil	presidential_office	conseil	presidential_office	consulting_members	college_biatss	other	college_biatss	presidential_office	other	consulting_members	college_b	college_a	consulting_members	college_a	college_b	presidential_office	conseil	consulting_members	presidential_office	consulting_members	college_b	consulting_members	college_a	college_b	presidential_office	consulting_members	presidential_office	consulting_members	ext_members	college_b	college_a	presidential_office	college_b	college_b	college_a	presidential_office	conseil	presidential_office																																																																																																																																																																									
weban-upn_PV_CA_2010-03-15_TEI	presidential_office	presidential_office	presidential_office	other	presidential_office	consulting_members	presidential_office	consulting_members	presidential_office	college_a	other	presidential_office	college_b	college_a	college_b	college_a	ext_members	other	college_b	college_etudiant	college_b	college_a	other	college_a	other	college_biatss	college_a	college_biatss	college_a	college_a	college_a	consulting_members	presidential_office	other	college_b	other	other	college_b	other	other	presidential_office	conseil	other	presidential_office	other	college_b	presidential_office	conseil	consulting_members	presidential_office	consulting_members	presidential_office	consulting_members	college_a	college_b	other	presidential_office	conseil	consulting_members	college_b	consulting_members	college_a	consulting_members	consulting_members	college_etudiant	consulting_members	other	college_b	consulting_members	presidential_office	conseil	consulting_members	presidential_office	conseil	consulting_members	college_etudiant	consulting_members	ext_members	consulting_members	college_a	presidential_office	college_a	presidential_office	conseil	consulting_members	college_b	consulting_members	college_a	other	consulting_members	other	consulting_members	other	presidential_office	consulting_members	presidential_office	presidential_office	conseil	consulting_members	other	consulting_members	other	consulting_members	other	consulting_members	presidential_office	conseil	consulting_members	other	college_b	other	other	other	other	consulting_members	conseil	consulting_members	conseil	consulting_members	conseil	consulting_members	consulting_members	consulting_members	conseil	conseil	college_a	conseil	consulting_members																																																																																																																													
weban-upn_PV_CA_2010-03-25_TEI	presidential_office	presidential_office	presidential_office	college_b	presidential_office	college_b	presidential_office	college_a	consulting_members	college_b	college_a	presidential_office	college_biatss	presidential_office	college_b	consulting_members	other	presidential_office	consulting_members	college_b	presidential_office	college_biatss	presidential_office	conseil	presidential_office																																																																																																																																																																																																																																				
weban-upn_PV_CA_2010-04-12_TEI	presidential_office	presidential_office	presidential_office	presidential_office	presidential_office	college_b	other	college_a	college_a	college_b	presidential_office	other	consulting_members	other	presidential_office	other	presidential_office	other	college_biatss	presidential_office	college_biatss	other	other	other	consulting_members	college_a	other	college_a	college_b	other	college_a	other	presidential_office	conseil	presidential_office	conseil	presidential_office	conseil	presidential_office	conseil	presidential_office	consulting_members	college_b	consulting_members	other	consulting_members	college_b	consulting_members	college_a	college_b	college_a	consulting_members	college_etudiant	other	other	consulting_members	college_b	college_a	college_a	college_b	consulting_members	presidential_office	other	college_b	presidential_office	college_b	consulting_members	college_b	college_biatss	presidential_office	conseil	consulting_members	other	consulting_members	college_a	consulting_members	other	presidential_office	conseil	consulting_members	college_a	college_a	college_a	presidential_office	consulting_members	college_a	presidential_office	college_a	consulting_members	consulting_members	consulting_members	presidential_office	conseil	consulting_members	college_etudiant	consulting_members	college_etudiant	consulting_members	college_etudiant	consulting_members	college_etudiant	consulting_members	college_a	college_etudiant	presidential_office	college_etudiant	consulting_members	other	consulting_members	presidential_office	conseil	presidential_office	conseil	college_b	presidential_office	conseil	unknown	presidential_office																																																																																																																																							
weban-upn_PV_CA_2010-06-21_TEI	presidential_office	presidential_office	other	consulting_members	other	consulting_members	presidential_office	other	presidential_office	conseil	consulting_members	college_b	consulting_members	consulting_members	college_a	presidential_office	conseil	other	other	other	other	other	consulting_members	other	presidential_office	other	presidential_office	conseil	other	other	presidential_office	college_etudiant	presidential_office	college_b	other	presidential_office	conseil	presidential_office	conseil	college_b	presidential_office	other	college_a	college_etudiant	other	college_a	college_etudiant	other	other	presidential_office	college_b	college_etudiant	college_a	presidential_office	conseil	presidential_office	college_b	college_a	other	consulting_members	other	presidential_office	other	college_a	other	other	college_biatss	other	presidential_office	unknown	presidential_office	conseil	presidential_office	other	other	other	consulting_members	other	other	other	other	other	presidential_office	other	other	other	presidential_office	other	conseil	consulting_members	other	consulting_members	presidential_office	college_b	other	consulting_members	consulting_members	other	consulting_members	consulting_members	college_a	consulting_members	college_biatss	consulting_members	presidential_office	conseil	consulting_members	consulting_members	other	college_a	consulting_members	college_a	college_a	presidential_office	consulting_members	other	presidential_office	conseil	consulting_members	other	other	consulting_members	other	consulting_members	consulting_members	consulting_members	presidential_office	conseil	consulting_members	other	consulting_members	presidential_office	conseil	consulting_members	college_etudiant	consulting_members	presidential_office	presidential_office	college_a	other	presidential_office	other	other	consulting_members	consulting_members	other	other	presidential_office	college_etudiant	presidential_office	college_etudiant	consulting_members	other	college_b	presidential_office	college_biatss	presidential_office	other	consulting_members	college_biatss	presidential_office	conseil	presidential_office	conseil	presidential_office	college_etudiant	other	other	presidential_office	college_a	presidential_office																																																																																		
weban-upn_PV_CA_2010-07-05_TEI	presidential_office	presidential_office	other	college_b	presidential_office	presidential_office	conseil	consulting_members	college_etudiant	consulting_members	college_etudiant	consulting_members	other	consulting_members	college_b	presidential_office	consulting_members	college_a	consulting_members	college_a	consulting_members	other	consulting_members	other	presidential_office	college_biatss	presidential_office	consulting_members	other	consulting_members	presidential_office	conseil	unknown	other	other	presidential_office	other	other	other	college_a	other	college_a	other	college_biatss	other	college_a	other	consulting_members	presidential_office	consulting_members	other	presidential_office	presidential_office	college_biatss	unknown	presidential_office	consulting_members	presidential_office	other	presidential_office	consulting_members	other	other	other	other	college_biatss	consulting_members	college_b	presidential_office	college_b	presidential_office	consulting_members	other	college_biatss	presidential_office	college_b	other	presidential_office	other	presidential_office	college_b	other	presidential_office	consulting_members	other	other	presidential_office	other	other	presidential_office	conseil	presidential_office	consulting_members	college_b	consulting_members	college_b	consulting_members	college_b	consulting_members	college_etudiant	presidential_office	consulting_members	college_a	consulting_members	college_a	consulting_members	other	presidential_office	college_a	consulting_members	college_a	consulting_members	college_a	college_b	college_a	college_a	other	college_a	college_b	college_etudiant	college_a	college_etudiant	other	other	college_etudiant	college_a	college_etudiant	college_b	conseil	presidential_office	other	college_b	presidential_office	conseil	college_b	other	consulting_members	presidential_office	college_etudiant	presidential_office	conseil	college_b	presidential_office	college_etudiant	presidential_office	presidential_office	conseil	consulting_members	presidential_office	consulting_members	presidential_office	conseil	consulting_members	college_etudiant	consulting_members	college_etudiant	other	consulting_members	college_etudiant	consulting_members	other	presidential_office	college_a	other	consulting_members	presidential_office	conseil	consulting_members	college_b	college_a	other	presidential_office	college_a	presidential_office	consulting_members	college_a	college_a	college_a	presidential_office	conseil	consulting_members	college_b	presidential_office	presidential_office	college_etudiant	presidential_office	conseil	presidential_office	presidential_office	conseil	presidential_office	presidential_office																																																													
weban-upn_PV_CA_2010-10-18_TEI	presidential_office	college_biatss	presidential_office	college_b	presidential_office	other	presidential_office	college_etudiant	presidential_office	consulting_members	college_a	college_b	college_b	college_b	consulting_members	college_b	college_b	college_biatss	other	presidential_office	college_biatss	presidential_office	college_biatss	presidential_office	college_a	presidential_office	conseil	consulting_members	college_a	college_b	presidential_office	college_a	presidential_office	consulting_members	presidential_office	college_b	other	college_biatss	college_biatss	consulting_members	college_biatss	presidential_office	college_a	college_a	presidential_office	other	presidential_office	conseil	consulting_members	college_b	ext_members	consulting_members	college_a	consulting_members	other	consulting_members	consulting_members	other	college_a	consulting_members	college_b	other	consulting_members	presidential_office	conseil	unknown	college_a	presidential_office	other	presidential_office	college_a	presidential_office	college_biatss	college_b	presidential_office	presidential_office	consulting_members	other	college_biatss	presidential_office	college_b	consulting_members	college_b	college_a	other	college_biatss	presidential_office	presidential_office	conseil	presidential_office	consulting_members	presidential_office	presidential_office	presidential_office	conseil	presidential_office	conseil	other	college_b	other	college_biatss	presidential_office	conseil	presidential_office	college_a	consulting_members	conseil	college_a	presidential_office	presidential_office	other	other	presidential_office	consulting_members	other	college_a	presidential_office	college_a	consulting_members	presidential_office	college_a	consulting_members	college_a	college_b	presidential_office	college_biatss	college_a	presidential_office	conseil	presidential_office	presidential_office	conseil	consulting_members	college_a	consulting_members	college_a	consulting_members	presidential_office	conseil	consulting_members	college_a	consulting_members	college_a	consulting_members	college_a	college_biatss	other	consulting_members	presidential_office	college_a	consulting_members	other	college_biatss	presidential_office	conseil	presidential_office	conseil	presidential_office	presidential_office	presidential_office	presidential_office	other	presidential_office	other	college_biatss	presidential_office	conseil	presidential_office	presidential_office	conseil	presidential_office																																																																																		
weban-upn_PV_CA_2010-11-22_TEI	presidential_office	presidential_office	presidential_office	presidential_office	college_b	presidential_office	consulting_members	presidential_office	consulting_members	college_biatss	presidential_office	conseil	consulting_members	college_b	college_b	consulting_members	other	consulting_members	consulting_members	consulting_members	college_a	consulting_members	college_a	consulting_members	college_b	consulting_members	college_a	presidential_office	college_a	consulting_members	other	other	consulting_members	other	consulting_members	college_biatss	college_a	consulting_members	presidential_office	consulting_members	college_b	college_etudiant	consulting_members	presidential_office	conseil	consulting_members	other	consulting_members	college_b	presidential_office	other	college_a	other	college_b	presidential_office	conseil	other	other	presidential_office	conseil	consulting_members	college_a	consulting_members	college_a	presidential_office	consulting_members	college_a	college_a	presidential_office	college_a	college_a	presidential_office	presidential_office	conseil	consulting_members	presidential_office	conseil	consulting_members	presidential_office	conseil	consulting_members	other	consulting_members	other	college_b	other	consulting_members	college_b	college_a	college_a	other	college_etudiant	other	other	consulting_members	presidential_office	conseil	consulting_members	college_etudiant	presidential_office	presidential_office	college_etudiant	presidential_office	other	college_b	presidential_office	consulting_members	presidential_office	conseil	college_etudiant	other	college_b	presidential_office	unknown	conseil	college_etudiant	presidential_office	unknown	conseil	college_biatss	presidential_office	unknown	conseil	presidential_office	unknown	conseil	presidential_office	unknown	conseil	presidential_office																																																																																																																											
weban-upn_PV_CA_2010-12-13_TEI	presidential_office	presidential_office	presidential_office	presidential_office	consulting_members	college_a	consulting_members	other	consulting_members	presidential_office	consulting_members	consulting_members	presidential_office	consulting_members	other	consulting_members	other	consulting_members	college_a	other	presidential_office	college_b	consulting_members	consulting_members	college_biatss	consulting_members	other	consulting_members	presidential_office	conseil	consulting_members	college_b	other	consulting_members	college_a	presidential_office	consulting_members	consulting_members	college_a	consulting_members	consulting_members	college_etudiant	college_a	consulting_members	consulting_members	college_a	consulting_members	consulting_members	college_a	college_b	consulting_members	college_a	consulting_members	other	presidential_office	college_biatss	unknown	college_b	presidential_office	conseil	consulting_members	presidential_office	other	presidential_office	consulting_members	other	presidential_office	other	college_biatss	presidential_office	college_biatss	presidential_office	other	presidential_office	ext_members	other	presidential_office	other	consulting_members	consulting_members	other	college_a	presidential_office	other	presidential_office	conseil	presidential_office	presidential_office	conseil	other	consulting_members	college_biatss	consulting_members	college_a	consulting_members	presidential_office	consulting_members	consulting_members	other	consulting_members	consulting_members	presidential_office	conseil	presidential_office	college_b	other	presidential_office	consulting_members	other	presidential_office	other	consulting_members	college_biatss	other	college_biatss	other	college_b	other	college_biatss	presidential_office	conseil	other	college_biatss	other	college_biatss	other	other	college_biatss	other	consulting_members	other	other	consulting_members	college_biatss	presidential_office	conseil	other	presidential_office	conseil	consulting_members	presidential_office	conseil	other	presidential_office	conseil	presidential_office	conseil	presidential_office	conseil	presidential_office	conseil	presidential_office																																																																																																					
weban-upn_PV_CA_2011-01-24_TEI	presidential_office	college_a	college_b	presidential_office	college_etudiant	college_a	college_a	presidential_office	conseil	consulting_members	college_b	presidential_office	college_b	presidential_office	consulting_members	presidential_office	college_a	consulting_members	presidential_office	conseil	consulting_members	college_a	presidential_office	conseil	consulting_members	college_etudiant	consulting_members	consulting_members	presidential_office	conseil	presidential_office	consulting_members	other	college_etudiant	other	college_a	consulting_members	presidential_office	conseil	consulting_members	other	college_etudiant	other	presidential_office	conseil	other	college_biatss	other	presidential_office	other	consulting_members	consulting_members	presidential_office	consulting_members	other	consulting_members	other	college_a	other	college_a	other	college_etudiant	other	presidential_office	conseil	consulting_members	ext_members	consulting_members	presidential_office	conseil	consulting_members	consulting_members	college_etudiant	consulting_members	presidential_office	consulting_members	college_biatss	college_a	college_etudiant	consulting_members	ext_members	consulting_members	college_etudiant	consulting_members	college_etudiant	consulting_members	college_etudiant	consulting_members	college_etudiant	presidential_office	conseil	college_a	presidential_office	other	consulting_members	college_a	presidential_office	college_a	college_a	college_a	consulting_members	college_a	presidential_office																																																																																																																																																						
weban-upn_PV_CA_2011-02-28_TEI	presidential_office	presidential_office	other	other	other	other	consulting_members	other	consulting_members	other	college_a	consulting_members	presidential_office	presidential_office	presidential_office	college_a	presidential_office	ext_members	presidential_office	consulting_members	presidential_office	conseil	consulting_members	college_b	college_a	presidential_office	college_a	consulting_members	presidential_office	college_a	college_a	college_etudiant	consulting_members	college_etudiant	college_biatss	college_etudiant	college_biatss	consulting_members	college_b	college_a	consulting_members	college_etudiant	consulting_members	college_etudiant	consulting_members	college_etudiant	other	ext_members	consulting_members	college_b	consulting_members	presidential_office	conseil	consulting_members	college_a	college_etudiant	consulting_members	presidential_office	conseil	consulting_members	consulting_members	college_b	consulting_members	conseil	other	consulting_members	presidential_office	consulting_members	college_a	college_b	consulting_members	college_a	college_biatss	college_b	college_b	presidential_office	consulting_members	presidential_office	conseil	consulting_members	college_b	consulting_members	consulting_members	college_a	college_a	consulting_members	college_a	consulting_members	other	consulting_members	college_a	college_a	other	consulting_members	college_a	presidential_office	other	college_b	other	consulting_members	consulting_members	college_a	college_a	college_a	consulting_members	college_b	ext_members	college_a	college_b	other	consulting_members	college_b	consulting_members	college_a	college_biatss	presidential_office	conseil	consulting_members	consulting_members	consulting_members	consulting_members	presidential_office	conseil	consulting_members	consulting_members	presidential_office	conseil	consulting_members	consulting_members	consulting_members	consulting_members	consulting_members	college_biatss	other	consulting_members	other	college_etudiant	other	college_biatss	consulting_members	presidential_office																																																																																																																
weban-upn_PV_CA_2011-04-04_TEI	presidential_office	presidential_office	college_b	college_biatss	presidential_office	college_a	college_a	presidential_office	consulting_members	college_biatss	presidential_office	other	consulting_members	college_biatss	college_etudiant	presidential_office	college_etudiant	presidential_office	college_etudiant	presidential_office	other	college_biatss	college_a	presidential_office	other	consulting_members	college_biatss	presidential_office	consulting_members	college_biatss	college_etudiant	college_etudiant	presidential_office	conseil	consulting_members	college_b	college_b	college_a	consulting_members	consulting_members	presidential_office	conseil	consulting_members	college_etudiant	consulting_members	college_etudiant	consulting_members	consulting_members	college_b	college_a	consulting_members	consulting_members	college_a	consulting_members	college_a	other	consulting_members	college_b	college_a	consulting_members	college_a	consulting_members	presidential_office	conseil	consulting_members	college_etudiant	consulting_members	college_etudiant	consulting_members	college_etudiant	consulting_members	college_biatss	consulting_members	college_biatss	college_a	consulting_members	consulting_members	presidential_office	consulting_members	consulting_members	college_etudiant	college_biatss	consulting_members	college_b	consulting_members	consulting_members	college_etudiant	college_biatss	presidential_office	college_a	college_etudiant	consulting_members	college_etudiant	college_a	presidential_office	conseil	presidential_office	conseil	presidential_office	consulting_members	conseil	college_etudiant	consulting_members	college_etudiant	college_a	consulting_members	college_a	presidential_office	college_a	consulting_members	college_b	conseil	presidential_office	college_a	consulting_members	college_a	college_a	college_biatss	college_a	college_a	consulting_members	consulting_members	college_etudiant	college_a	college_a	presidential_office	consulting_members	presidential_office	consulting_members	consulting_members	college_a	college_etudiant	college_a	presidential_office	college_etudiant	college_etudiant	presidential_office	college_etudiant	consulting_members	presidential_office	college_etudiant	presidential_office	college_etudiant	presidential_office	college_a	college_biatss	college_biatss	presidential_office	unknown	presidential_office	conseil	presidential_office	consulting_members	consulting_members	consulting_members	conseil	consulting_members	college_a	consulting_members	consulting_members	conseil	consulting_members	college_a	consulting_members	college_a	consulting_members	consulting_members	conseil	consulting_members	conseil	consulting_members	conseil	consulting_members	conseil	consulting_members	conseil	consulting_members	college_biatss	college_biatss	consulting_members	college_biatss	consulting_members	conseil	consulting_members																																																																					
weban-upn_PV_CA_2011-05-02_TEI	presidential_office	presidential_office	consulting_members	college_etudiant	consulting_members	other	college_etudiant	college_a	consulting_members	college_a	consulting_members	consulting_members	college_a	college_biatss	college_etudiant	college_a	college_etudiant	college_b	presidential_office	college_a	consulting_members	other	consulting_members	consulting_members	consulting_members	consulting_members	consulting_members	consulting_members	consulting_members	college_a	consulting_members	college_etudiant	college_etudiant	consulting_members	consulting_members	college_biatss	consulting_members	consulting_members	college_b	consulting_members	consulting_members	college_biatss	consulting_members	consulting_members	consulting_members	consulting_members	consulting_members	presidential_office	conseil	presidential_office																																																																																																																																																																																																											
weban-upn_PV_CA_2011-05-09_TEI	presidential_office	college_b	college_a	college_etudiant	presidential_office	conseil	presidential_office	consulting_members	college_etudiant	consulting_members	college_a	consulting_members	college_b	presidential_office	college_b	consulting_members	presidential_office	college_biatss	presidential_office	consulting_members	consulting_members	presidential_office	college_a	presidential_office	consulting_members	presidential_office	consulting_members	college_biatss	college_etudiant	presidential_office	consulting_members	presidential_office	college_a	presidential_office	consulting_members	consulting_members	consulting_members	college_a	presidential_office	consulting_members	college_etudiant	presidential_office	college_biatss	presidential_office	consulting_members	college_b	consulting_members	college_biatss	consulting_members	college_etudiant	college_biatss	college_b	college_biatss	presidential_office	consulting_members	ext_members	presidential_office	consulting_members	presidential_office	college_etudiant	presidential_office	college_biatss	consulting_members	presidential_office	college_a	consulting_members	consulting_members	college_a	consulting_members	presidential_office	conseil	consulting_members	unknown	college_biatss	college_etudiant	presidential_office	ext_members	college_biatss	college_etudiant	college_etudiant	presidential_office	conseil	consulting_members	presidential_office	conseil	consulting_members	presidential_office	conseil	consulting_members	college_biatss	consulting_members	college_a	consulting_members	college_a	consulting_members	presidential_office	college_etudiant	consulting_members	college_biatss	consulting_members	presidential_office	conseil	presidential_office																																																																																																																																																						
weban-upn_PV_CA_2011-06-06_TEI	presidential_office	college_b	presidential_office	college_etudiant	presidential_office	conseil	presidential_office	presidential_office	consulting_members	presidential_office	ext_members	presidential_office	consulting_members	presidential_office	other	presidential_office	college_a	consulting_members	college_a	consulting_members	consulting_members	college_b	presidential_office	conseil	consulting_members	college_etudiant	consulting_members	college_b	presidential_office	college_etudiant	consulting_members	consulting_members	consulting_members	college_b	consulting_members	presidential_office	conseil	consulting_members	other	presidential_office	conseil	consulting_members	consulting_members	college_a	presidential_office	conseil	consulting_members	college_a	consulting_members	college_a	consulting_members	college_a	consulting_members	presidential_office	conseil	consulting_members	college_etudiant	consulting_members	college_etudiant	college_b	college_a	consulting_members	college_a	consulting_members	consulting_members	college_biatss	presidential_office	conseil	consulting_members	college_a	consulting_members	presidential_office	conseil	consulting_members	college_a	consulting_members	college_etudiant	consulting_members	college_a	presidential_office	college_a	presidential_office	consulting_members	presidential_office	consulting_members	college_a	consulting_members	college_a	college_b	presidential_office	consulting_members	presidential_office	conseil	consulting_members	consulting_members	college_a	consulting_members	consulting_members	consulting_members	college_etudiant	consulting_members	college_etudiant	consulting_members	consulting_members	presidential_office	college_a	presidential_office	consulting_members	college_a	consulting_members	college_a	presidential_office	consulting_members	college_a	presidential_office	conseil	presidential_office	conseil	unknown	presidential_office																																																																																																																																					
weban-upn_PV_CA_2011-07-04_TEI	presidential_office	presidential_office	college_b	college_a	presidential_office	conseil	consulting_members	college_b	college_a	consulting_members	presidential_office	consulting_members	presidential_office	consulting_members	college_a	consulting_members	consulting_members	college_b	consulting_members	presidential_office	college_b	consulting_members	college_b	consulting_members	college_b	presidential_office	consulting_members	college_a	consulting_members	college_etudiant	ext_members	consulting_members	consulting_members	consulting_members	college_a	consulting_members	college_a	presidential_office	conseil	consulting_members	college_biatss	consulting_members	consulting_members	college_b	college_etudiant	consulting_members	presidential_office	college_b	consulting_members	college_b	consulting_members	consulting_members	presidential_office	college_biatss	consulting_members	college_b	consulting_members	consulting_members	consulting_members	presidential_office	conseil	consulting_members	presidential_office	conseil	consulting_members	presidential_office	conseil	consulting_members	presidential_office	conseil	college_b	presidential_office	college_b	presidential_office	college_b	consulting_members	college_biatss	presidential_office	college_a	presidential_office	conseil	consulting_members	presidential_office	consulting_members	college_etudiant	consulting_members	ext_members	college_biatss	consulting_members	consulting_members	college_a	consulting_members	consulting_members	consulting_members	consulting_members	consulting_members	college_a	consulting_members	consulting_members	college_a	consulting_members	college_a	consulting_members	college_a	consulting_members	college_a	consulting_members	college_a	consulting_members	college_a	college_a	college_a	presidential_office	conseil	consulting_members	presidential_office	conseil	consulting_members	presidential_office	conseil	consulting_members	presidential_office	conseil	consulting_members	presidential_office	conseil	consulting_members	consulting_members	consulting_members	consulting_members	presidential_office	conseil	consulting_members	college_biatss	college_b	presidential_office	conseil	consulting_members	presidential_office	conseil	consulting_members	college_etudiant	consulting_members	consulting_members	college_etudiant	college_b	college_a	consulting_members	consulting_members	college_biatss	presidential_office	consulting_members	consulting_members	college_a	college_biatss	consulting_members	college_a	presidential_office	conseil	consulting_members	college_a	consulting_members	college_a	consulting_members	presidential_office	consulting_members	college_a	consulting_members	presidential_office	college_biatss	consulting_members	college_biatss	presidential_office	consulting_members	presidential_office	consulting_members	presidential_office	conseil	consulting_members	college_biatss	consulting_members	college_biatss	consulting_members	presidential_office	conseil	college_a	presidential_office	conseil	consulting_members	college_biatss	consulting_members	college_biatss	presidential_office	college_a	consulting_members	college_a	consulting_members	presidential_office	conseil	other	college_a	presidential_office																																																			
weban-upn_PV_CA_2011-09-19_TEI	presidential_office	presidential_office	presidential_office	conseil	college_b	college_b	consulting_members	consulting_members	college_a	consulting_members	consulting_members	college_etudiant	college_b	consulting_members	college_etudiant	consulting_members	ext_members	consulting_members	presidential_office	conseil	presidential_office	conseil	other	college_etudiant	other	college_etudiant	other	college_a	consulting_members	consulting_members	other	consulting_members	college_etudiant	presidential_office	conseil	presidential_office	conseil	consulting_members	conseil	conseil	conseil	conseil	conseil	consulting_members	college_a	consulting_members	college_b	consulting_members	conseil	college_etudiant	consulting_members	other	college_etudiant	other	college_etudiant	college_b	college_etudiant	consulting_members	college_a	college_biatss	consulting_members	consulting_members	college_a	college_etudiant	college_a	consulting_members	college_etudiant	consulting_members	college_etudiant	consulting_members	consulting_members	college_biatss	presidential_office	conseil	consulting_members	conseil	consulting_members	conseil	consulting_members	conseil	consulting_members	conseil	consulting_members	conseil	consulting_members	conseil	presidential_office																																																																																																																																																																						
weban-upn_PV_CA_2011-10-17_TEI	presidential_office	presidential_office	college_biatss	presidential_office	other	other	other	other	presidential_office	consulting_members	presidential_office	consulting_members	consulting_members	college_a	presidential_office	consulting_members	consulting_members	presidential_office	college_a	college_a	college_a	presidential_office	college_biatss	presidential_office	consulting_members	presidential_office	college_b	consulting_members	college_etudiant	presidential_office	conseil	ext_members	consulting_members	college_b	consulting_members	college_a	consulting_members	college_etudiant	consulting_members	college_etudiant	consulting_members	consulting_members	consulting_members	college_a	consulting_members	college_a	consulting_members	consulting_members	college_b	consulting_members	presidential_office	conseil	consulting_members	college_a	consulting_members	presidential_office	college_biatss	consulting_members	college_biatss	college_b	presidential_office	conseil	consulting_members	presidential_office	conseil	unknown	presidential_office	conseil	unknown	presidential_office	conseil	unknown	presidential_office	conseil	unknown	presidential_office	conseil	consulting_members	presidential_office	conseil	consulting_members	college_etudiant	consulting_members	college_b	consulting_members	college_biatss	consulting_members	college_biatss	consulting_members	consulting_members	consulting_members	college_a	consulting_members	college_a	consulting_members	college_etudiant	consulting_members	presidential_office	presidential_office																																																																																																																																																										
weban-upn_PV_CA_2011-11-14_TEI	college_etudiant	presidential_office	college_etudiant	presidential_office	college_a	presidential_office	consulting_members	college_biatss	presidential_office	consulting_members	college_a	presidential_office	conseil	consulting_members	consulting_members	consulting_members	presidential_office	conseil	consulting_members	college_b	consulting_members	consulting_members	presidential_office	ext_members	presidential_office	consulting_members	college_a	consulting_members	consulting_members	consulting_members	consulting_members	consulting_members	ext_members	consulting_members	consulting_members	consulting_members	consulting_members	college_etudiant	consulting_members	consulting_members	ext_members	consulting_members	presidential_office	conseil	consulting_members	other	consulting_members	presidential_office	conseil	other	presidential_office	conseil	consulting_members	presidential_office	college_b	college_a	consulting_members	consulting_members	presidential_office	conseil	consulting_members	consulting_members	ext_members	presidential_office	conseil	consulting_members	presidential_office	conseil	consulting_members	presidential_office	conseil	consulting_members	consulting_members	presidential_office	conseil	consulting_members	ext_members	consulting_members	ext_members	presidential_office	conseil	consulting_members	college_a	presidential_office	college_a	consulting_members	consulting_members	college_biatss	consulting_members	ext_members	ext_members	consulting_members	consulting_members	consulting_members	college_etudiant	consulting_members	college_etudiant	consulting_members	college_a	college_etudiant	consulting_members	college_biatss	consulting_members	presidential_office	conseil	presidential_office	conseil	presidential_office	conseil	college_b	consulting_members	presidential_office																																																																																																																																													
weban-upn_PV_CA_2011-12-12_TEI	presidential_office	presidential_office	college_biatss	presidential_office	college_b	presidential_office	college_b	college_b	presidential_office	conseil	presidential_office	conseil	presidential_office	consulting_members	presidential_office	conseil	consulting_members	other	consulting_members	other	consulting_members	consulting_members	other	college_etudiant	other	consulting_members	college_biatss	other	consulting_members	college_etudiant	other	presidential_office	college_etudiant	other	college_b	presidential_office	consulting_members	college_a	presidential_office	consulting_members	ext_members	other	consulting_members	college_a	college_b	presidential_office	consulting_members	consulting_members	consulting_members	college_biatss	consulting_members	consulting_members	college_biatss	other	college_biatss	presidential_office	conseil	consulting_members	consulting_members	presidential_office	conseil	consulting_members	presidential_office	ext_members	presidential_office	consulting_members	college_b	college_b	college_etudiant	consulting_members	consulting_members	college_etudiant	consulting_members	consulting_members	college_a	ext_members	presidential_office	consulting_members	college_biatss	college_etudiant	college_etudiant	consulting_members	college_etudiant	presidential_office	conseil	consulting_members	consulting_members	college_b	college_etudiant	consulting_members	college_biatss	consulting_members	college_biatss	presidential_office	conseil	college_b	presidential_office	conseil	consulting_members	college_b	consulting_members	consulting_members	college_biatss	consulting_members	college_biatss	presidential_office	conseil	consulting_members	consulting_members	presidential_office	conseil	college_b	consulting_members	college_b	consulting_members	college_b	consulting_members	college_etudiant	college_a	consulting_members	ext_members	presidential_office	consulting_members	college_b	consulting_members	ext_members	college_biatss	consulting_members	consulting_members	consulting_members	consulting_members	consulting_members	presidential_office	conseil	consulting_members	consulting_members	consulting_members	consulting_members	consulting_members	presidential_office	conseil	consulting_members	college_biatss	consulting_members	consulting_members	consulting_members	college_biatss	consulting_members	presidential_office	conseil	consulting_members	presidential_office	consulting_members	college_b	college_etudiant	presidential_office	conseil	consulting_members	presidential_office	conseil	consulting_members	college_biatss	presidential_office	conseil	consulting_members	unknown																																																																																							
weban-upn_PV_CA_2012-01-23_TEI	presidential_office	presidential_office	presidential_office	presidential_office	conseil	consulting_members	ext_members	consulting_members	college_a	other	college_b	other	ext_members	other	college_a	other	college_b	other	other	other	other	college_a	other	college_a	other	college_b	other	consulting_members	presidential_office	college_biatss	other	consulting_members	ext_members	college_b	college_biatss	consulting_members	other	presidential_office	conseil	consulting_members	presidential_office	conseil	consulting_members	other	presidential_office	conseil	consulting_members	presidential_office	conseil	presidential_office	conseil	presidential_office	conseil	presidential_office	conseil	presidential_office	conseil	presidential_office	conseil	presidential_office	conseil	presidential_office																																																																																																																																																																																															
weban-upn_PV_CA_2012-02-20_TEI	presidential_office	presidential_office	college_a	unknown	other	ext_members	other	ext_members	college_a	other	consulting_members	consulting_members	ext_members	consulting_members	consulting_members	college_b	college_b	consulting_members	presidential_office	college_biatss	presidential_office	conseil	consulting_members	consulting_members	presidential_office	conseil	consulting_members	presidential_office	conseil	consulting_members	presidential_office	conseil	consulting_members	presidential_office	conseil	consulting_members	presidential_office	conseil	presidential_office	conseil	consulting_members	presidential_office	conseil	presidential_office	conseil	presidential_office	conseil	presidential_office	conseil	presidential_office	conseil	presidential_office	conseil	presidential_office	conseil	presidential_office	conseil	presidential_office	conseil	presidential_office	conseil	presidential_office	conseil	presidential_office	conseil	presidential_office	conseil	presidential_office	conseil	presidential_office	conseil	presidential_office	conseil	presidential_office																																																																																																																																																																																			
weban-upn_PV_CA_2012-04-02_1_TEI	unknown	college_a	college_a	college_b	college_etudiant	college_a	college_a	college_a	college_b	college_a	college_biatss	college_a	college_etudiant	college_a	college_b	college_a	college_etudiant	college_biatss	college_a	college_biatss	college_a	presidential_office	presidential_office																																																																																																																																																																																																																																						
weban-upn_PV_CA_2012-04-02_2_TEI	presidential_office	presidential_office	college_etudiant	presidential_office	college_biatss	presidential_office	unknown	presidential_office	college_biatss	college_b	college_biatss	presidential_office	college_biatss	presidential_office	unknown	presidential_office	college_b	presidential_office	college_biatss	presidential_office	presidential_office																																																																																																																																																																																																																																								
weban-upn_PV_CA_2012-04-10_TEI	presidential_office	presidential_office	presidential_office	unknown	college_a	presidential_office	unknown	presidential_office	college_a	consulting_members	consulting_members	presidential_office	college_biatss	college_b	ext_members	college_b	presidential_office	college_etudiant	presidential_office	college_a	college_biatss	college_b	college_a	unknown	college_a	unknown	college_a	unknown	college_a	unknown	college_a	unknown	college_a	unknown	college_a	unknown	college_a	unknown	college_a	unknown	college_a																																																																																																																																																																																																																				
weban-upn_PV_CA_2012-05-03_TEI	presidential_office	ext_members	college_biatss	presidential_office	unknown	unknown	presidential_office	college_b	presidential_office	consulting_members	college_etudiant	presidential_office	college_etudiant	presidential_office	college_etudiant	presidential_office	ext_members	presidential_office	college_biatss	college_b	presidential_office	college_biatss	college_a	presidential_office	college_b	ext_members	presidential_office	college_a	presidential_office	college_a	college_a	presidential_office	consulting_members	college_a	college_a	ext_members	college_a	college_a	college_biatss	consulting_members	consulting_members	presidential_office	unknown	college_b	college_a	college_a	presidential_office																																																																																																																																																																																																														
weban-upn_PV_CA_2012-05-14_TEI	presidential_office	presidential_office	college_b	college_a	college_a	college_b	consulting_members	presidential_office	college_biatss	unknown	unknown	unknown	unknown	unknown	presidential_office	college_b	presidential_office	college_biatss	college_b	presidential_office	college_b	presidential_office	college_b	presidential_office	college_etudiant	presidential_office	college_etudiant	presidential_office	college_a	presidential_office	college_etudiant	presidential_office	college_a	presidential_office	college_b	ext_members	consulting_members	presidential_office	college_b	college_a	college_biatss	presidential_office	college_etudiant	presidential_office	unknown	college_etudiant	presidential_office	unknown	college_a	consulting_members	ext_members	consulting_members	consulting_members	consulting_members	consulting_members	presidential_office	unknown	consulting_members	college_b	consulting_members	college_b	consulting_members	college_a	consulting_members	college_etudiant	consulting_members	consulting_members	college_biatss	consulting_members	college_etudiant	college_biatss	consulting_members	college_b	consulting_members	presidential_office	unknown	presidential_office	unknown	unknown	college_biatss	presidential_office	ext_members	presidential_office	consulting_members	college_a	unknown	presidential_office	unknown	presidential_office	unknown	ext_members	presidential_office	unknown	presidential_office	unknown	unknown	presidential_office	unknown	college_b	college_a	unknown	presidential_office																																																																																																																																																							
weban-upn_PV_CA_2012-05-31_TEI	presidential_office	presidential_office	unknown	consulting_members	presidential_office	college_etudiant	consulting_members	presidential_office	college_biatss	consulting_members	presidential_office	ext_members	presidential_office	presidential_office	unknown	consulting_members	college_a	college_b	presidential_office	college_a	presidential_office	college_b	college_biatss	presidential_office	unknown	consulting_members	ext_members	consulting_members	college_biatss	college_b	college_b	consulting_members	consulting_members	consulting_members	presidential_office	unknown	college_a	college_biatss	presidential_office	unknown	presidential_office	college_b	college_a	college_biatss	college_b	ext_members	presidential_office	college_a	presidential_office	unknown	college_a	college_biatss	college_a	presidential_office	unknown	presidential_office																																																																																																																																																																																																					
weban-upn_PV_CA_2012-06-11_TEI	presidential_office	unknown	unknown	ext_members	unknown	college_b	presidential_office	college_a	unknown	ext_members	consulting_members	unknown	college_a	ext_members	college_biatss	presidential_office	college_a	presidential_office	college_a	college_b	ext_members	presidential_office	ext_members	consulting_members	consulting_members	consulting_members	college_b	college_a	consulting_members	college_etudiant	ext_members	consulting_members	consulting_members	consulting_members	presidential_office	college_biatss	consulting_members	presidential_office	consulting_members	college_biatss	presidential_office	college_etudiant	consulting_members	college_b	college_biatss	unknown	presidential_office	unknown	college_a	unknown	unknown	college_biatss	unknown	presidential_office	college_b	presidential_office	college_biatss	unknown	college_b	unknown	college_a	unknown	college_a	unknown	college_a	ext_members	presidential_office	college_b	presidential_office	college_a	unknown	unknown	unknown	college_a	unknown	consulting_members	unknown	presidential_office																																																																																																																																																																															
weban-upn_PV_CA_2012-07-09_TEI	presidential_office	unknown	presidential_office	college_biatss	consulting_members	college_b	college_biatss	college_a	ext_members	presidential_office	unknown	presidential_office	unknown	college_b	college_a	college_b	unknown	college_b	ext_members	college_etudiant	college_a	presidential_office	ext_members	college_b	college_a	presidential_office	consulting_members	unknown	unknown	unknown	college_b	college_b	presidential_office	college_a	consulting_members	college_biatss	presidential_office	college_a	college_biatss	college_a	consulting_members	presidential_office	unknown	unknown	consulting_members	unknown	unknown	college_b	consulting_members	college_etudiant	unknown	consulting_members	presidential_office	consulting_members	college_biatss	college_etudiant	consulting_members	college_etudiant	consulting_members	college_etudiant	consulting_members	college_a	presidential_office	college_etudiant	consulting_members	college_a	presidential_office	college_etudiant	college_b	college_biatss	presidential_office	college_a	college_b	college_b	consulting_members	college_etudiant	unknown	unknown	unknown	unknown	unknown	unknown	unknown	unknown	unknown	unknown	unknown	unknown	unknown	unknown	unknown	unknown	unknown	presidential_office																																																																																																																																																															
weban-upn_PV_CA_2012-10-22_TEI	college_a	college_biatss	college_biatss	college_b	college_etudiant	college_etudiant	consulting_members	college_a	college_b	college_b	college_a	unknown	college_a	college_biatss	college_a	college_biatss	college_a	college_b	consulting_members	unknown	college_a	college_a	ext_members	college_a	ext_members	college_a	college_biatss	college_a	college_biatss	college_a	college_biatss	college_etudiant	college_a	college_a	college_biatss	college_a	college_biatss	college_a	college_a	unknown	consulting_members	college_etudiant	consulting_members	unknown	college_a	consulting_members	college_b	college_etudiant	college_biatss	consulting_members	college_biatss	consulting_members	college_a	college_b	college_b	consulting_members	unknown	college_a	college_etudiant	college_b	college_b	college_etudiant	college_a	college_b	college_etudiant	college_biatss	college_a	college_b	college_a	college_b	college_a	college_b	college_a	college_b	ext_members	college_b	college_a	unknown	college_a	college_biatss	college_a	college_biatss	college_biatss	consulting_members	unknown	college_etudiant	college_a	unknown	unknown	consulting_members	college_biatss	college_b	college_a	consulting_members	college_b	college_a	college_b	college_biatss	college_b	consulting_members	ext_members	college_b	college_a	college_b	consulting_members	college_biatss	college_a	unknown	unknown	unknown	college_biatss	college_biatss	college_a	unknown	unknown	college_b	college_a	college_b	college_a	college_b	unknown	presidential_office																																																																																																																																			
weban-upn_PV_CA_2012-11-27_TEI	presidential_office	unknown	presidential_office	college_a	presidential_office	college_biatss	unknown	consulting_members	college_biatss	college_b	consulting_members	presidential_office	presidential_office	college_a	college_a	college_b	college_a	presidential_office	college_a	college_a	college_a	presidential_office	consulting_members	consulting_members	college_biatss	consulting_members	unknown	unknown	presidential_office	consulting_members	college_biatss	consulting_members	college_b	consulting_members	consulting_members	presidential_office	college_b	unknown	presidential_office	college_biatss	college_etudiant	presidential_office	consulting_members	college_biatss	presidential_office	unknown	unknown	unknown	unknown	presidential_office	college_a	presidential_office	consulting_members	college_a	presidential_office	college_biatss	college_biatss	college_b	presidential_office	unknown	college_biatss	unknown	consulting_members	college_b	unknown	unknown	unknown	unknown	unknown	unknown	unknown	unknown	unknown	college_biatss	unknown	unknown	unknown	presidential_office																																																																																																																																																																															
weban-upn_PV_CA_2012-12-17_TEI	presidential_office	unknown	presidential_office	college_biatss	college_a	presidential_office	college_etudiant	unknown	presidential_office	college_a	presidential_office	college_a	college_b	college_a	presidential_office	college_etudiant	college_biatss	ext_members	unknown	unknown	consulting_members	college_b	college_biatss	college_biatss	consulting_members	unknown	college_a	ext_members	college_a	unknown	presidential_office	college_etudiant	unknown	presidential_office	consulting_members	unknown	consulting_members	college_b	consulting_members	college_a	consulting_members	college_a	college_b	consulting_members	college_b	consulting_members	presidential_office	presidential_office	college_biatss	presidential_office	consulting_members	consulting_members	unknown	consulting_members	college_a	unknown	college_a	college_etudiant	presidential_office	college_b	college_a	college_b	presidential_office	college_a	college_a	presidential_office	college_biatss	college_etudiant	college_b	college_a	presidential_office	unknown	unknown	unknown	unknown	unknown	unknown	unknown	unknown	unknown	unknown	college_a	consulting_members	college_b	consulting_members	unknown	unknown	unknown	college_a	unknown	unknown	unknown	unknown	college_biatss	college_a	unknown	unknown	unknown	unknown	presidential_office																																																																																																																																																									
weban-upn_PV_CA_2013-01-28_TEI	presidential_office	unknown	presidential_office	college_biatss	presidential_office	college_etudiant	presidential_office	college_b	consulting_members	unknown	presidential_office	college_biatss	college_etudiant	presidential_office	unknown	college_b	college_b	presidential_office	college_a	college_biatss	presidential_office	unknown	presidential_office	college_b	college_a	ext_members	presidential_office	ext_members	presidential_office	consulting_members	presidential_office	consulting_members	college_etudiant	presidential_office	college_biatss	presidential_office	consulting_members	ext_members	college_biatss	college_a	college_biatss	college_a	presidential_office	college_biatss	college_a	unknown	college_biatss	college_a	presidential_office	unknown	consulting_members	unknown	presidential_office	college_a	consulting_members	presidential_office	college_a	consulting_members	consulting_members	college_etudiant	college_a	presidential_office	consulting_members	consulting_members	college_b	consulting_members	consulting_members	presidential_office	unknown	consulting_members	presidential_office	college_b	presidential_office	consulting_members	presidential_office	consulting_members	presidential_office	unknown	presidential_office	consulting_members	consulting_members	presidential_office	unknown	presidential_office	unknown	college_a	college_b	consulting_members	college_biatss	college_biatss	college_b	unknown	college_a	college_etudiant	college_etudiant	unknown	college_etudiant	unknown	presidential_office																																																																																																																																																										
weban-upn_PV_CA_2013-02-25_TEI	presidential_office	presidential_office	college_etudiant	college_b	presidential_office	college_etudiant	presidential_office	ext_members	presidential_office	college_a	college_a	college_a	college_a	college_a	unknown	college_biatss	college_b	college_a	college_biatss	college_b	college_biatss	unknown	consulting_members	unknown	consulting_members	consulting_members	unknown	consulting_members	college_etudiant	consulting_members	consulting_members	college_a	college_biatss	consulting_members	college_biatss	consulting_members	college_a	consulting_members	presidential_office	unknown	presidential_office	consulting_members	college_biatss	presidential_office	college_a	consulting_members	college_a	college_b	consulting_members	college_b	consulting_members	unknown	college_etudiant	college_a	unknown	presidential_office	presidential_office	college_biatss	college_a	unknown	consulting_members	college_biatss	presidential_office	college_a	presidential_office	consulting_members	college_biatss	unknown	presidential_office	college_b	unknown	consulting_members	college_etudiant	consulting_members	presidential_office	unknown	consulting_members	presidential_office	consulting_members	consulting_members	presidential_office	consulting_members	college_a	consulting_members	unknown	consulting_members	presidential_office	unknown	consulting_members	college_biatss	presidential_office	college_biatss	unknown	college_biatss	unknown	college_b	presidential_office	college_a	college_biatss	consulting_members	college_b	presidential_office	college_b	consulting_members	college_a	consulting_members	unknown	unknown	presidential_office																																																																																																																																																
weban-upn_PV_CA_2013-03-25_TEI	presidential_office	presidential_office	college_a	presidential_office	unknown	presidential_office	unknown	presidential_office	unknown	presidential_office	unknown	college_biatss	presidential_office	college_a	presidential_office	college_biatss	unknown	presidential_office	consulting_members	college_a	consulting_members	college_a	college_biatss	presidential_office	consulting_members	unknown	presidential_office	college_a	presidential_office	college_biatss	college_etudiant	presidential_office	consulting_members	presidential_office	college_a	college_b	presidential_office	college_biatss	presidential_office	presidential_office	college_b	presidential_office	college_etudiant	presidential_office	college_b	presidential_office	college_b	college_b	presidential_office	consulting_members	ext_members	presidential_office	consulting_members	ext_members	presidential_office	ext_members	presidential_office	college_a	presidential_office	college_a	presidential_office	college_a	presidential_office	college_b	presidential_office	college_biatss	consulting_members	college_biatss	college_etudiant	college_a	presidential_office	presidential_office	consulting_members	presidential_office	college_a	ext_members	presidential_office	college_b	presidential_office	consulting_members	college_b	consulting_members	college_etudiant	consulting_members	college_etudiant	consulting_members	presidential_office	college_etudiant	consulting_members	college_biatss	college_a	presidential_office	consulting_members	presidential_office	college_a	presidential_office	college_biatss	college_b	college_etudiant	consulting_members	college_etudiant	college_a	consulting_members	college_a	presidential_office	college_a	college_biatss	college_etudiant	college_a	college_etudiant	presidential_office	college_a	college_a	college_b	college_a	college_biatss	college_etudiant	college_b	college_b	college_biatss	college_b	college_etudiant	college_a	consulting_members	college_a	unknown	presidential_office	presidential_office	presidential_office	college_b	college_biatss	unknown	consulting_members	college_etudiant	consulting_members	college_biatss	college_a	college_biatss	college_b	college_a	consulting_members	unknown	presidential_office	college_a	presidential_office																																																																																																												
weban-upn_PV_CA_2013-04-22_TEI	presidential_office	college_a	presidential_office	unknown	consulting_members	college_a	college_b	presidential_office	unknown	unknown	consulting_members	unknown	presidential_office	college_b	presidential_office	college_b	presidential_office	college_etudiant	presidential_office	college_b	presidential_office	college_b	consulting_members	college_biatss	presidential_office	college_a	presidential_office	college_b	college_a	presidential_office	ext_members	college_a	presidential_office	college_etudiant	presidential_office	college_etudiant	presidential_office	ext_members	presidential_office	college_biatss	presidential_office	college_etudiant	college_a	college_a	college_etudiant	presidential_office	college_etudiant	ext_members	unknown	consulting_members	presidential_office	consulting_members	consulting_members	presidential_office	college_b	consulting_members	presidential_office	consulting_members	presidential_office	unknown	presidential_office	college_b	presidential_office	college_biatss	presidential_office	college_b	college_etudiant	presidential_office	college_a	presidential_office	ext_members	unknown	presidential_office	college_a	presidential_office	college_biatss	college_b	college_a	college_b	presidential_office	college_a	college_b	presidential_office	college_a	college_a	college_biatss	college_b	presidential_office	college_a	college_biatss	presidential_office	college_a	presidential_office	ext_members	college_a	college_b	college_a	unknown	consulting_members	consulting_members	college_biatss	college_b	college_biatss	college_biatss	college_biatss	presidential_office	college_a	college_biatss	college_a	college_etudiant	college_b	unknown	unknown	consulting_members	college_a	college_a	consulting_members	college_a	consulting_members	college_a	consulting_members	college_a	consulting_members	college_b	consulting_members	college_b	college_a	consulting_members	college_b	college_b	college_a	college_b	college_a	college_b	college_a	college_a	consulting_members	presidential_office	unknown	presidential_office	consulting_members	college_biatss	presidential_office	consulting_members	presidential_office	college_b	consulting_members	college_a	college_biatss	consulting_members	presidential_office	college_b	presidential_office	consulting_members	presidential_office	college_etudiant	college_a	college_etudiant	college_a	presidential_office	consulting_members	college_b	consulting_members	college_a	college_biatss	presidential_office	college_b	presidential_office	college_b	college_etudiant	consulting_members	college_a	college_b	presidential_office	college_b	college_biatss	presidential_office	college_biatss	college_etudiant	consulting_members	presidential_office	college_a	unknown	consulting_members	college_a	consulting_members	unknown	consulting_members	unknown	consulting_members	unknown	college_biatss	college_a	college_a	presidential_office	unknown	unknown	college_a	presidential_office	unknown	unknown	college_a	presidential_office	presidential_office																																																	
weban-upn_PV_CA_2013-05-21_TEI	presidential_office	consulting_members	consulting_members	presidential_office	college_biatss	consulting_members	presidential_office	consulting_members	ext_members	consulting_members	consulting_members	college_a	consulting_members	consulting_members	college_b	presidential_office	consulting_members	consulting_members	presidential_office	college_b	consulting_members	college_b	consulting_members	unknown	college_b	presidential_office	college_b	consulting_members	college_b	consulting_members	college_a	consulting_members	college_b	presidential_office	college_b	presidential_office	college_b	presidential_office	college_b	presidential_office	college_etudiant	presidential_office	college_b	presidential_office	college_a	consulting_members	college_b	presidential_office	ext_members	presidential_office	college_a	college_b	unknown	college_a	consulting_members	unknown	presidential_office	unknown	presidential_office																																																																																																																																																																																																		
weban-upn_PV_CA_2013-06-03_TEI	presidential_office	unknown	unknown	consulting_members	college_a	college_biatss	college_etudiant	presidential_office	college_etudiant	presidential_office	consulting_members	college_b	consulting_members	college_etudiant	consulting_members	presidential_office	college_b	presidential_office	college_b	presidential_office	college_b	presidential_office	college_biatss	college_etudiant	presidential_office	consulting_members	presidential_office	college_b	presidential_office	college_a	college_biatss	college_a	college_b	college_biatss	presidential_office	college_etudiant	presidential_office	unknown	college_a	consulting_members	college_a	consulting_members	ext_members	unknown	presidential_office	consulting_members	presidential_office	college_biatss	presidential_office	consulting_members	college_a	college_etudiant	presidential_office	consulting_members	unknown	presidential_office	college_a	college_b	unknown	unknown	consulting_members	presidential_office	college_a	college_biatss	college_b	consulting_members	college_b	college_a	college_a	presidential_office	college_biatss	consulting_members	consulting_members	college_biatss	presidential_office	college_biatss	college_a	college_a	college_a	college_biatss	presidential_office	college_b	presidential_office	college_b	presidential_office	college_biatss	ext_members	consulting_members	ext_members	consulting_members	ext_members	consulting_members	college_b	presidential_office	college_b	presidential_office	unknown	unknown	college_etudiant	college_b	unknown	presidential_office	unknown	unknown	consulting_members	unknown	presidential_office	consulting_members	college_b	consulting_members	college_a	consulting_members	presidential_office	college_b	consulting_members	presidential_office	college_b	presidential_office	college_biatss	presidential_office	unknown	consulting_members	college_etudiant	presidential_office	consulting_members	college_a	consulting_members	college_etudiant	college_a	college_b	presidential_office	college_a	college_b	college_etudiant	presidential_office	college_b	unknown	unknown	consulting_members	presidential_office	consulting_members	presidential_office	unknown	unknown	unknown	unknown	unknown	unknown	unknown	presidential_office	unknown	unknown	unknown	unknown	consulting_members	unknown	unknown	unknown	unknown	presidential_office																																																																																													
weban-upn_PV_CA_2013-07-08_TEI	presidential_office	presidential_office	college_a	presidential_office	college_b	college_biatss	college_a	college_biatss	presidential_office	college_biatss	consulting_members	unknown	unknown	presidential_office	college_a	college_b	college_b	college_a	college_b	consulting_members	consulting_members	college_b	college_biatss	consulting_members	unknown	college_a	college_b	college_a	college_b	college_a	unknown	unknown	college_a	college_b	college_a	college_a	consulting_members	college_a	college_b	college_b	college_a	college_b	consulting_members	presidential_office	college_a	college_a	college_a	consulting_members	unknown	presidential_office	college_biatss	presidential_office	college_a	presidential_office	college_biatss	presidential_office	consulting_members	college_a	college_b	presidential_office	college_b	consulting_members	college_etudiant	presidential_office	unknown	presidential_office	college_a	presidential_office	unknown	consulting_members	college_a	unknown	presidential_office	consulting_members	college_a	college_a	presidential_office	college_b	presidential_office	college_b	presidential_office	college_a	presidential_office	college_b	presidential_office	college_b	consulting_members	college_b	unknown	presidential_office	college_b	presidential_office	unknown	college_b	presidential_office	college_b	presidential_office	college_b	consulting_members	presidential_office	college_b	unknown	consulting_members	college_a	unknown	college_a	college_a	college_a	unknown	unknown	presidential_office	college_a	consulting_members	presidential_office	college_biatss	presidential_office	college_biatss	consulting_members	unknown	presidential_office	consulting_members	ext_members	unknown	consulting_members	unknown	consulting_members	college_a	college_a	unknown	unknown	college_a	college_b	consulting_members	college_a	unknown	unknown	unknown	unknown	unknown	unknown	consulting_members	college_a	presidential_office	college_b	consulting_members	presidential_office	consulting_members	college_b	college_a	unknown	unknown	unknown	unknown	unknown	college_a	presidential_office	unknown	unknown	presidential_office	unknown	unknown	unknown	consulting_members	unknown	college_a	consulting_members	college_a	presidential_office																																																																																					
weban-upn_PV_CA_2013-09-30_TEI	presidential_office	presidential_office	unknown	presidential_office	college_a	college_biatss	college_b	college_a	presidential_office	consulting_members	consulting_members	college_etudiant	college_biatss	college_etudiant	presidential_office	college_a	college_a	unknown	college_biatss	college_etudiant	college_b	consulting_members	presidential_office	college_a	college_biatss	unknown	unknown	presidential_office	unknown	presidential_office	unknown	presidential_office	presidential_office	presidential_office	college_b	presidential_office	college_biatss	presidential_office	college_etudiant	presidential_office	college_a	ext_members	presidential_office	presidential_office	college_a	presidential_office	consulting_members	college_biatss	presidential_office	college_b	presidential_office	college_a	college_a	unknown	college_a	college_b	college_a	college_b	unknown	unknown	college_biatss	consulting_members	college_biatss	college_b	consulting_members	presidential_office	college_a	presidential_office	college_a	college_biatss	college_a	college_biatss	college_a	college_etudiant	presidential_office	college_a	college_biatss	college_b	ext_members	presidential_office	college_a	college_b	presidential_office	college_biatss	presidential_office	college_a	college_etudiant	presidential_office	college_etudiant	presidential_office	college_biatss	consulting_members	presidential_office	college_a	college_biatss	college_biatss	college_a	college_a	unknown	presidential_office	unknown	unknown	unknown	unknown	unknown	unknown	unknown	unknown	unknown	unknown	unknown	unknown	unknown	unknown	college_b	college_a	college_b	consulting_members	college_b	college_a	college_b	college_b	consulting_members	college_biatss	college_a	presidential_office																																																																																																																															
weban-upn_PV_CA_2013-10-21_TEI	presidential_office	presidential_office	college_a	presidential_office	consulting_members	college_b	presidential_office	unknown	consulting_members	college_a	consulting_members	unknown	college_a	college_a	college_b	unknown	presidential_office	presidential_office	college_b	presidential_office	presidential_office	consulting_members	college_a	consulting_members	college_b	college_b	consulting_members	ext_members	presidential_office	college_b	ext_members	presidential_office	presidential_office	college_biatss	presidential_office	college_a	college_etudiant	presidential_office	college_etudiant	presidential_office	college_etudiant	presidential_office	college_a	college_b	presidential_office	college_biatss	college_a	college_a	presidential_office	college_b	presidential_office	college_b	presidential_office	college_a	presidential_office	college_biatss	presidential_office	college_a	presidential_office	college_b	presidential_office	college_a	college_b	presidential_office	college_b	presidential_office	college_etudiant	presidential_office	ext_members	presidential_office	unknown	college_biatss	college_b	presidential_office	college_etudiant	presidential_office	college_etudiant	presidential_office	college_b	presidential_office	unknown	college_etudiant	college_a	college_b	college_biatss	ext_members	college_etudiant	presidential_office	college_etudiant	college_b	presidential_office	unknown	college_b	college_etudiant	college_a	presidential_office	college_b	presidential_office	college_etudiant	presidential_office	college_a	college_b	presidential_office	presidential_office	presidential_office	college_b	unknown	presidential_office	college_b	unknown	presidential_office	consulting_members	unknown	consulting_members	presidential_office	college_biatss	presidential_office	unknown	presidential_office	unknown	consulting_members	college_b	consulting_members	college_b	consulting_members	consulting_members	college_etudiant	college_b	college_etudiant	consulting_members	ext_members	college_b	unknown	unknown	unknown	unknown	college_b	college_etudiant	college_a	presidential_office	college_b	college_a	college_a	presidential_office	ext_members	ext_members	college_biatss	college_b	college_b	college_a	presidential_office	college_biatss	unknown	unknown	college_b	consulting_members	college_b	consulting_members	college_biatss	consulting_members	college_b	college_a	college_b	college_a	consulting_members	unknown	unknown	unknown	college_a	college_a	college_a	college_a	college_etudiant	presidential_office	college_a	presidential_office	college_a	presidential_office	college_b	presidential_office	college_etudiant	college_a	consulting_members	college_a	presidential_office	college_biatss	college_a	college_b	presidential_office	college_b	consulting_members	consulting_members	college_a	college_a	college_a	college_a	presidential_office	college_etudiant	presidential_office	college_biatss	college_a	presidential_office	consulting_members	presidential_office																																																	
weban-upn_PV_CA_2013-11-25_TEI	presidential_office	unknown	unknown	presidential_office	college_a	college_b	college_biatss	college_a	college_b	unknown	unknown	unknown	college_a	college_b	college_a	college_b	unknown	college_b	college_etudiant	presidential_office	unknown	unknown	consulting_members	presidential_office	consulting_members	ext_members	consulting_members	presidential_office	college_biatss	presidential_office	college_a	college_b	consulting_members	college_biatss	presidential_office	consulting_members	presidential_office	unknown	presidential_office	unknown	college_biatss	presidential_office	college_a	college_b	college_a	college_b	college_biatss	college_biatss	unknown	consulting_members	unknown	presidential_office	college_b	college_a	college_etudiant	college_a	college_b	college_a	college_b	college_a	college_b	presidential_office	college_b	college_a	college_b	college_a	college_b	presidential_office	college_biatss	presidential_office	college_a	college_etudiant	presidential_office	college_b	college_etudiant	college_b	college_etudiant	presidential_office	college_etudiant	college_biatss	unknown	presidential_office	consulting_members	presidential_office	college_etudiant	presidential_office	college_b	presidential_office	college_b	college_biatss	presidential_office	unknown	consulting_members	college_biatss	college_a	college_a	consulting_members	presidential_office	college_b	consulting_members	unknown	presidential_office	college_etudiant	college_a	unknown	unknown	unknown	college_a	unknown	unknown	unknown	college_a	college_biatss	consulting_members	unknown	college_a	unknown	unknown	unknown	presidential_office																																																																																																																																					
weban-upn_PV_CA_2013-12-16_TEI	presidential_office	unknown	unknown	unknown	presidential_office	college_b	presidential_office	consulting_members	presidential_office	college_b	consulting_members	college_b	college_a	college_biatss	presidential_office	college_biatss	presidential_office	college_biatss	presidential_office	college_biatss	college_a	college_b	presidential_office	college_b	presidential_office	college_b	presidential_office	consulting_members	college_b	consulting_members	unknown	unknown	college_a	consulting_members	unknown	college_a	unknown	presidential_office	college_biatss	college_a	college_biatss	presidential_office	college_biatss	college_biatss	presidential_office	college_biatss	unknown	presidential_office	college_b	college_a	college_b	presidential_office	college_b	presidential_office	college_b	consulting_members	college_b	presidential_office	unknown	unknown	presidential_office	unknown	presidential_office	unknown	unknown	consulting_members	consulting_members	college_b	consulting_members	college_b	consulting_members	consulting_members	consulting_members	presidential_office	consulting_members	presidential_office	consulting_members	presidential_office	college_b	presidential_office	unknown	unknown	presidential_office	college_biatss	presidential_office	college_b	presidential_office	college_b	presidential_office	college_b	presidential_office	college_a	presidential_office	college_a	college_biatss	presidential_office	ext_members	presidential_office	college_biatss	college_b	college_a	presidential_office	consulting_members	presidential_office	college_biatss	unknown	unknown	presidential_office	unknown	consulting_members	unknown	consulting_members	consulting_members	consulting_members	consulting_members	unknown	unknown	consulting_members	college_etudiant	college_a	consulting_members	college_etudiant	college_a	college_etudiant	presidential_office	consulting_members	unknown	presidential_office	college_a	college_a	college_a	college_biatss	college_a	presidential_office	college_b	presidential_office	college_etudiant	college_a	presidential_office	college_b	presidential_office	college_biatss	college_a	college_biatss	presidential_office	college_a	college_a	presidential_office	ext_members	college_a	presidential_office	college_biatss	college_a	college_a	unknown	college_b	unknown	unknown	unknown	unknown	unknown	unknown	unknown	unknown	unknown	unknown	unknown	unknown	unknown	college_a	presidential_office	consulting_members	unknown	college_a	presidential_office	college_biatss	presidential_office	presidential_office																																																																											
weban-upn_PV_CA_2014-01-27_TEI	presidential_office	presidential_office	unknown	unknown	unknown	presidential_office	consulting_members	consulting_members	consulting_members	college_a	consulting_members	consulting_members	consulting_members	presidential_office	college_biatss	consulting_members	college_b	presidential_office	consulting_members	college_biatss	consulting_members	college_b	presidential_office	presidential_office	college_b	consulting_members	presidential_office	college_a	college_b	college_b	presidential_office	college_b	consulting_members	consulting_members	presidential_office	college_biatss	presidential_office	presidential_office	college_a	college_biatss	college_a	college_biatss	college_a	college_biatss	college_a	college_a	consulting_members	consulting_members	college_biatss	presidential_office	unknown	presidential_office	presidential_office	unknown	presidential_office	consulting_members	consulting_members	college_biatss	presidential_office	consulting_members	presidential_office	college_biatss	presidential_office	consulting_members	college_biatss	unknown	consulting_members	consulting_members	presidential_office	unknown	unknown	consulting_members	college_a	consulting_members	college_a	college_a	college_b	unknown	college_a	presidential_office	unknown	college_a	college_a	unknown	unknown	unknown	unknown	unknown	unknown	unknown	unknown	unknown	college_biatss	consulting_members	college_biatss	consulting_members	consulting_members	college_biatss	college_a	college_biatss	consulting_members	college_biatss	college_b	consulting_members	college_biatss	college_a	college_biatss	college_a	college_b	presidential_office	college_biatss	consulting_members	consulting_members	presidential_office	college_biatss	presidential_office	college_biatss	college_b	unknown	unknown	consulting_members	college_biatss	presidential_office	unknown	unknown	unknown	presidential_office																																																																																																																														
weban-upn_PV_CA_2014-03-10_TEI	presidential_office	unknown	presidential_office	college_etudiant	presidential_office	unknown	presidential_office	ext_members	presidential_office	ext_members	presidential_office	college_biatss	presidential_office	college_b	presidential_office	consulting_members	ext_members	presidential_office	college_b	presidential_office	consulting_members	college_b	presidential_office	college_etudiant	presidential_office	consulting_members	college_b	consulting_members	ext_members	presidential_office	college_b	college_a	presidential_office	college_biatss	presidential_office	college_b	presidential_office	college_a	presidential_office	presidential_office	college_biatss	presidential_office	presidential_office	college_biatss	college_etudiant	presidential_office	college_biatss	presidential_office	college_biatss	college_b	unknown	presidential_office	unknown	presidential_office	college_etudiant	presidential_office	college_etudiant	presidential_office	college_b	presidential_office	college_biatss	unknown	unknown	presidential_office	unknown	unknown	unknown	unknown	presidential_office	college_etudiant	presidential_office	consulting_members	presidential_office	college_biatss	college_a	presidential_office	ext_members	ext_members	college_b	presidential_office	unknown	unknown	unknown	presidential_office	unknown	presidential_office	consulting_members	college_a	college_a	consulting_members	college_a	consulting_members	college_a	ext_members	unknown	consulting_members	college_a	unknown	unknown	unknown	presidential_office	college_a	unknown	college_b	unknown	unknown	unknown	unknown	unknown	unknown	unknown	unknown	college_a	presidential_office	unknown	unknown	presidential_office	presidential_office																																																																																																																																							
weban-upn_PV_CA_2014-03-24_TEI	presidential_office	presidential_office	presidential_office	consulting_members	consulting_members	consulting_members	presidential_office	college_b	presidential_office	college_biatss	presidential_office	college_biatss	presidential_office	college_b	presidential_office	ext_members	consulting_members	college_biatss	consulting_members	presidential_office	consulting_members	presidential_office	presidential_office	college_b	unknown	college_a	presidential_office	consulting_members	consulting_members	college_biatss	consulting_members	consulting_members	presidential_office	unknown	unknown	presidential_office																																																																																																																																																																																																																									
weban-upn_PV_CA_2014-06-23_TEI	presidential_office	presidential_office	college_a	consulting_members	consulting_members	college_a	consulting_members	college_b	presidential_office	consulting_members	college_b	college_a	presidential_office	college_a	presidential_office	college_a	presidential_office	college_b	presidential_office	college_b	presidential_office	college_b	presidential_office	consulting_members	ext_members	presidential_office	ext_members	college_a	ext_members	college_a	college_a	college_a	presidential_office	college_b	presidential_office	consulting_members	college_etudiant	presidential_office	college_etudiant	college_biatss	college_biatss	college_b	presidential_office	unknown	unknown	unknown	unknown	presidential_office	presidential_office																																																																																																																																																																																																												
weban-upn_PV_CA_2014-07-07_TEI	presidential_office	presidential_office	unknown	unknown	presidential_office	college_a	college_a	college_b	college_a	presidential_office	college_biatss	college_a	presidential_office	unknown	college_a	presidential_office	presidential_office	presidential_office	college_b	presidential_office	college_biatss	presidential_office	college_biatss	college_b	presidential_office	college_b	presidential_office	consulting_members	ext_members	presidential_office	college_b	college_a	ext_members	presidential_office	ext_members	ext_members	presidential_office	college_etudiant	college_b	presidential_office	unknown	presidential_office	college_a	presidential_office	college_a	college_b	presidential_office	college_b	college_a	college_etudiant	presidential_office	unknown	presidential_office	college_biatss	presidential_office	college_b	presidential_office	consulting_members	consulting_members	unknown	unknown	college_a	consulting_members	college_biatss	consulting_members	college_biatss	college_a	ext_members	college_biatss	presidential_office	college_biatss	college_a	college_biatss	college_a	presidential_office	presidential_office	consulting_members	college_b	consulting_members	presidential_office	college_biatss	presidential_office	college_biatss	presidential_office	ext_members	presidential_office	college_etudiant	college_a	presidential_office	college_b	presidential_office	college_etudiant	presidential_office	college_biatss	presidential_office	presidential_office	college_a	college_biatss	presidential_office	college_biatss	presidential_office	unknown	presidential_office	presidential_office	college_b	presidential_office	consulting_members	college_b	consulting_members	college_a	consulting_members	college_biatss	presidential_office	college_a	unknown	consulting_members	presidential_office	unknown	consulting_members	college_a	consulting_members	presidential_office	college_biatss	consulting_members	college_b	presidential_office	college_a	presidential_office	college_a	presidential_office	presidential_office	presidential_office	presidential_office	presidential_office	presidential_office	presidential_office	presidential_office	presidential_office	presidential_office	presidential_office	presidential_office	presidential_office	presidential_office	presidential_office	presidential_office	presidential_office	presidential_office	presidential_office	presidential_office	presidential_office	presidential_office	presidential_office	presidential_office	presidential_office	presidential_office	presidential_office	presidential_office	presidential_office	presidential_office	presidential_office	college_a	college_biatss	consulting_members	college_b	consulting_members	consulting_members	consulting_members	consulting_members	presidential_office	consulting_members	college_a	presidential_office	presidential_office	presidential_office	presidential_office	presidential_office	presidential_office	college_a	presidential_office	college_biatss	presidential_office																																																																								
weban-upn_PV_CA_2014-09-29_TEI	presidential_office	presidential_office	college_etudiant	college_b	presidential_office	college_b	presidential_office	college_a	presidential_office	unknown	presidential_office	unknown	unknown	presidential_office	presidential_office	college_b	presidential_office	college_etudiant	presidential_office	college_a	presidential_office	college_b	presidential_office	college_a	presidential_office	college_etudiant	presidential_office	college_b	consulting_members	presidential_office	college_a	college_biatss	college_a	presidential_office	college_a	college_biatss	college_a	college_b	presidential_office	consulting_members	college_a	college_a	ext_members	presidential_office	college_b	presidential_office	college_a	college_a	consulting_members	presidential_office	college_b	presidential_office	consulting_members	college_a	presidential_office	college_b	college_a	presidential_office	college_a	college_biatss	college_a	college_b	presidential_office	consulting_members	consulting_members	unknown	college_a	college_biatss	college_a	presidential_office	unknown	presidential_office	consulting_members	college_b	presidential_office	ext_members	consulting_members	presidential_office	consulting_members	consulting_members	presidential_office	college_a	ext_members	consulting_members	college_biatss	consulting_members	presidential_office	college_biatss	presidential_office	consulting_members	college_biatss	consulting_members	college_biatss	presidential_office	college_biatss	consulting_members	presidential_office	consulting_members	consulting_members	college_b	college_a	unknown	presidential_office	unknown	presidential_office	college_a	college_b	college_a	college_b	presidential_office	consulting_members	college_b	presidential_office	college_a	college_biatss	college_b	college_biatss	college_b	college_biatss	college_biatss	college_a	presidential_office	college_b	presidential_office	unknown	unknown	presidential_office	presidential_office	unknown	unknown	unknown	presidential_office	presidential_office	presidential_office	presidential_office	unknown	presidential_office	college_b	presidential_office	presidential_office	presidential_office	presidential_office																																																																																																															
weban-upn_PV_CA_2014-10-20_TEI	presidential_office	presidential_office	college_etudiant	presidential_office	unknown	presidential_office	college_b	presidential_office	consulting_members	presidential_office	college_biatss	presidential_office	college_b	unknown	unknown	college_a	college_biatss	college_biatss	college_a	college_biatss	college_a	college_biatss	presidential_office	college_a	college_biatss	presidential_office	college_biatss	college_b	presidential_office	college_b	presidential_office	college_a	college_biatss	college_a	college_biatss	college_a	consulting_members	college_b	presidential_office	college_a	presidential_office	unknown	college_a	college_b	consulting_members	college_a	college_biatss	presidential_office	college_a	unknown	unknown	college_a	unknown	unknown	consulting_members	college_biatss	consulting_members	college_biatss	consulting_members	ext_members	consulting_members	college_biatss	consulting_members	college_b	consulting_members	college_biatss	consulting_members	college_etudiant	consulting_members	college_etudiant	consulting_members	college_etudiant	consulting_members	college_etudiant	consulting_members	ext_members	consulting_members	ext_members	consulting_members	college_a	college_biatss	unknown	college_a	consulting_members	consulting_members	college_a	consulting_members	college_a	college_b	consulting_members	college_a	presidential_office	presidential_office	unknown	unknown	presidential_office	unknown	presidential_office	college_etudiant	college_a	college_biatss	college_etudiant	college_a	college_biatss	college_a	college_biatss	college_a	college_a	presidential_office	presidential_office	presidential_office	presidential_office	presidential_office	presidential_office	presidential_office	presidential_office	unknown	presidential_office																																																																																																																																							
weban-upn_PV_CA_2014-11-24_TEI	presidential_office	presidential_office	college_b	college_b	college_biatss	consulting_members	college_biatss	unknown	presidential_office	college_a	college_a	ext_members	consulting_members	college_b	college_a	presidential_office	college_etudiant	presidential_office	college_a	college_biatss	college_a	presidential_office	college_b	college_a	college_biatss	presidential_office	college_b	college_a	presidential_office	ext_members	presidential_office	unknown	college_a	college_b	college_a	consulting_members	presidential_office	college_b	unknown	consulting_members	consulting_members	presidential_office	college_a	consulting_members	college_a	consulting_members	college_biatss	college_biatss	consulting_members	consulting_members	ext_members	consulting_members	college_biatss	consulting_members	college_a	consulting_members	unknown	presidential_office	consulting_members	unknown	presidential_office	college_biatss	presidential_office	college_a	consulting_members	college_biatss	consulting_members	college_biatss	college_a	college_biatss	college_a	presidential_office	college_b	presidential_office	consulting_members	unknown	consulting_members	consulting_members	presidential_office	unknown	presidential_office	college_a	presidential_office	college_a	presidential_office	college_a	presidential_office	college_a	presidential_office	college_a	college_b	presidential_office	consulting_members	college_a	college_biatss	college_biatss	presidential_office	college_b	presidential_office	college_b	presidential_office	consulting_members	college_b	presidential_office	college_biatss	college_b	college_a	unknown	college_a	presidential_office	unknown	presidential_office	college_a	consulting_members	college_a	college_b	presidential_office	college_a	college_biatss	college_a	college_a	presidential_office	college_a	ext_members	unknown	college_a	presidential_office	presidential_office	presidential_office	presidential_office	presidential_office	presidential_office	presidential_office	presidential_office	college_biatss	college_a	college_biatss	college_a	college_biatss	college_a	unknown	presidential_office																																																																																																															
weban-upn_PV_CA_2014-12-15_TEI	presidential_office	college_etudiant	presidential_office	presidential_office	college_a	college_b	presidential_office	college_a	presidential_office	college_b	presidential_office	unknown	unknown	unknown	unknown	unknown	unknown	college_b	presidential_office	college_a	college_b	college_a	unknown	consulting_members	college_a	unknown	presidential_office	consulting_members	consulting_members	unknown	presidential_office	college_a	consulting_members	ext_members	unknown	consulting_members	consulting_members	presidential_office	unknown	unknown	presidential_office	unknown	unknown	unknown	unknown	unknown	presidential_office	unknown	presidential_office	unknown	college_b	unknown	presidential_office	college_biatss	presidential_office	college_biatss	presidential_office	unknown	presidential_office	college_a	consulting_members	unknown	unknown	college_a	unknown	college_a	presidential_office	ext_members	presidential_office	college_b	college_a	presidential_office	college_b	presidential_office	college_a	presidential_office	college_a	consulting_members	consulting_members	college_etudiant	consulting_members	consulting_members	college_b	consulting_members	consulting_members	consulting_members	consulting_members	college_b	consulting_members	college_etudiant	consulting_members	college_etudiant	consulting_members	presidential_office	college_etudiant	consulting_members	college_b	consulting_members	unknown	college_a	consulting_members	college_a	presidential_office	consulting_members	college_a	unknown	presidential_office	college_biatss	presidential_office	college_a	unknown	presidential_office	unknown	unknown	presidential_office	consulting_members	presidential_office	unknown	presidential_office	consulting_members	college_b	consulting_members	unknown	consulting_members	unknown	presidential_office	presidential_office	presidential_office	presidential_office	presidential_office	unknown	presidential_office	consulting_members	presidential_office	presidential_office	presidential_office	presidential_office	presidential_office	presidential_office	presidential_office	college_a	presidential_office	presidential_office	consulting_members	presidential_office	presidential_office																																																																																																											
weban-upn_PV_CA_2015-01-26_TEI	presidential_office	presidential_office	college_b	presidential_office	college_b	presidential_office	unknown	presidential_office	college_a	presidential_office	unknown	presidential_office	presidential_office	college_a	presidential_office	college_b	college_a	presidential_office	college_b	presidential_office	college_a	college_a	ext_members	presidential_office	ext_members	college_a	presidential_office	presidential_office	consulting_members	presidential_office	college_biatss	presidential_office	consulting_members	college_b	college_a	presidential_office	college_a	college_b	college_biatss	presidential_office	college_etudiant	presidential_office	unknown	unknown	presidential_office	unknown	unknown	presidential_office	college_b	presidential_office	college_etudiant	college_biatss	presidential_office	unknown	college_biatss	presidential_office	presidential_office	consulting_members	college_biatss	college_biatss	presidential_office	ext_members	college_b	presidential_office	consulting_members	consulting_members	college_a	college_b	presidential_office	college_b	presidential_office	college_biatss	presidential_office	college_biatss	college_a	college_a	consulting_members	college_biatss	presidential_office	consulting_members	presidential_office	college_b	college_a	consulting_members	presidential_office	college_a	college_biatss	presidential_office	consulting_members	college_b	presidential_office	unknown	consulting_members	presidential_office	consulting_members	unknown	consulting_members	presidential_office	ext_members	presidential_office	unknown	presidential_office	consulting_members	unknown	consulting_members	presidential_office	unknown	consulting_members	consulting_members	college_a	consulting_members	consulting_members	unknown	presidential_office	consulting_members	college_biatss	consulting_members	college_biatss	consulting_members	college_etudiant	consulting_members	ext_members	college_a	consulting_members	college_a	consulting_members	college_a	consulting_members	college_a	consulting_members	college_a	college_biatss	presidential_office	college_biatss	college_b	consulting_members	college_b	presidential_office	college_a	college_biatss	consulting_members	college_biatss	consulting_members	presidential_office	consulting_members	college_biatss	presidential_office	ext_members	consulting_members	unknown	college_a	college_a	college_a	consulting_members	college_biatss	college_a	college_a	college_biatss	college_a	presidential_office	college_a	presidential_office	college_a	unknown	presidential_office	presidential_office	unknown	presidential_office	college_a	college_biatss	unknown	presidential_office																																																																																	
weban-upn_PV_CA_2015-03-09_TEI	presidential_office	presidential_office	consulting_members	unknown	consulting_members	ext_members	consulting_members	consulting_members	college_biatss	presidential_office	college_biatss	presidential_office	unknown	unknown	consulting_members	presidential_office	unknown	presidential_office	college_b	presidential_office	consulting_members	college_biatss	presidential_office	consulting_members	college_biatss	consulting_members	presidential_office	college_biatss	ext_members	consulting_members	college_biatss	presidential_office	college_biatss	presidential_office	college_biatss	presidential_office	consulting_members	college_a	presidential_office	college_biatss	presidential_office	unknown	presidential_office	college_etudiant	unknown	presidential_office	consulting_members	unknown	presidential_office	unknown	consulting_members	college_a	consulting_members	college_biatss	college_a	consulting_members	college_etudiant	presidential_office	consulting_members	college_a	consulting_members	college_b	consulting_members	presidential_office	college_biatss	consulting_members	college_a	college_biatss	consulting_members	consulting_members	college_biatss	unknown	consulting_members	college_biatss	consulting_members	college_biatss	consulting_members	college_biatss	consulting_members	college_a	consulting_members	consulting_members	college_a	consulting_members	college_a	consulting_members	consulting_members	presidential_office	consulting_members	college_b	consulting_members	presidential_office	consulting_members	presidential_office	college_biatss	college_a	college_a	presidential_office	unknown	presidential_office	college_b	college_b	presidential_office	consulting_members	college_b	presidential_office	unknown	unknown	unknown	consulting_members	college_biatss	consulting_members	consulting_members	college_b	presidential_office	consulting_members	consulting_members	presidential_office	college_biatss	college_a	presidential_office	college_b	presidential_office	college_b	consulting_members	consulting_members	presidential_office	unknown	presidential_office	college_biatss	presidential_office	college_biatss	presidential_office	college_biatss	presidential_office	college_biatss	presidential_office	college_biatss	presidential_office	college_biatss	college_etudiant	presidential_office	ext_members	presidential_office	college_biatss	presidential_office	college_a	presidential_office	college_a	presidential_office	college_a	presidential_office	college_biatss	consulting_members	college_biatss	college_biatss	presidential_office	college_biatss	presidential_office	consulting_members	ext_members	presidential_office	unknown	presidential_office	unknown	unknown	unknown	presidential_office																																																																																					
weban-upn_PV_CA_2015-03-30_TEI	presidential_office	presidential_office	presidential_office	consulting_members	consulting_members	consulting_members	consulting_members	unknown	consulting_members	consulting_members	consulting_members	consulting_members	presidential_office	ext_members	presidential_office	unknown	consulting_members	presidential_office	presidential_office	consulting_members	consulting_members	presidential_office	consulting_members	college_a	consulting_members	consulting_members	presidential_office	college_a	consulting_members	consulting_members	college_biatss	consulting_members	college_a	ext_members	consulting_members	ext_members	consulting_members	presidential_office	unknown	consulting_members	consulting_members	presidential_office	college_a	unknown	presidential_office	unknown	unknown	presidential_office	consulting_members	presidential_office	college_a	college_b	presidential_office	college_biatss	presidential_office	college_biatss	presidential_office	college_biatss	ext_members	presidential_office	consulting_members	presidential_office	unknown	consulting_members	unknown	presidential_office	unknown	unknown	unknown	unknown	presidential_office	presidential_office	presidential_office																																																																																																																																																																																				
weban-upn_PV_CA_2015-04-13_TEI	presidential_office	presidential_office	unknown	presidential_office	college_b	college_a	college_a	college_a	college_a	college_a	presidential_office	college_b	presidential_office	college_a	presidential_office	college_a	presidential_office	college_b	presidential_office	college_etudiant	presidential_office	college_b	presidential_office	college_b	college_biatss	college_a	presidential_office	college_etudiant	presidential_office	college_a	presidential_office	college_a	consulting_members	consulting_members	college_b	college_biatss	college_a	presidential_office	college_etudiant	presidential_office	college_b	presidential_office	unknown	unknown	college_b	college_b	unknown	presidential_office	college_b	college_biatss	presidential_office	unknown	college_etudiant	consulting_members	college_etudiant	presidential_office	presidential_office	consulting_members	college_b	consulting_members	presidential_office	consulting_members	presidential_office	college_b	presidential_office	college_b	presidential_office	unknown	presidential_office	consulting_members	college_b	consulting_members	college_a	consulting_members	presidential_office	ext_members	consulting_members	presidential_office	unknown	consulting_members	college_b	consulting_members	college_b	consulting_members	presidential_office	consulting_members	college_biatss	consulting_members	college_biatss	consulting_members	college_b	consulting_members	college_b	consulting_members	college_b	consulting_members	college_b	consulting_members	college_etudiant	consulting_members	college_b	consulting_members	consulting_members	college_a	college_b	consulting_members	college_b	consulting_members	consulting_members	consulting_members	presidential_office	college_b	presidential_office	college_b	presidential_office	college_a	presidential_office	college_b	college_biatss	college_a	consulting_members	college_a	consulting_members	college_a	presidential_office	unknown	unknown	consulting_members	college_etudiant	consulting_members	college_etudiant	consulting_members	college_a	college_b	presidential_office	ext_members	presidential_office	college_b	consulting_members	unknown	consulting_members	consulting_members	unknown	college_biatss	presidential_office																																																																																																												
weban-upn_PV_CA_2015-06-08_TEI	presidential_office	presidential_office	unknown	presidential_office	unknown	unknown	unknown	presidential_office	consulting_members	college_biatss	consulting_members	consulting_members	consulting_members	consulting_members	consulting_members	consulting_members	consulting_members	consulting_members	consulting_members	consulting_members	consulting_members	presidential_office	consulting_members	college_biatss	consulting_members	ext_members	consulting_members	presidential_office	college_a	consulting_members	consulting_members	presidential_office	consulting_members	consulting_members	college_b	consulting_members	college_b	consulting_members	presidential_office	consulting_members	college_a	consulting_members	consulting_members	consulting_members	consulting_members	college_biatss	presidential_office	college_biatss	presidential_office	college_a	consulting_members	ext_members	consulting_members	ext_members	consulting_members	college_biatss	consulting_members	college_biatss	consulting_members	presidential_office	consulting_members	consulting_members	consulting_members	unknown	presidential_office	consulting_members	college_b	presidential_office	consulting_members	college_b	consulting_members	presidential_office	college_a	presidential_office	consulting_members	consulting_members	college_a	consulting_members	college_a	presidential_office	college_b	presidential_office	college_etudiant	presidential_office	consulting_members	ext_members	consulting_members	consulting_members	consulting_members	college_a	consulting_members	consulting_members	college_a	consulting_members	unknown	consulting_members	college_b	presidential_office	consulting_members	college_a	college_a	presidential_office	consulting_members	unknown	unknown	unknown	unknown	college_a	unknown	unknown	consulting_members	consulting_members	presidential_office	consulting_members	presidential_office	consulting_members	presidential_office	college_b	presidential_office	college_biatss	presidential_office	college_a	presidential_office	college_a	presidential_office	college_a	consulting_members	presidential_office	consulting_members	college_b	consulting_members	college_b	presidential_office	consulting_members	college_b	college_b	presidential_office	consulting_members	presidential_office	ext_members	presidential_office	consulting_members	college_a	college_b	presidential_office	unknown	consulting_members	college_biatss	consulting_members	college_biatss	consulting_members	unknown	consulting_members	consulting_members	consulting_members	college_b	consulting_members	college_b	consulting_members	college_a	consulting_members	college_b	consulting_members	college_b	consulting_members	unknown	consulting_members	college_b	consulting_members	unknown	unknown	presidential_office																																																																																	
weban-upn_PV_CA_2015-07-06_TEI	presidential_office	presidential_office	unknown	presidential_office	college_a	college_biatss	presidential_office	college_biatss	presidential_office	college_a	presidential_office	college_a	college_biatss	presidential_office	college_b	presidential_office	college_b	presidential_office	college_biatss	presidential_office	college_biatss	presidential_office	ext_members	college_biatss	presidential_office	college_biatss	college_a	college_b	college_a	presidential_office	college_b	college_a	college_b	presidential_office	college_biatss	presidential_office	presidential_office	consulting_members	consulting_members	consulting_members	college_biatss	consulting_members	presidential_office	consulting_members	college_b	presidential_office	college_b	consulting_members	consulting_members	consulting_members	consulting_members	college_a	consulting_members	college_biatss	consulting_members	presidential_office	college_b	unknown	consulting_members	college_biatss	consulting_members	presidential_office	college_biatss	consulting_members	consulting_members	presidential_office	college_biatss	presidential_office	consulting_members	unknown	presidential_office	college_biatss	presidential_office	college_biatss	presidential_office	consulting_members	college_b	presidential_office	college_biatss	consulting_members	college_a	presidential_office	unknown	unknown	consulting_members	consulting_members	consulting_members	unknown	consulting_members	college_a	consulting_members	unknown	presidential_office	consulting_members	presidential_office	consulting_members	presidential_office	college_biatss	unknown	consulting_members	unknown	consulting_members	unknown	presidential_office	unknown	consulting_members	consulting_members	presidential_office	college_biatss	presidential_office	unknown	consulting_members	unknown	consulting_members	unknown	consulting_members	unknown	unknown	unknown	unknown	unknown	presidential_office																																																																																																																																			
weban-upn_PV_CA_2015-09-28_TEI	presidential_office	presidential_office	presidential_office	unknown	unknown	consulting_members	presidential_office	consulting_members	college_a	consulting_members	college_a	college_b	presidential_office	college_biatss	presidential_office	college_a	consulting_members	presidential_office	consulting_members	consulting_members	unknown	consulting_members	ext_members	consulting_members	presidential_office	consulting_members	presidential_office	college_biatss	presidential_office	college_biatss	consulting_members	unknown	presidential_office	college_a	consulting_members	college_b	presidential_office	consulting_members	college_b	consulting_members	college_b	consulting_members	consulting_members	presidential_office	college_b	consulting_members	presidential_office	consulting_members	college_b	presidential_office	unknown	presidential_office	consulting_members	college_b	consulting_members	presidential_office	college_biatss	presidential_office	presidential_office	ext_members	college_b	college_b	presidential_office	college_a	presidential_office	college_b	college_biatss	consulting_members	consulting_members	college_b	presidential_office	college_b	college_a	presidential_office	college_b	presidential_office	unknown	presidential_office	consulting_members	ext_members	consulting_members	presidential_office	college_biatss	college_b	presidential_office	unknown	unknown	consulting_members	unknown	ext_members	consulting_members	presidential_office	consulting_members	college_b	consulting_members	college_biatss	presidential_office	consulting_members	consulting_members	college_biatss	consulting_members	college_a	unknown	consulting_members	college_b	consulting_members	consulting_members	college_biatss	consulting_members	consulting_members	college_biatss	consulting_members	college_biatss	consulting_members	consulting_members	college_biatss	consulting_members	college_biatss	consulting_members	college_b	presidential_office	consulting_members	college_a	consulting_members	presidential_office	college_biatss	consulting_members	college_biatss	consulting_members	presidential_office	consulting_members	college_biatss	consulting_members	college_biatss	presidential_office	consulting_members	college_a	consulting_members	presidential_office	college_a	presidential_office	college_a	consulting_members	college_a	consulting_members	college_a	unknown	presidential_office																																																																																																									
weban-upn_PV_CA_2015-10-19_TEI	presidential_office	presidential_office	consulting_members	unknown	presidential_office	college_b	presidential_office	college_b	consulting_members	college_b	consulting_members	college_b	consulting_members	ext_members	presidential_office	unknown	consulting_members	unknown	presidential_office	consulting_members	college_b	presidential_office	college_biatss	presidential_office	college_a	presidential_office	consulting_members	presidential_office	college_biatss	college_a	consulting_members	unknown	presidential_office	unknown	consulting_members	unknown	presidential_office	college_biatss	presidential_office	college_biatss	college_a	presidential_office	consulting_members	presidential_office	consulting_members	college_b	ext_members	presidential_office	unknown	presidential_office	ext_members	presidential_office	unknown	consulting_members	college_b	consulting_members	college_b	consulting_members	college_biatss	consulting_members	college_b	consulting_members	college_a	consulting_members	college_a	consulting_members	consulting_members	consulting_members	consulting_members	college_a	consulting_members	college_a	presidential_office	consulting_members	presidential_office	consulting_members	unknown	consulting_members	unknown	consulting_members	unknown	unknown	unknown	presidential_office																																																																																																																																																																									
weban-upn_PV_CA_2015-11-23_TEI	presidential_office	unknown	presidential_office	college_b	unknown	presidential_office	consulting_members	presidential_office	college_a	presidential_office	college_b	presidential_office	unknown	consulting_members	college_a	college_b	presidential_office	college_biatss	presidential_office	college_biatss	presidential_office	unknown	consulting_members	consulting_members	college_b	consulting_members	consulting_members	ext_members	unknown	presidential_office	college_b	presidential_office	consulting_members	college_b	consulting_members	consulting_members	college_a	presidential_office	college_b	consulting_members	consulting_members	consulting_members	consulting_members	college_biatss	consulting_members	presidential_office	consulting_members	consulting_members	consulting_members	consulting_members	consulting_members	presidential_office	college_b	presidential_office	consulting_members	college_b	presidential_office	college_a	college_biatss	presidential_office	college_biatss	presidential_office	unknown	presidential_office	consulting_members	presidential_office	unknown	college_a	consulting_members	college_a	college_biatss	consulting_members	college_biatss	consulting_members	presidential_office	unknown	presidential_office	college_b	consulting_members	presidential_office	college_biatss	consulting_members	college_biatss	consulting_members	college_a	presidential_office	college_biatss	college_a	unknown	consulting_members	unknown	college_a	consulting_members	unknown	consulting_members	unknown	unknown	presidential_office	college_a	presidential_office	college_biatss	presidential_office	consulting_members	college_biatss	college_a	presidential_office	unknown	unknown	consulting_members	consulting_members	unknown	unknown	unknown	unknown	presidential_office																																																																																																																																										
weban-upn_PV_CA_2016-02-25_TEI	unknown	presidential_office	consulting_members	consulting_members	consulting_members	consulting_members	consulting_members	consulting_members	college_a	consulting_members	college_a	consulting_members	college_biatss	presidential_office	ext_members	consulting_members	consulting_members	ext_members	consulting_members	presidential_office	consulting_members	presidential_office	unknown	unknown																																																																																																																																																																																																																																					
weban-upn_PV_CA_2016-04-04_TEI	unknown	presidential_office	presidential_office	college_biatss	presidential_office	college_a	ext_members	presidential_office	unknown	college_etudiant	college_etudiant	college_etudiant	presidential_office	college_etudiant	presidential_office	college_etudiant	presidential_office	college_etudiant	presidential_office	college_etudiant	presidential_office	college_etudiant	college_etudiant	presidential_office	college_a	presidential_office	college_a	presidential_office	college_biatss	presidential_office	college_biatss	presidential_office	college_biatss	presidential_office	college_biatss	presidential_office	college_a	presidential_office	college_a	presidential_office	unknown	presidential_office	presidential_office	college_etudiant	presidential_office	unknown																																																																																																																																																																																																															
weban-upn_PV_CA_2016-04-18_TEI	presidential_office	presidential_office	presidential_office	consulting_members	presidential_office	consulting_members	college_etudiant	consulting_members	college_etudiant	consulting_members	presidential_office	consulting_members	unknown	presidential_office	college_etudiant	presidential_office	ext_members	college_a	unknown	unknown	unknown	unknown	presidential_office	college_biatss	presidential_office	college_a	presidential_office	college_b	consulting_members	presidential_office	college_b	presidential_office	college_biatss	college_b	college_biatss	college_etudiant	college_a	presidential_office	consulting_members	college_biatss	presidential_office	college_biatss	college_biatss	college_biatss	college_a	ext_members	presidential_office	college_b	presidential_office	unknown	ext_members	college_a	unknown	unknown	college_b	college_b	unknown	unknown	college_b	unknown	college_biatss	college_biatss	unknown	college_a	presidential_office	unknown	unknown	college_biatss	unknown	college_etudiant	unknown	college_etudiant	unknown	unknown	presidential_office	college_a	college_biatss	college_etudiant	college_etudiant	consulting_members	college_etudiant	presidential_office	unknown	unknown	presidential_office	unknown	presidential_office	unknown	presidential_office	unknown	presidential_office	college_b	college_a	presidential_office	college_a	college_etudiant	college_biatss	presidential_office	unknown	college_b	unknown	unknown	presidential_office	unknown	presidential_office	college_b	college_biatss	consulting_members	college_etudiant	consulting_members	college_etudiant	college_etudiant	college_etudiant	presidential_office	unknown	presidential_office	unknown	unknown	presidential_office	college_a	presidential_office	college_a	consulting_members	college_a	presidential_office	college_biatss	presidential_office	consulting_members	college_biatss	college_etudiant	presidential_office	college_biatss	consulting_members	college_etudiant	consulting_members	presidential_office	college_etudiant	college_a	college_a	college_biatss	consulting_members	unknown	unknown	unknown	unknown	unknown	unknown	presidential_office	college_a	presidential_office	college_etudiant	college_etudiant	presidential_office	college_b	college_biatss	college_b	consulting_members	unknown	unknown	presidential_office	unknown	presidential_office	college_b	college_b	college_a	presidential_office	college_etudiant	college_biatss	presidential_office	unknown	unknown	unknown	unknown	unknown	presidential_office	consulting_members	college_etudiant	college_etudiant	college_etudiant	unknown	presidential_office	unknown	presidential_office																																																																						
weban-upn_PV_CA_2016-05-23_TEI	presidential_office	presidential_office	consulting_members	presidential_office	college_b	consulting_members	presidential_office	college_biatss	presidential_office	college_biatss	college_a	consulting_members	college_a	presidential_office	college_biatss	presidential_office	presidential_office	consulting_members	consulting_members	consulting_members	presidential_office	consulting_members	college_a	presidential_office	college_biatss	presidential_office	college_biatss	college_biatss	consulting_members	consulting_members	ext_members	presidential_office	ext_members	consulting_members	presidential_office	college_a	consulting_members	college_b	presidential_office	consulting_members	consulting_members	college_a	consulting_members	presidential_office	unknown	unknown	unknown	unknown	unknown	college_b	college_biatss	college_b	college_biatss	college_a	college_biatss	college_a	college_b	ext_members	presidential_office	ext_members	college_b	ext_members	college_b	college_b	college_biatss	presidential_office	unknown	consulting_members	consulting_members	presidential_office	college_biatss	consulting_members	ext_members	consulting_members	presidential_office	consulting_members	presidential_office	unknown	presidential_office	college_a	presidential_office	college_biatss	consulting_members	college_biatss	presidential_office	college_biatss	presidential_office	college_a	presidential_office	college_biatss	presidential_office	college_a	presidential_office	college_biatss	presidential_office	unknown	unknown	presidential_office	presidential_office	ext_members	unknown	ext_members	unknown	ext_members	unknown	unknown	unknown	college_a	unknown	college_biatss	unknown	consulting_members	college_a	consulting_members	unknown	unknown	presidential_office	consulting_members	presidential_office	consulting_members	college_biatss	consulting_members	college_biatss	consulting_members	college_biatss	consulting_members	unknown	consulting_members	unknown	presidential_office																																																																																																																											
weban-upn_PV_CA_2016-06-20_TEI	presidential_office	presidential_office	unknown	presidential_office	college_biatss	presidential_office	college_a	presidential_office	college_a	presidential_office	consulting_members	presidential_office	consulting_members	consulting_members	presidential_office	college_a	presidential_office	ext_members	college_biatss	presidential_office	college_biatss	consulting_members	college_a	presidential_office	college_b	presidential_office	college_b	consulting_members	college_etudiant	unknown	presidential_office	college_biatss	college_biatss	college_a	college_biatss	college_biatss	consulting_members	college_a	college_a	presidential_office	consulting_members	college_a	college_biatss	unknown	unknown	unknown	ext_members	unknown	unknown	unknown	unknown	unknown	unknown	college_biatss	presidential_office	consulting_members	presidential_office	unknown	unknown	consulting_members	consulting_members	consulting_members	consulting_members	consulting_members	consulting_members	consulting_members	unknown	consulting_members	consulting_members	college_biatss	consulting_members	college_etudiant	consulting_members	consulting_members	college_biatss	consulting_members	consulting_members	consulting_members	unknown	college_biatss	presidential_office	consulting_members	college_a	college_biatss	presidential_office	unknown	college_a	presidential_office	consulting_members	presidential_office	college_etudiant	presidential_office	consulting_members	college_b	presidential_office	presidential_office																																																																																																																																																													
weban-upn_PV_CA_2016-07-11_TEI	unknown	presidential_office	college_etudiant	presidential_office	unknown	college_biatss	presidential_office	unknown	presidential_office	college_a	presidential_office	college_biatss	presidential_office	presidential_office	college_etudiant	consulting_members	consulting_members	presidential_office	college_etudiant	presidential_office	college_etudiant	presidential_office	college_etudiant	consulting_members	college_biatss	presidential_office	college_biatss	presidential_office	consulting_members	college_a	presidential_office	college_b	consulting_members	presidential_office	college_b	presidential_office	unknown	consulting_members	college_a	consulting_members	unknown	consulting_members	college_b	presidential_office	consulting_members	college_b	presidential_office	college_biatss	college_biatss	presidential_office	college_biatss	consulting_members	college_biatss	college_b	college_a	college_biatss	consulting_members	consulting_members	unknown	college_biatss	consulting_members	consulting_members	consulting_members	college_biatss	consulting_members	college_a	consulting_members	college_a	presidential_office	consulting_members	college_b	college_b	unknown	consulting_members	consulting_members	college_biatss	consulting_members	consulting_members	ext_members	unknown	consulting_members	college_biatss	presidential_office	consulting_members	college_b	unknown	consulting_members	college_etudiant	consulting_members	unknown	presidential_office	unknown	unknown	college_biatss	college_biatss	college_biatss	unknown	unknown	unknown	unknown	unknown	college_biatss	presidential_office	college_biatss	presidential_office	college_biatss	presidential_office	unknown	college_etudiant	presidential_office	consulting_members	college_etudiant	consulting_members	college_b	consulting_members	college_a	consulting_members	college_biatss	consulting_members	college_a	consulting_members	presidential_office	consulting_members	college_biatss	unknown	consulting_members	presidential_office	unknown	consulting_members	consulting_members	presidential_office	college_b	consulting_members	college_b	consulting_members	college_biatss	consulting_members	college_biatss	consulting_members	college_biatss	unknown	college_etudiant	presidential_office	college_etudiant	presidential_office	college_etudiant	presidential_office	college_etudiant	presidential_office	college_etudiant	presidential_office	college_etudiant	presidential_office	college_etudiant	presidential_office	consulting_members	college_etudiant	consulting_members	college_a	college_etudiant	presidential_office	college_biatss	presidential_office	unknown																																																																																									
weban-upn_PV_CA_2016-09-26_TEI	unknown	presidential_office	college_biatss	presidential_office	unknown	college_biatss	consulting_members	college_biatss	presidential_office	consulting_members	college_biatss	consulting_members	presidential_office	presidential_office	consulting_members	consulting_members	consulting_members	college_a	consulting_members	college_a	consulting_members	consulting_members	college_a	consulting_members	presidential_office	college_a	consulting_members	college_a	consulting_members	college_a	consulting_members	college_biatss	consulting_members	college_b	consulting_members	presidential_office	college_a	consulting_members	college_a	consulting_members	consulting_members	consulting_members	consulting_members	consulting_members	college_a	college_biatss	consulting_members	presidential_office	college_a	consulting_members	consulting_members	college_biatss	consulting_members	presidential_office	consulting_members	college_biatss	consulting_members	college_biatss	presidential_office	college_biatss	consulting_members	college_biatss	consulting_members	presidential_office	unknown	consulting_members	college_b	consulting_members	presidential_office	college_biatss	presidential_office	college_biatss	presidential_office	consulting_members	college_a	consulting_members	college_a	consulting_members	college_a	presidential_office	college_biatss	presidential_office	college_a	presidential_office	college_a	presidential_office	consulting_members	unknown	consulting_members	college_a	presidential_office	consulting_members	college_b	college_biatss	college_b	consulting_members	college_b	presidential_office	consulting_members	college_biatss	consulting_members	college_biatss	presidential_office	consulting_members	college_biatss	consulting_members	consulting_members	presidential_office	unknown	consulting_members	presidential_office	unknown	unknown	unknown	college_biatss	unknown	unknown	unknown	unknown	unknown	consulting_members	presidential_office	college_a	presidential_office	college_a	presidential_office	college_a	consulting_members	presidential_office	college_a	presidential_office	college_b	college_a	presidential_office	college_a	presidential_office	college_a	consulting_members	consulting_members	college_biatss	consulting_members	college_biatss	consulting_members	college_biatss	consulting_members	college_biatss	consulting_members	college_biatss	college_a	college_biatss	presidential_office	college_biatss	consulting_members	consulting_members	unknown	unknown																																																																																																	
weban-upn_PV_CA_2016-10-24_TEI	unknown	college_biatss	presidential_office	consulting_members	unknown	presidential_office	college_b	presidential_office	college_a	presidential_office	college_b	presidential_office	college_biatss	presidential_office	college_biatss	presidential_office	college_biatss	presidential_office	college_biatss	presidential_office	ext_members	presidential_office	ext_members	college_a	presidential_office	college_biatss	consulting_members	presidential_office	college_biatss	presidential_office	college_biatss	consulting_members	presidential_office	unknown	presidential_office	college_biatss	presidential_office	college_biatss	presidential_office	college_biatss	presidential_office	college_biatss	consulting_members	college_biatss	presidential_office	college_biatss	consulting_members	presidential_office	college_biatss	consulting_members	college_biatss	consulting_members	consulting_members	college_b	college_biatss	consulting_members	consulting_members	college_a	presidential_office	presidential_office	college_biatss	college_biatss	presidential_office	consulting_members	college_a	presidential_office	consulting_members	college_a	college_biatss	presidential_office	college_biatss	presidential_office	college_b	presidential_office	college_b	presidential_office	college_b	presidential_office	college_biatss	presidential_office	college_biatss	presidential_office	college_a	presidential_office	consulting_members	consulting_members	presidential_office	consulting_members	college_b	consulting_members	presidential_office	college_a	consulting_members	college_biatss	consulting_members	ext_members	consulting_members	unknown	presidential_office	consulting_members	consulting_members	college_biatss	consulting_members	unknown	presidential_office	college_biatss	presidential_office	college_biatss	presidential_office	college_biatss	consulting_members	consulting_members	college_biatss	unknown	unknown	unknown	unknown	unknown	unknown	unknown	unknown	unknown	presidential_office	consulting_members	college_biatss	consulting_members	presidential_office	consulting_members	college_biatss	presidential_office	consulting_members	presidential_office	consulting_members	presidential_office	college_biatss	consulting_members	presidential_office	unknown	unknown	unknown																																																																																																																	
weban-upn_PV_CA_2016-11-21_TEI	unknown	unknown	presidential_office	college_a	presidential_office	college_a	presidential_office	consulting_members	presidential_office	consulting_members	college_biatss	consulting_members	consulting_members	consulting_members	college_a	consulting_members	college_biatss	consulting_members	college_biatss	consulting_members	consulting_members	college_a	consulting_members	college_b	consulting_members	presidential_office	college_biatss	presidential_office	consulting_members	presidential_office	unknown	presidential_office	college_biatss	presidential_office	college_biatss	presidential_office	college_a	presidential_office	college_biatss	consulting_members	college_biatss	consulting_members	consulting_members	college_biatss	college_a	presidential_office	consulting_members	presidential_office	ext_members	presidential_office	consulting_members	consulting_members	college_biatss	consulting_members	college_a	presidential_office	college_a	presidential_office	consulting_members	college_a	consulting_members	college_a	consulting_members	consulting_members	college_biatss	presidential_office	college_a	presidential_office	college_biatss	college_a	presidential_office	college_biatss	consulting_members	presidential_office	consulting_members	college_biatss	college_biatss	consulting_members	consulting_members	college_a	consulting_members	college_biatss	ext_members	consulting_members	college_a	consulting_members	presidential_office	unknown	unknown	unknown	unknown	unknown	unknown	unknown	unknown	unknown	unknown	consulting_members	unknown	unknown																																																																																																																																																									
weban-upn_PV_CA_2016-12-12_TEI	unknown	presidential_office	unknown	presidential_office	unknown	presidential_office	college_biatss	presidential_office	college_b	presidential_office	college_b	presidential_office	college_b	college_biatss	presidential_office	college_b	presidential_office	college_a	presidential_office	college_a	college_etudiant	presidential_office	college_b	presidential_office	college_b	college_a	presidential_office	unknown	unknown	consulting_members	presidential_office	college_a	consulting_members	college_a	college_biatss	presidential_office	college_a	presidential_office	college_a	presidential_office	college_a	consulting_members	college_a	presidential_office	consulting_members	college_a	consulting_members	college_a	consulting_members	presidential_office	college_etudiant	presidential_office	college_biatss	consulting_members	college_biatss	consulting_members	college_a	presidential_office	college_biatss	consulting_members	college_biatss	presidential_office	college_biatss	presidential_office	unknown	presidential_office	consulting_members	consulting_members	unknown	presidential_office	college_b	unknown	presidential_office	consulting_members	consulting_members	presidential_office	college_b	presidential_office	unknown	consulting_members	unknown	presidential_office	unknown	unknown	presidential_office	unknown	college_biatss	presidential_office	college_biatss	presidential_office	college_b	presidential_office	college_a	presidential_office	college_a	presidential_office	college_a	presidential_office	consulting_members	college_a	presidential_office	college_a	presidential_office	consulting_members	presidential_office	consulting_members	presidential_office	college_biatss	presidential_office	college_biatss	presidential_office	college_a	presidential_office	college_etudiant	presidential_office	college_biatss	college_b	presidential_office	college_b	presidential_office	college_a	presidential_office	college_b	presidential_office	college_a	presidential_office	college_b	presidential_office	college_b	presidential_office	college_a	unknown	presidential_office	college_biatss	presidential_office	college_biatss	presidential_office	college_b	presidential_office	college_a	college_b	presidential_office	college_a	college_biatss	consulting_members	college_biatss	college_biatss	consulting_members	consulting_members	college_a	consulting_members	presidential_office	consulting_members	presidential_office	consulting_members	college_biatss	consulting_members	college_biatss	presidential_office	college_a	presidential_office	consulting_members	consulting_members	presidential_office	college_a	presidential_office	college_biatss	presidential_office	college_a	presidential_office	college_biatss	presidential_office	college_biatss	presidential_office	consulting_members	college_biatss	college_b	presidential_office	unknown	consulting_members	college_biatss	consulting_members	consulting_members	consulting_members	unknown	unknown	unknown	unknown	unknown	unknown	unknown	unknown	unknown	unknown	consulting_members	unknown	consulting_members	college_biatss	consulting_members	college_biatss	consulting_members	consulting_members	college_a	consulting_members	unknown	unknown	unknown																																														
weban-upn_PV_CA_2017-01-30_TEI	unknown	presidential_office	unknown	presidential_office	consulting_members	college_a	consulting_members	college_a	consulting_members	college_a	consulting_members	college_a	college_etudiant	consulting_members	college_etudiant	presidential_office	consulting_members	college_a	consulting_members	consulting_members	unknown	college_b	presidential_office	college_b	consulting_members	college_a	consulting_members	consulting_members	college_biatss	consulting_members	presidential_office	consulting_members	college_biatss	presidential_office	consulting_members	presidential_office	college_biatss	presidential_office	consulting_members	college_a	presidential_office	consulting_members	college_a	presidential_office	college_a	presidential_office	consulting_members	presidential_office	consulting_members	presidential_office	unknown	consulting_members	college_biatss	consulting_members	presidential_office	college_biatss	consulting_members	presidential_office	consulting_members	college_a	consulting_members	college_a	consulting_members	college_a	consulting_members	college_biatss	presidential_office	consulting_members	college_biatss	presidential_office	college_biatss	presidential_office	unknown	presidential_office	consulting_members	college_a	presidential_office	college_a	consulting_members	presidential_office	college_etudiant	presidential_office	ext_members	college_biatss	presidential_office	consulting_members	college_biatss	presidential_office	college_a	presidential_office	college_biatss	presidential_office	consulting_members	presidential_office	unknown	presidential_office	unknown	ext_members	presidential_office	unknown	unknown	unknown	college_b	presidential_office	unknown	unknown	unknown	unknown	unknown	unknown	unknown	consulting_members	college_a	college_biatss	consulting_members	college_biatss	ext_members	consulting_members	college_biatss	consulting_members	consulting_members	college_a	consulting_members	college_biatss	college_b	consulting_members	unknown	college_biatss	consulting_members	consulting_members	college_biatss	consulting_members	college_b	consulting_members	college_etudiant	consulting_members	college_etudiant	presidential_office	college_biatss	college_a	college_b	college_etudiant	college_etudiant	consulting_members	college_etudiant	consulting_members	presidential_office	consulting_members	college_etudiant	consulting_members	college_a	consulting_members	college_biatss	consulting_members	college_etudiant	consulting_members	college_etudiant	consulting_members	college_etudiant	presidential_office	unknown	college_b	consulting_members	presidential_office	consulting_members	college_a	presidential_office	college_a	presidential_office	consulting_members	presidential_office	college_b	consulting_members	presidential_office	unknown	presidential_office	unknown	presidential_office	unknown	consulting_members	consulting_members	college_biatss	consulting_members	college_biatss	unknown	presidential_office	unknown																																																																		
weban-upn_PV_CA_2017-02-27_TEI	unknown	presidential_office	presidential_office	college_biatss	presidential_office	college_a	presidential_office	college_a	presidential_office	presidential_office	consulting_members	college_biatss	consulting_members	college_biatss	college_a	presidential_office	college_a	presidential_office	consulting_members	college_biatss	college_a	college_a	presidential_office	presidential_office	consulting_members	presidential_office	college_a	unknown	presidential_office	consulting_members	presidential_office	college_biatss	consulting_members	unknown	unknown	presidential_office	presidential_office	consulting_members	presidential_office	ext_members	unknown	unknown	consulting_members	college_biatss	consulting_members	college_biatss	consulting_members	college_a	consulting_members	college_a	presidential_office	college_a	presidential_office	college_a	consulting_members	college_biatss	consulting_members	college_biatss	presidential_office	unknown	consulting_members	presidential_office	college_b	consulting_members	college_b	consulting_members	college_b	consulting_members	college_b	consulting_members	presidential_office	unknown	presidential_office	unknown	unknown	unknown	unknown	college_b	unknown	unknown	college_etudiant	presidential_office	college_biatss	college_etudiant	presidential_office	unknown	presidential_office	unknown	consulting_members	college_a	consulting_members	college_a	consulting_members	consulting_members	college_biatss	consulting_members	presidential_office	consulting_members	consulting_members	consulting_members	college_a	consulting_members	consulting_members	unknown	college_a	unknown	college_a	unknown	unknown	unknown	unknown	unknown	unknown	consulting_members	college_a	unknown	unknown	college_biatss	consulting_members	college_biatss	consulting_members	consulting_members	unknown	unknown	unknown	unknown	college_biatss	consulting_members	college_biatss	consulting_members	college_a	consulting_members	consulting_members	unknown	unknown																																																																																																																						
weban-upn_PV_CA_2017-03-29_TEI	unknown	presidential_office	college_etudiant	presidential_office	college_etudiant	presidential_office	college_etudiant	presidential_office	college_etudiant	presidential_office	consulting_members	college_etudiant	consulting_members	college_etudiant	presidential_office	college_etudiant	college_a	consulting_members	college_a	college_etudiant	consulting_members	college_etudiant	consulting_members	college_a	presidential_office	consulting_members	college_etudiant	consulting_members	college_etudiant	consulting_members	college_etudiant	consulting_members	college_biatss	presidential_office	consulting_members	college_biatss	presidential_office	college_b	college_a	college_etudiant	college_a	presidential_office	unknown	unknown	consulting_members	consulting_members	presidential_office	consulting_members	consulting_members	college_b	presidential_office	college_etudiant	presidential_office	consulting_members	consulting_members	college_biatss	presidential_office	consulting_members	college_a	presidential_office	unknown	unknown	presidential_office	unknown	presidential_office	consulting_members	college_biatss	consulting_members	consulting_members	presidential_office	college_a	consulting_members	college_a	consulting_members	presidential_office	consulting_members	consulting_members	college_a	consulting_members	unknown	presidential_office	college_b	college_a	presidential_office	consulting_members	college_a	presidential_office	college_biatss	presidential_office	college_b	presidential_office	college_a	presidential_office	college_a	presidential_office	college_a	consulting_members	unknown	presidential_office	consulting_members	college_a	college_biatss	college_a	unknown	unknown	unknown	unknown	unknown	unknown	unknown	unknown	unknown	unknown	college_a	college_a	college_biatss	college_a	presidential_office	college_biatss	consulting_members	presidential_office	college_biatss	consulting_members	college_biatss	consulting_members	consulting_members	unknown	unknown																																																																																																																													
weban-upn_PV_CA_2017-06-12_TEI	unknown	presidential_office	college_etudiant	presidential_office	college_etudiant	presidential_office	consulting_members	presidential_office	consulting_members	ext_members	consulting_members	presidential_office	consulting_members	presidential_office	consulting_members	consulting_members	college_a	presidential_office	college_etudiant	presidential_office	college_etudiant	presidential_office	college_etudiant	presidential_office	college_etudiant	consulting_members	presidential_office	consulting_members	college_a	presidential_office	college_a	presidential_office	college_biatss	college_a	consulting_members	presidential_office	college_biatss	presidential_office	college_a	unknown	unknown	unknown	unknown																																																																																																																																																																																																																		
weban-upn_PV_CA_2017-07-03_TEI	unknown	presidential_office	college_a	presidential_office	presidential_office	college_b	presidential_office	unknown	college_a	consulting_members	presidential_office	college_a	consulting_members	unknown	unknown	unknown	consulting_members	presidential_office	presidential_office	college_a	presidential_office	unknown	college_a	college_a	college_a	college_a	college_a	college_a	presidential_office	consulting_members	presidential_office	consulting_members	presidential_office	college_biatss	consulting_members	college_biatss	presidential_office	college_biatss	consulting_members	college_biatss	consulting_members	presidential_office	ext_members	presidential_office	consulting_members	consulting_members	ext_members	consulting_members	consulting_members	unknown	unknown	unknown	presidential_office	consulting_members	unknown	unknown	unknown	presidential_office	consulting_members	consulting_members	presidential_office	college_a	college_a	presidential_office	unknown	unknown	unknown	presidential_office	college_biatss	presidential_office	college_a	presidential_office	college_b	consulting_members	college_biatss	ext_members	college_biatss	college_a	consulting_members	presidential_office	college_b	presidential_office	college_a	presidential_office	consulting_members	presidential_office	college_a	presidential_office	college_biatss	ext_members	presidential_office	consulting_members	college_a	presidential_office	college_b	college_b	consulting_members	college_b	presidential_office	consulting_members	college_a	presidential_office	college_b	presidential_office	college_a	ext_members	presidential_office	unknown	presidential_office	consulting_members	college_b	consulting_members	presidential_office	unknown	unknown	unknown	presidential_office	college_a	college_a	college_a	college_biatss	presidential_office	college_b	college_a	college_biatss	presidential_office	college_biatss	college_b	college_a	consulting_members	college_a	presidential_office	college_b	presidential_office	college_a	college_biatss	college_a	presidential_office	college_a	college_a	college_a	college_a	college_a	college_a	presidential_office	college_biatss	college_a	presidential_office	college_biatss	college_b	presidential_office	unknown	unknown	unknown	presidential_office	college_a	college_a	presidential_office	unknown	unknown	unknown	consulting_members	presidential_office	unknown	unknown	unknown	college_biatss	consulting_members	college_a	presidential_office	college_biatss	consulting_members	college_biatss	consulting_members	college_biatss	college_a	college_biatss	unknown	unknown	unknown	presidential_office	unknown	unknown	unknown																																																																					
weban-upn_PV_CA_2017-09-11_TEI	unknown	presidential_office	consulting_members	presidential_office	unknown	presidential_office	college_b	presidential_office	ext_members	presidential_office	college_a	presidential_office	college_etudiant	presidential_office	consulting_members	presidential_office	college_a	consulting_members	college_a	presidential_office	college_biatss	presidential_office	college_biatss	presidential_office	consulting_members	college_biatss	presidential_office	ext_members	college_a	consulting_members	college_a	presidential_office	college_etudiant	college_biatss	presidential_office	ext_members	presidential_office	college_b	consulting_members	college_b	presidential_office	college_biatss	presidential_office	ext_members	presidential_office	college_b	presidential_office	college_biatss	presidential_office	unknown	unknown	presidential_office	college_biatss	college_biatss	ext_members	ext_members	presidential_office	college_a	presidential_office	college_b	college_b	presidential_office	presidential_office	college_a	presidential_office	presidential_office	college_a	presidential_office	consulting_members	presidential_office	college_b	college_a	college_b	college_a	college_b	college_a	presidential_office	college_biatss	college_a	college_a	college_a	college_a	college_a	college_a	college_a	presidential_office	college_a	presidential_office	ext_members	college_a	college_biatss	presidential_office	college_biatss	presidential_office	college_biatss	presidential_office	consulting_members	college_biatss	college_biatss	college_a	college_biatss	consulting_members	college_b	college_biatss	presidential_office	presidential_office	college_biatss	college_b	presidential_office	college_a	presidential_office	college_a	presidential_office	consulting_members	ext_members	presidential_office	consulting_members	college_b	presidential_office	unknown	unknown	college_a	consulting_members	college_biatss	consulting_members	presidential_office	unknown	unknown	unknown																																																																																																																												
weban-upn_PV_CA_2017-09-25_TEI	unknown	presidential_office	presidential_office	college_biatss	presidential_office	presidential_office	presidential_office	college_biatss	college_biatss	presidential_office	consulting_members	college_biatss	presidential_office	college_biatss	presidential_office	college_a	presidential_office	presidential_office	college_biatss	presidential_office	unknown	unknown	unknown	college_a	college_biatss	presidential_office	college_biatss	college_biatss	presidential_office	unknown	unknown	unknown	unknown	unknown	unknown	college_a	college_biatss	presidential_office	college_biatss	consulting_members	college_a	unknown	college_a	unknown	unknown	unknown	unknown	unknown	unknown	unknown	presidential_office	college_a	presidential_office	college_biatss	presidential_office	consulting_members	college_biatss	consulting_members	college_biatss	consulting_members	college_b	presidential_office	unknown	unknown	unknown	college_a	unknown	unknown	presidential_office	college_a	unknown	presidential_office	college_a	presidential_office	unknown	unknown	unknown	presidential_office	college_a	presidential_office	presidential_office	consulting_members	consulting_members	presidential_office	consulting_members	presidential_office	presidential_office	college_a	college_a	presidential_office	college_a	college_a	presidential_office	consulting_members	college_a	presidential_office	college_a	college_a	college_a	college_a	college_a	college_a	college_a	college_a	presidential_office	college_biatss	college_a	college_biatss	college_etudiant	college_biatss	college_biatss	presidential_office	presidential_office	presidential_office	college_a	college_a	presidential_office	college_a	presidential_office	consulting_members	college_biatss	college_a	presidential_office	college_biatss	presidential_office	unknown	unknown	unknown	unknown	consulting_members	consulting_members	presidential_office	unknown	unknown	unknown	consulting_members	unknown	unknown	unknown	consulting_members	college_biatss	consulting_members	college_biatss	consulting_members	college_b	consulting_members	college_biatss	consulting_members	college_biatss	presidential_office	college_biatss	presidential_office	college_biatss	presidential_office	consulting_members	presidential_office	unknown	unknown	unknown	college_a	college_biatss	consulting_members	college_biatss	consulting_members	college_biatss	college_biatss	presidential_office	college_biatss	presidential_office	consulting_members	college_biatss	consulting_members	college_biatss	consulting_members	college_biatss	consulting_members	college_biatss	consulting_members	college_a	unknown	unknown	unknown	college_a	unknown	unknown	unknown	unknown																																																																		
weban-upn_PV_CA_2017-10-16_TEI	unknown	presidential_office	college_etudiant	presidential_office	college_etudiant	presidential_office	college_etudiant	ext_members	presidential_office	college_etudiant	presidential_office	presidential_office	unknown	presidential_office	unknown	unknown	unknown	presidential_office	consulting_members	college_a	consulting_members	college_a	college_a	college_biatss	consulting_members	presidential_office	college_biatss	consulting_members	college_biatss	college_biatss	consulting_members	college_biatss	college_b	presidential_office	college_biatss	presidential_office	college_biatss	presidential_office	college_b	presidential_office	college_biatss	consulting_members	presidential_office	consulting_members	college_biatss	consulting_members	college_biatss	presidential_office	college_a	college_a	college_a	college_biatss	college_a	presidential_office	consulting_members	college_a	college_a	college_b	presidential_office	college_biatss	college_a	college_biatss	consulting_members	college_biatss	college_a	unknown	unknown	unknown	unknown	unknown	unknown	unknown	unknown	unknown	unknown	unknown	unknown	college_a	college_etudiant	consulting_members	college_etudiant	presidential_office	college_biatss	college_a	college_biatss	college_a	college_a	college_a	college_a	college_a	college_a	presidential_office	college_biatss	college_a	consulting_members	college_a	unknown	presidential_office	college_a	presidential_office	college_a	presidential_office	college_a	consulting_members	presidential_office	presidential_office	unknown	presidential_office	college_biatss	unknown	college_biatss	unknown	presidential_office	college_a	unknown	presidential_office	consulting_members	presidential_office	consulting_members	college_biatss	consulting_members	college_a	consulting_members	consulting_members	college_a	consulting_members	presidential_office	college_a	presidential_office	consulting_members	consulting_members	college_a	consulting_members	college_a	consulting_members	college_a	consulting_members	college_b	consulting_members	college_b	consulting_members	presidential_office	consulting_members	college_etudiant	consulting_members	presidential_office	college_etudiant	consulting_members	consulting_members	college_biatss	consulting_members	presidential_office	unknown	unknown	college_a	unknown	unknown	unknown	unknown	unknown	unknown																																																																																												
weban-upn_PV_CA_2017-11-13_TEI	unknown	presidential_office	presidential_office	presidential_office	consulting_members	presidential_office	college_biatss	presidential_office	college_a	presidential_office	college_b	presidential_office	college_biatss	presidential_office	college_etudiant	college_biatss	college_a	presidential_office	presidential_office	unknown	unknown	unknown	presidential_office	college_a	college_a	presidential_office	college_a	presidential_office	college_biatss	college_b	college_a	college_b	college_a	college_biatss	college_biatss	presidential_office	college_a	consulting_members	presidential_office	college_b	consulting_members	presidential_office	college_a	presidential_office	college_biatss	college_biatss	consulting_members	college_biatss	presidential_office	college_a	presidential_office	presidential_office	unknown	presidential_office	unknown	unknown	college_a	unknown	college_biatss	unknown	college_a	unknown	college_biatss	unknown	presidential_office	unknown	unknown	unknown	presidential_office	college_a	presidential_office	college_a	presidential_office	college_a	presidential_office	college_a	presidential_office	college_biatss	presidential_office	consulting_members	unknown	college_b	presidential_office	college_biatss	presidential_office	college_biatss	presidential_office	unknown	unknown	unknown	consulting_members	college_a	consulting_members	college_a	college_biatss	consulting_members	college_biatss	consulting_members	college_biatss	consulting_members	college_a	college_biatss	college_a	consulting_members	unknown	unknown	unknown	college_a	college_b	unknown	college_a	consulting_members	college_b	college_biatss	college_etudiant	consulting_members	college_etudiant	consulting_members	presidential_office	consulting_members	presidential_office	consulting_members	presidential_office	consulting_members	presidential_office	college_a	consulting_members	college_a	presidential_office	college_a	presidential_office	consulting_members	presidential_office	unknown	unknown	unknown	presidential_office	unknown	unknown	unknown	college_a	college_a	unknown	unknown	unknown	college_a	presidential_office	unknown	unknown	unknown	unknown																																																																																																						
weban-upn_PV_CA_2017-12-11_TEI	unknown	presidential_office	ext_members	presidential_office	presidential_office	consulting_members	presidential_office	college_a	presidential_office	college_etudiant	presidential_office	college_a	presidential_office	consulting_members	presidential_office	college_a	presidential_office	college_biatss	presidential_office	consulting_members	presidential_office	consulting_members	presidential_office	consulting_members	college_a	presidential_office	college_a	college_a	presidential_office	unknown	unknown	presidential_office	college_a	college_a	college_a	presidential_office	college_biatss	college_biatss	college_a	college_a	consulting_members	presidential_office	college_biatss	presidential_office	college_biatss	college_a	presidential_office	college_etudiant	presidential_office	college_etudiant	presidential_office	college_b	college_a	college_biatss	presidential_office	college_a	unknown	unknown	unknown	unknown	unknown	unknown	unknown	presidential_office	college_etudiant	presidential_office	college_biatss	unknown	unknown	college_a	presidential_office	college_biatss	presidential_office	college_a	college_b	college_a	college_a	college_b	college_biatss	college_a	presidential_office	college_biatss	college_a	presidential_office	consulting_members	college_a	presidential_office	unknown	unknown	college_a	college_a	college_a	unknown	unknown	college_a	unknown	unknown	college_a	unknown	unknown	college_a	college_a	college_a	college_a	college_a	college_a	presidential_office	college_a	presidential_office	college_a	presidential_office	consulting_members	consulting_members	consulting_members	consulting_members	presidential_office	unknown	unknown	consulting_members	consulting_members	consulting_members	consulting_members	consulting_members	college_b	consulting_members	consulting_members	consulting_members	college_biatss	college_b	consulting_members	college_biatss	consulting_members	presidential_office	unknown	presidential_office	college_etudiant	unknown	college_a	unknown	presidential_office	unknown	unknown	presidential_office	presidential_office	consulting_members	presidential_office	consulting_members	unknown	unknown	presidential_office	consulting_members	consulting_members	college_biatss	consulting_members	presidential_office	college_etudiant	consulting_members	college_b	college_a	college_biatss	presidential_office	consulting_members	college_biatss	presidential_office	college_a	consulting_members	college_a	presidential_office	college_b	presidential_office	college_biatss	college_b	college_biatss	college_a	consulting_members	conseil	presidential_office	unknown	unknown	consulting_members	college_a	college_biatss	college_a	presidential_office	unknown	unknown	unknown	unknown	unknown																																																																
weban-upn_PV_CA_2018-01-22_TEI	unknown	presidential_office	consulting_members	unknown	presidential_office	unknown	unknown	college_a	presidential_office	consulting_members	presidential_office	college_a	presidential_office	college_a	presidential_office	college_b	presidential_office	college_a	presidential_office	college_a	presidential_office	unknown	unknown	consulting_members	consulting_members	college_a	consulting_members	college_a	consulting_members	presidential_office	unknown	unknown	presidential_office	consulting_members	consulting_members	presidential_office	college_a	college_a	college_a	presidential_office	consulting_members	consulting_members	consulting_members	college_a	consulting_members	presidential_office	college_biatss	presidential_office	college_etudiant	presidential_office	college_a	presidential_office	college_a	presidential_office	college_a	presidential_office	college_a	consulting_members	college_a	college_biatss	presidential_office	college_biatss	consulting_members	college_b	presidential_office	consulting_members	consulting_members	unknown	unknown	unknown	college_a	unknown	unknown	college_a	college_biatss	presidential_office	unknown	unknown	presidential_office	college_a	presidential_office	college_biatss	presidential_office	college_biatss	presidential_office	college_biatss	college_a	presidential_office	unknown	unknown	college_a	presidential_office	college_biatss	presidential_office	college_biatss	presidential_office	unknown	unknown	college_a	college_a	college_etudiant	college_a	college_biatss	consulting_members	unknown	unknown	college_a	presidential_office	college_a	presidential_office	college_biatss	college_a	presidential_office	college_a	presidential_office	college_a	presidential_office	consulting_members	consulting_members	presidential_office	consulting_members	presidential_office	consulting_members	presidential_office	college_biatss	college_biatss	consulting_members	college_biatss	consulting_members	college_biatss	consulting_members	college_etudiant	presidential_office	consulting_members	college_b	consulting_members	college_biatss	consulting_members	college_biatss	presidential_office	college_biatss	consulting_members	presidential_office	college_etudiant	presidential_office	college_biatss	consulting_members	college_biatss	consulting_members	college_a	presidential_office	unknown	unknown	consulting_members	college_etudiant	consulting_members	presidential_office	college_b	college_biatss	consulting_members	college_biatss	consulting_members	presidential_office	unknown	unknown	college_biatss	consulting_members	college_etudiant	consulting_members	college_etudiant	college_a	unknown	unknown	presidential_office	unknown	unknown	presidential_office	unknown	unknown	presidential_office	college_a	presidential_office	college_a	presidential_office	college_biatss	presidential_office	college_biatss	presidential_office	college_biatss	college_a	college_b	college_a	presidential_office	college_a	presidential_office	college_a	presidential_office	unknown	unknown	unknown																																																					
weban-upn_PV_CA_2018-03-12_TEI	unknown	presidential_office	presidential_office	consulting_members	presidential_office	college_biatss	presidential_office	college_biatss	presidential_office	consulting_members	presidential_office	presidential_office	college_a	presidential_office	unknown	presidential_office	college_etudiant	presidential_office	unknown	presidential_office	unknown	unknown	presidential_office	unknown	unknown	college_etudiant	presidential_office	college_etudiant	presidential_office	unknown	presidential_office	college_biatss	presidential_office	consulting_members	college_biatss	college_biatss	presidential_office	college_etudiant	presidential_office	presidential_office	college_biatss	college_a	presidential_office	college_biatss	presidential_office	college_a	unknown	unknown	presidential_office	presidential_office	consulting_members	unknown	unknown	unknown	presidential_office	college_a	college_b	consulting_members	college_biatss	ext_members	consulting_members	presidential_office	college_biatss	unknown	consulting_members	college_biatss	consulting_members	college_biatss	consulting_members	presidential_office	college_biatss	presidential_office	college_a	college_biatss	consulting_members	presidential_office	college_a	unknown	unknown	unknown	unknown	unknown	college_a	college_biatss	college_a	college_biatss	presidential_office	unknown	unknown	unknown	unknown	presidential_office	consulting_members	unknown	presidential_office	consulting_members	presidential_office	unknown	unknown	consulting_members	presidential_office	unknown	presidential_office	consulting_members	presidential_office	consulting_members	presidential_office	consulting_members	presidential_office	college_biatss	consulting_members	college_biatss	consulting_members	college_biatss	consulting_members	college_biatss	consulting_members	college_biatss	presidential_office	college_a	presidential_office	consulting_members	presidential_office	college_a	college_biatss	presidential_office	consulting_members	college_b	presidential_office	college_biatss	presidential_office	college_biatss	presidential_office	college_biatss	presidential_office	unknown	unknown	presidential_office	college_biatss	presidential_office	unknown	college_biatss	presidential_office	consulting_members	presidential_office	college_biatss	unknown	presidential_office	unknown	unknown	unknown	consulting_members	college_a	presidential_office	unknown	unknown	unknown	consulting_members	consulting_members	consulting_members	college_b	consulting_members	college_a	consulting_members	college_biatss	consulting_members	college_biatss	consulting_members	college_biatss	consulting_members	college_biatss	consulting_members	college_etudiant	presidential_office	college_etudiant	presidential_office	college_etudiant	presidential_office	college_etudiant	presidential_office	consulting_members	college_etudiant	presidential_office	college_biatss	consulting_members	presidential_office	college_biatss	presidential_office	consulting_members	college_a	unknown	unknown	unknown	college_biatss	consulting_members	presidential_office	unknown	unknown	unknown	unknown	unknown	unknown	unknown	unknown	unknown	unknown	unknown	consulting_members	consulting_members	consulting_members	presidential_office	presidential_office	presidential_office	presidential_office	unknown	unknown	presidential_office	unknown	unknown	unknown	unknown																																
weban-upn_PV_CA_2018-06-18_TEI	unknown	presidential_office	presidential_office	college_etudiant	presidential_office	college_etudiant	college_etudiant	presidential_office	unknown	college_a	college_biatss	college_etudiant	presidential_office	college_biatss	presidential_office	college_a	presidential_office	consulting_members	college_etudiant	consulting_members	ext_members	consulting_members	ext_members	consulting_members	ext_members	consulting_members	college_biatss	consulting_members	college_biatss	consulting_members	college_biatss	consulting_members	presidential_office	college_a	consulting_members	college_a	consulting_members	presidential_office	college_etudiant	consulting_members	college_etudiant	consulting_members	college_biatss	consulting_members	college_biatss	consulting_members	college_biatss	consulting_members	college_biatss	consulting_members	college_biatss	consulting_members	presidential_office	presidential_office	college_a	presidential_office	college_biatss	college_a	presidential_office	college_biatss	college_a	presidential_office	college_b	college_biatss	presidential_office	unknown	unknown	college_biatss	college_etudiant	college_biatss	presidential_office	consulting_members	ext_members	college_biatss	ext_members	consulting_members	ext_members	consulting_members	presidential_office	college_a	consulting_members	college_biatss	college_a	college_biatss	presidential_office	consulting_members	ext_members	college_a	presidential_office	unknown	unknown	college_a	college_b	consulting_members	ext_members	consulting_members	ext_members	consulting_members	ext_members	consulting_members	college_a	ext_members	presidential_office	consulting_members	ext_members	consulting_members	college_a	presidential_office	ext_members	presidential_office	unknown	college_a	college_etudiant	college_biatss	presidential_office	unknown	unknown	college_a	college_etudiant	presidential_office	unknown	unknown	college_a	college_etudiant	college_a	unknown	unknown	unknown	presidential_office	unknown	unknown	college_a	consulting_members	college_a	college_etudiant	college_a	college_etudiant	college_a	presidential_office	unknown	unknown	college_a	college_etudiant	unknown	unknown	presidential_office	unknown	unknown	college_a	unknown	unknown	college_a	presidential_office	unknown	unknown	college_a	presidential_office	unknown	unknown	unknown	college_a	unknown	presidential_office	college_a	presidential_office	college_biatss	unknown	presidential_office	college_a	unknown	presidential_office	unknown	college_a	unknown	college_biatss	unknown	college_biatss	unknown	college_a	presidential_office	unknown	college_a	unknown	college_biatss	unknown	college_biatss	consulting_members	college_b	consulting_members	college_a	consulting_members	college_b	presidential_office	unknown	unknown	presidential_office	unknown	unknown	presidential_office	consulting_members	college_a	consulting_members	presidential_office	college_a	presidential_office	college_a	presidential_office	consulting_members	college_a	consulting_members	college_biatss	consulting_members	presidential_office	unknown	unknown	presidential_office	college_biatss	presidential_office	consulting_members	presidential_office	college_biatss	presidential_office	unknown	unknown	presidential_office	college_etudiant	college_a	consulting_members	presidential_office	unknown	unknown	consulting_members	consulting_members	college_a	consulting_members	presidential_office	unknown	unknown	presidential_office														
weban-upn_PV_CA_2018-07-09_TEI	unknown	presidential_office	presidential_office	presidential_office	college_a	college_etudiant	college_a	unknown	college_etudiant	presidential_office	unknown	unknown	unknown	unknown	college_a	unknown	unknown	college_a	unknown	unknown	college_a	unknown	unknown	unknown	college_etudiant	college_a	college_a	presidential_office	college_a	presidential_office	college_etudiant	presidential_office	consulting_members	presidential_office	college_a	college_biatss	presidential_office	college_biatss	college_biatss	presidential_office	unknown	unknown	presidential_office	consulting_members	presidential_office	college_biatss	consulting_members	college_biatss	presidential_office	consulting_members	college_biatss	consulting_members	college_etudiant	college_b	consulting_members	college_b	presidential_office	college_biatss	consulting_members	college_biatss	consulting_members	college_biatss	consulting_members	presidential_office	college_a	ext_members	consulting_members	college_a	consulting_members	college_biatss	presidential_office	college_a	consulting_members	college_a	consulting_members	college_a	consulting_members	college_a	consulting_members	college_a	consulting_members	college_a	consulting_members	college_etudiant	consulting_members	college_a	consulting_members	college_biatss	consulting_members	college_biatss	consulting_members	college_biatss	consulting_members	presidential_office	consulting_members	college_b	college_b	college_biatss	consulting_members	college_a	consulting_members	presidential_office	consulting_members	unknown	unknown	consulting_members	college_a	presidential_office	college_a	college_biatss	college_a	consulting_members	college_biatss	consulting_members	presidential_office	college_biatss	presidential_office	unknown	unknown	college_biatss	consulting_members	college_biatss	consulting_members	college_a	college_b	college_b	presidential_office	college_a	unknown	consulting_members	unknown	presidential_office	unknown	presidential_office	college_biatss	unknown	college_biatss	presidential_office	unknown	presidential_office	unknown	college_biatss	presidential_office	college_a	presidential_office	college_a	presidential_office	unknown	presidential_office	consulting_members	presidential_office	consulting_members	presidential_office	unknown	unknown	consulting_members	presidential_office	college_a	consulting_members	presidential_office	unknown	unknown	presidential_office	consulting_members	presidential_office	college_biatss	college_a	presidential_office	consulting_members	presidential_office	college_biatss	consulting_members	college_biatss	consulting_members	presidential_office	college_a	presidential_office	consulting_members	college_a	presidential_office	college_biatss	consulting_members	presidential_office	consulting_members	college_biatss	consulting_members	college_biatss	consulting_members	college_biatss	consulting_members	college_biatss	consulting_members	college_biatss	unknown	unknown	presidential_office	college_biatss	presidential_office	consulting_members	unknown	unknown	consulting_members	presidential_office	college_biatss	consulting_members	college_etudiant	consulting_members	college_biatss	consulting_members	college_biatss	consulting_members	college_biatss	consulting_members	consulting_members	consulting_members	college_etudiant	consulting_members	college_a	consulting_members	consulting_members	college_a	presidential_office	consulting_members	consulting_members	presidential_office	unknown	unknown	consulting_members	college_biatss	consulting_members	consulting_members	consulting_members	college_a	consulting_members	unknown	unknown	college_a	college_a	college_a	consulting_members	college_biatss	college_biatss	college_a	consulting_members	presidential_office	unknown	unknown	presidential_office	unknown	unknown	unknown	unknown	presidential_office
weban-upn_PV_CA_2018-09-10_TEI	unknown	presidential_office	ext_members	presidential_office	presidential_office	other	other	other	other	other	presidential_office	consulting_members	presidential_office	consulting_members	consulting_members	presidential_office	college_etudiant	ext_members	college_etudiant	college_a	consulting_members	college_a	college_biatss	college_etudiant	presidential_office	college_etudiant	presidential_office	presidential_office	college_a	college_a	presidential_office	college_a	college_a	college_biatss	presidential_office	college_biatss	presidential_office	consulting_members	presidential_office	college_b	presidential_office	college_a	consulting_members	college_biatss	presidential_office	college_biatss	presidential_office	college_biatss	college_a	consulting_members	presidential_office	consulting_members	college_biatss	consulting_members	college_biatss	presidential_office	consulting_members	college_b	presidential_office	ext_members	presidential_office	college_a	presidential_office	college_a	college_a	college_a	college_a	presidential_office	unknown	unknown	unknown																																																																																																																																																																																						
weban-upn_PV_CA_2018-09-24_TEI	unknown	presidential_office	college_etudiant	presidential_office	unknown	college_etudiant	presidential_office	unknown	unknown	unknown	presidential_office	college_etudiant	presidential_office	college_a	presidential_office	college_biatss	presidential_office	college_etudiant	presidential_office	college_a	unknown	presidential_office	college_biatss	college_etudiant	presidential_office	college_etudiant	college_biatss	college_a	presidential_office	college_biatss	presidential_office	college_biatss	presidential_office	college_biatss	presidential_office	college_biatss	presidential_office	college_a	college_a	presidential_office	college_etudiant	college_biatss	presidential_office	college_biatss	college_biatss	college_a	ext_members	presidential_office	college_biatss	presidential_office	ext_members	presidential_office	college_b	presidential_office	college_biatss	presidential_office	college_a	college_biatss	presidential_office	unknown	unknown	college_etudiant	presidential_office	presidential_office	presidential_office	college_a	presidential_office	college_biatss	presidential_office	college_a	presidential_office	presidential_office	college_biatss	college_a	college_b	presidential_office	college_biatss	presidential_office	college_biatss	presidential_office	college_a	college_a	college_a	presidential_office	college_b	presidential_office	college_biatss	presidential_office	unknown	unknown	unknown	unknown	unknown	unknown	college_a	unknown	college_a	college_etudiant	unknown	college_a	college_a	college_etudiant	unknown	unknown	unknown	college_a	consulting_members	consulting_members	college_biatss	consulting_members	college_biatss	consulting_members	consulting_members	college_a	college_biatss	consulting_members	consulting_members	consulting_members	college_a	unknown	unknown	college_a	consulting_members	college_a	college_biatss	college_a	college_biatss	college_a	college_a	college_a	college_a	college_biatss	college_a	college_biatss	college_a	college_a	consulting_members	presidential_office	unknown	unknown	college_a	presidential_office	unknown	unknown	consulting_members	college_a	consulting_members	presidential_office	consulting_members	presidential_office	presidential_office	unknown	unknown	consulting_members	college_b	presidential_office	consulting_members	presidential_office	college_biatss	consulting_members	college_a	college_biatss	ext_members	consulting_members	presidential_office	college_b	consulting_members	college_b	consulting_members	presidential_office	presidential_office	college_a	college_a	consulting_members	presidential_office	unknown	unknown	consulting_members	college_a	consulting_members	unknown	unknown	presidential_office	college_biatss	college_biatss	college_a	college_biatss	college_a	college_biatss	presidential_office	college_a	college_a	college_biatss	college_a	college_biatss	college_biatss	college_a	college_a	college_a	presidential_office	unknown	unknown	college_a	college_a	consulting_members	college_a	presidential_office	unknown	unknown	unknown																																											
weban-upn_PV_CA_2018-10-15_TEI	unknown	presidential_office	unknown	unknown	presidential_office	college_a	college_a	unknown	unknown	unknown	college_a	college_biatss	consulting_members	college_biatss	unknown	unknown	unknown	unknown	unknown	unknown	college_a	college_a	college_a	college_a	college_a	presidential_office	college_a	college_biatss	college_a	consulting_members	presidential_office	college_a	college_a	presidential_office	unknown	unknown	unknown	unknown	unknown	unknown	presidential_office	presidential_office	college_biatss	consulting_members	consulting_members	college_a	unknown	unknown	consulting_members	college_a	consulting_members	unknown	unknown	consulting_members	presidential_office	college_a	consulting_members	college_a	consulting_members	college_a	unknown	unknown	consulting_members	presidential_office	unknown	unknown	consulting_members	presidential_office	unknown	unknown	unknown	consulting_members	consulting_members	presidential_office	unknown	college_a	college_b	unknown	consulting_members	presidential_office	unknown	unknown	college_a	college_b	consulting_members	college_a	consulting_members	college_biatss	college_a	college_a	college_a	college_a	presidential_office	college_a	presidential_office	college_biatss	presidential_office	unknown	unknown	unknown	college_a	consulting_members	unknown	unknown	presidential_office	presidential_office	unknown	consulting_members	unknown	presidential_office	college_biatss	presidential_office	college_biatss	presidential_office	presidential_office	college_a	presidential_office	presidential_office	consulting_members	presidential_office	college_a	college_b	presidential_office	consulting_members	college_biatss	consulting_members	college_a	college_b	college_a	unknown	college_a	college_a	college_a	consulting_members	college_a	consulting_members	consulting_members	consulting_members	college_a																																																																																																																		
